2026-07-19 17:00:00.000 UTC docker/supavisor[214]: [ERROR] pgbouncer: pool empty pool=primary role=app_user active=200 waiting=12 request_id=req-000001
2026-07-19 17:00:01.500 UTC app/api: INFO request_id=req-000002 method=GET path=/api/league/00000000-0000-4000-8000-000000007001/matchups status=200 duration_ms=36 league_size=10
2026-07-19 17:00:03.000 UTC app/api: INFO request_id=req-000003 method=GET path=/api/league/00000000-0000-4000-8000-000000007001/matchups status=200 duration_ms=37 league_size=10
2026-07-19 17:00:04.500 UTC app/api: INFO request_id=req-000004 method=GET path=/api/league/00000000-0000-4000-8000-000000007001/matchups status=200 duration_ms=38 league_size=10
2026-07-19 17:00:06.000 UTC app/api: INFO request_id=req-000005 method=GET path=/api/league/00000000-0000-4000-8000-000000007001/matchups status=200 duration_ms=39 league_size=16
2026-07-19 17:00:07.500 UTC app/api: INFO request_id=req-000006 method=GET path=/api/league/00000000-0000-4000-8000-000000007001/matchups status=200 duration_ms=40 league_size=10
2026-07-19 17:00:09.000 UTC app/api: INFO request_id=req-000007 method=GET path=/api/league/00000000-0000-4000-8000-000000007001/matchups status=200 duration_ms=41 league_size=10
2026-07-19 17:00:10.500 UTC app/api: INFO request_id=req-000008 method=GET path=/api/league/00000000-0000-4000-8000-000000007001/matchups status=200 duration_ms=42 league_size=10
2026-07-19 17:00:12.000 UTC app/api: INFO request_id=req-000009 method=GET path=/api/league/00000000-0000-4000-8000-000000007001/matchups status=200 duration_ms=43 league_size=16
2026-07-19 17:00:13.500 UTC app/api: INFO request_id=req-000010 method=GET path=/api/league/00000000-0000-4000-8000-000000007001/matchups status=200 duration_ms=44 league_size=10
2026-07-19 17:00:15.000 UTC app/api: INFO request_id=req-000011 method=GET path=/api/league/00000000-0000-4000-8000-000000007001/matchups status=200 duration_ms=45 league_size=10
2026-07-19 17:00:16.500 UTC app/api: INFO request_id=req-000012 method=GET path=/api/league/00000000-0000-4000-8000-000000007001/matchups status=200 duration_ms=46 league_size=10
2026-07-19 17:00:18.000 UTC app/api: INFO request_id=req-000013 method=GET path=/api/league/00000000-0000-4000-8000-000000007001/matchups status=200 duration_ms=47 league_size=16
2026-07-19 17:00:19.500 UTC app/api: INFO request_id=req-000014 method=GET path=/api/league/00000000-0000-4000-8000-000000007001/matchups status=200 duration_ms=48 league_size=10
2026-07-19 17:00:21.000 UTC app/api: INFO request_id=req-000015 method=GET path=/api/league/00000000-0000-4000-8000-000000007001/matchups status=200 duration_ms=49 league_size=10
2026-07-19 17:00:22.500 UTC app/api: INFO request_id=req-000016 method=GET path=/api/league/00000000-0000-4000-8000-000000007001/matchups status=200 duration_ms=50 league_size=10
2026-07-19 17:00:24.000 UTC app/api: INFO request_id=req-000017 method=GET path=/api/league/00000000-0000-4000-8000-000000007001/matchups status=200 duration_ms=51 league_size=16
2026-07-19 17:00:25.500 UTC app/api: INFO request_id=req-000018 method=GET path=/api/league/00000000-0000-4000-8000-000000007001/matchups status=200 duration_ms=52 league_size=10
2026-07-19 17:00:27.000 UTC app/api: INFO request_id=req-000019 method=GET path=/api/league/00000000-0000-4000-8000-000000007001/matchups status=200 duration_ms=53 league_size=10
2026-07-19 17:00:28.500 UTC app/api: INFO request_id=req-000020 method=GET path=/api/league/00000000-0000-4000-8000-000000007001/matchups status=200 duration_ms=54 league_size=10
2026-07-19 17:00:30.000 UTC app/api: INFO request_id=req-000021 method=GET path=/api/league/00000000-0000-4000-8000-000000007001/matchups status=200 duration_ms=55 league_size=16
2026-07-19 17:00:31.500 UTC app/api: INFO request_id=req-000022 method=GET path=/api/league/00000000-0000-4000-8000-000000007001/matchups status=200 duration_ms=56 league_size=10
2026-07-19 17:00:33.000 UTC app/api: INFO request_id=req-000023 method=GET path=/api/league/00000000-0000-4000-8000-000000007001/matchups status=200 duration_ms=57 league_size=10
2026-07-19 17:00:34.500 UTC app/api: INFO request_id=req-000024 method=GET path=/api/league/00000000-0000-4000-8000-000000007001/matchups status=200 duration_ms=58 league_size=10
2026-07-19 17:00:36.000 UTC app/api: INFO request_id=req-000025 method=GET path=/api/league/00000000-0000-4000-8000-000000007001/matchups status=200 duration_ms=59 league_size=16
2026-07-19 17:00:37.500 UTC app/api: INFO request_id=req-000026 method=GET path=/api/league/00000000-0000-4000-8000-000000007001/matchups status=200 duration_ms=60 league_size=10
2026-07-19 17:00:39.000 UTC app/api: INFO request_id=req-000027 method=GET path=/api/league/00000000-0000-4000-8000-000000007001/matchups status=200 duration_ms=61 league_size=10
2026-07-19 17:00:40.500 UTC app/api: INFO request_id=req-000028 method=GET path=/api/league/00000000-0000-4000-8000-000000007001/matchups status=200 duration_ms=62 league_size=10
2026-07-19 17:00:42.000 UTC app/api: INFO request_id=req-000029 method=GET path=/api/league/00000000-0000-4000-8000-000000007001/matchups status=200 duration_ms=63 league_size=16
2026-07-19 17:00:43.500 UTC app/api: INFO request_id=req-000030 method=GET path=/api/league/00000000-0000-4000-8000-000000007001/matchups status=200 duration_ms=64 league_size=10
2026-07-19 17:00:45.000 UTC app/api: INFO request_id=req-000031 method=GET path=/api/league/00000000-0000-4000-8000-000000007001/matchups status=200 duration_ms=65 league_size=10
2026-07-19 17:00:46.500 UTC app/api: INFO request_id=req-000032 method=GET path=/api/league/00000000-0000-4000-8000-000000007001/matchups status=200 duration_ms=66 league_size=10
2026-07-19 17:00:48.000 UTC app/api: INFO request_id=req-000033 method=GET path=/api/league/00000000-0000-4000-8000-000000007001/matchups status=200 duration_ms=67 league_size=16
2026-07-19 17:00:49.500 UTC app/api: INFO request_id=req-000034 method=GET path=/api/league/00000000-0000-4000-8000-000000007001/matchups status=200 duration_ms=68 league_size=10
2026-07-19 17:00:51.000 UTC app/api: INFO request_id=req-000035 method=GET path=/api/league/00000000-0000-4000-8000-000000007001/matchups status=200 duration_ms=69 league_size=10
2026-07-19 17:00:52.500 UTC app/api: INFO request_id=req-000036 method=GET path=/api/league/00000000-0000-4000-8000-000000007001/matchups status=200 duration_ms=70 league_size=10
2026-07-19 17:00:54.000 UTC app/api: INFO request_id=req-000037 method=GET path=/api/league/00000000-0000-4000-8000-000000007001/matchups status=200 duration_ms=71 league_size=16
2026-07-19 17:00:55.500 UTC docker/supavisor[214]: [ERROR] pgbouncer: pool empty pool=primary role=app_user active=200 waiting=30 request_id=req-000038
2026-07-19 17:00:57.000 UTC app/api: INFO request_id=req-000039 method=GET path=/api/league/00000000-0000-4000-8000-000000007001/matchups status=200 duration_ms=73 league_size=10
2026-07-19 17:00:58.500 UTC app/api: INFO request_id=req-000040 method=GET path=/api/league/00000000-0000-4000-8000-000000007001/matchups status=200 duration_ms=74 league_size=10
2026-07-19 17:01:00.000 UTC app/api: INFO request_id=req-000041 method=GET path=/api/league/00000000-0000-4000-8000-000000007001/matchups status=200 duration_ms=75 league_size=16
2026-07-19 17:01:01.500 UTC app/api: INFO request_id=req-000042 method=GET path=/api/league/00000000-0000-4000-8000-000000007001/matchups status=200 duration_ms=76 league_size=10
2026-07-19 17:01:03.000 UTC app/api: INFO request_id=req-000043 method=GET path=/api/league/00000000-0000-4000-8000-000000007001/matchups status=200 duration_ms=77 league_size=10
2026-07-19 17:01:04.500 UTC app/api: INFO request_id=req-000044 method=GET path=/api/league/00000000-0000-4000-8000-000000007001/matchups status=200 duration_ms=78 league_size=10
2026-07-19 17:01:06.000 UTC app/api: INFO request_id=req-000045 method=GET path=/api/league/00000000-0000-4000-8000-000000007001/matchups status=200 duration_ms=79 league_size=16
2026-07-19 17:01:07.500 UTC app/api: INFO request_id=req-000046 method=GET path=/api/league/00000000-0000-4000-8000-000000007001/matchups status=200 duration_ms=80 league_size=10
2026-07-19 17:01:09.000 UTC app/api: INFO request_id=req-000047 method=GET path=/api/league/00000000-0000-4000-8000-000000007001/matchups status=200 duration_ms=81 league_size=10
2026-07-19 17:01:10.500 UTC app/api: INFO request_id=req-000048 method=GET path=/api/league/00000000-0000-4000-8000-000000007001/matchups status=200 duration_ms=82 league_size=10
2026-07-19 17:01:12.000 UTC app/api: INFO request_id=req-000049 method=GET path=/api/league/00000000-0000-4000-8000-000000007001/matchups status=200 duration_ms=83 league_size=16
2026-07-19 17:01:13.500 UTC app/api: INFO request_id=req-000050 method=GET path=/api/league/00000000-0000-4000-8000-000000007001/matchups status=200 duration_ms=84 league_size=10
2026-07-19 17:01:15.000 UTC app/api: INFO request_id=req-000051 method=GET path=/api/league/00000000-0000-4000-8000-000000007001/matchups status=200 duration_ms=85 league_size=10
2026-07-19 17:01:16.500 UTC app/api: INFO request_id=req-000052 method=GET path=/api/league/00000000-0000-4000-8000-000000007001/matchups status=200 duration_ms=86 league_size=10
2026-07-19 17:01:18.000 UTC app/api: INFO request_id=req-000053 method=GET path=/api/league/00000000-0000-4000-8000-000000007001/matchups status=200 duration_ms=87 league_size=16
2026-07-19 17:01:19.500 UTC docker/supavisor[214]: [WARNING] Supavisor: connection queue latency exceeding 2500ms queue_ms=2554 pool=primary request_id=req-000054
2026-07-19 17:01:21.000 UTC app/api: INFO request_id=req-000055 method=GET path=/api/league/00000000-0000-4000-8000-000000007001/matchups status=200 duration_ms=89 league_size=10
2026-07-19 17:01:22.500 UTC app/api: INFO request_id=req-000056 method=GET path=/api/league/00000000-0000-4000-8000-000000007001/matchups status=200 duration_ms=90 league_size=10
2026-07-19 17:01:24.000 UTC app/api: INFO request_id=req-000057 method=GET path=/api/league/00000000-0000-4000-8000-000000007001/matchups status=200 duration_ms=91 league_size=16
2026-07-19 17:01:25.500 UTC app/api: INFO request_id=req-000058 method=GET path=/api/league/00000000-0000-4000-8000-000000007001/matchups status=200 duration_ms=92 league_size=10
2026-07-19 17:01:27.000 UTC app/api: INFO request_id=req-000059 method=GET path=/api/league/00000000-0000-4000-8000-000000007001/matchups status=200 duration_ms=93 league_size=10
2026-07-19 17:01:28.500 UTC app/api: INFO request_id=req-000060 method=GET path=/api/league/00000000-0000-4000-8000-000000007001/matchups status=200 duration_ms=94 league_size=10
2026-07-19 17:01:30.000 UTC app/api: INFO request_id=req-000061 method=GET path=/api/league/00000000-0000-4000-8000-000000007001/matchups status=200 duration_ms=95 league_size=16
2026-07-19 17:01:31.500 UTC app/api: INFO request_id=req-000062 method=GET path=/api/league/00000000-0000-4000-8000-000000007001/matchups status=200 duration_ms=96 league_size=10
2026-07-19 17:01:33.000 UTC app/api: INFO request_id=req-000063 method=GET path=/api/league/00000000-0000-4000-8000-000000007001/matchups status=200 duration_ms=97 league_size=10
2026-07-19 17:01:34.500 UTC app/api: INFO request_id=req-000064 method=GET path=/api/league/00000000-0000-4000-8000-000000007001/matchups status=200 duration_ms=98 league_size=10
2026-07-19 17:01:36.000 UTC app/api: INFO request_id=req-000065 method=GET path=/api/league/00000000-0000-4000-8000-000000007001/matchups status=200 duration_ms=99 league_size=16
2026-07-19 17:01:37.500 UTC app/api: INFO request_id=req-000066 method=GET path=/api/league/00000000-0000-4000-8000-000000007001/matchups status=200 duration_ms=100 league_size=10
2026-07-19 17:01:39.000 UTC app/api: INFO request_id=req-000067 method=GET path=/api/league/00000000-0000-4000-8000-000000007001/matchups status=200 duration_ms=101 league_size=10
2026-07-19 17:01:40.500 UTC app/api: INFO request_id=req-000068 method=GET path=/api/league/00000000-0000-4000-8000-000000007001/matchups status=200 duration_ms=102 league_size=10
2026-07-19 17:01:42.000 UTC app/api: INFO request_id=req-000069 method=GET path=/api/league/00000000-0000-4000-8000-000000007001/matchups status=200 duration_ms=103 league_size=16
2026-07-19 17:01:43.500 UTC app/api: INFO request_id=req-000070 method=GET path=/api/league/00000000-0000-4000-8000-000000007001/matchups status=200 duration_ms=104 league_size=10
2026-07-19 17:01:45.000 UTC app/api: INFO request_id=req-000071 method=GET path=/api/league/00000000-0000-4000-8000-000000007001/matchups status=200 duration_ms=105 league_size=10
2026-07-19 17:01:46.500 UTC postgres[991]: LOG duration: 2271.421 ms execute monte_carlo: SELECT update_playoff_odds($1,$2,$3) league_size=16 request_id=req-000072
2026-07-19 17:01:48.000 UTC app/api: INFO request_id=req-000073 method=GET path=/api/league/00000000-0000-4000-8000-000000007001/matchups status=200 duration_ms=107 league_size=16
2026-07-19 17:01:49.500 UTC app/api: INFO request_id=req-000074 method=GET path=/api/league/00000000-0000-4000-8000-000000007001/matchups status=200 duration_ms=108 league_size=10
2026-07-19 17:01:51.000 UTC docker/supavisor[214]: [ERROR] pgbouncer: pool empty pool=primary role=app_user active=200 waiting=29 request_id=req-000075
2026-07-19 17:01:52.500 UTC app/api: INFO request_id=req-000076 method=GET path=/api/league/00000000-0000-4000-8000-000000007001/matchups status=200 duration_ms=110 league_size=10
2026-07-19 17:01:54.000 UTC app/api: INFO request_id=req-000077 method=GET path=/api/league/00000000-0000-4000-8000-000000007001/matchups status=200 duration_ms=111 league_size=16
2026-07-19 17:01:55.500 UTC app/api: INFO request_id=req-000078 method=GET path=/api/league/00000000-0000-4000-8000-000000007001/matchups status=200 duration_ms=112 league_size=10
2026-07-19 17:01:57.000 UTC app/api: INFO request_id=req-000079 method=GET path=/api/league/00000000-0000-4000-8000-000000007001/matchups status=200 duration_ms=113 league_size=10
2026-07-19 17:01:58.500 UTC app/api: INFO request_id=req-000080 method=GET path=/api/league/00000000-0000-4000-8000-000000007001/matchups status=200 duration_ms=114 league_size=10
2026-07-19 17:02:00.000 UTC app/api: INFO request_id=req-000081 method=GET path=/api/league/00000000-0000-4000-8000-000000007001/matchups status=200 duration_ms=115 league_size=16
2026-07-19 17:02:01.500 UTC app/api: INFO request_id=req-000082 method=GET path=/api/league/00000000-0000-4000-8000-000000007001/matchups status=200 duration_ms=116 league_size=10
2026-07-19 17:02:03.000 UTC app/api: INFO request_id=req-000083 method=GET path=/api/league/00000000-0000-4000-8000-000000007001/matchups status=200 duration_ms=117 league_size=10
2026-07-19 17:02:04.500 UTC app/api: INFO request_id=req-000084 method=GET path=/api/league/00000000-0000-4000-8000-000000007001/matchups status=200 duration_ms=118 league_size=10
2026-07-19 17:02:06.000 UTC app/api: INFO request_id=req-000085 method=GET path=/api/league/00000000-0000-4000-8000-000000007001/matchups status=200 duration_ms=119 league_size=16
2026-07-19 17:02:07.500 UTC app/api: INFO request_id=req-000086 method=GET path=/api/league/00000000-0000-4000-8000-000000007001/matchups status=200 duration_ms=120 league_size=10
2026-07-19 17:02:09.000 UTC app/api: INFO request_id=req-000087 method=GET path=/api/league/00000000-0000-4000-8000-000000007001/matchups status=200 duration_ms=121 league_size=10
2026-07-19 17:02:10.500 UTC app/api: INFO request_id=req-000088 method=GET path=/api/league/00000000-0000-4000-8000-000000007001/matchups status=200 duration_ms=122 league_size=10
2026-07-19 17:02:12.000 UTC app/api: INFO request_id=req-000089 method=GET path=/api/league/00000000-0000-4000-8000-000000007001/matchups status=200 duration_ms=123 league_size=16
2026-07-19 17:02:13.500 UTC postgres[991]: LOG duration: 2189.087 ms execute tank01_ingest: INSERT INTO player_weekly_stats(player_id,season,week,stats) VALUES ($1,$2,$3,$4) league_size=10 request_id=req-000090
2026-07-19 17:02:15.000 UTC app/api: INFO request_id=req-000091 method=GET path=/api/league/00000000-0000-4000-8000-000000007001/matchups status=200 duration_ms=125 league_size=10
2026-07-19 17:02:16.500 UTC app/api: INFO request_id=req-000092 method=GET path=/api/league/00000000-0000-4000-8000-000000007001/matchups status=200 duration_ms=126 league_size=10
2026-07-19 17:02:18.000 UTC app/api: INFO request_id=req-000093 method=GET path=/api/league/00000000-0000-4000-8000-000000007001/matchups status=200 duration_ms=127 league_size=16
2026-07-19 17:02:19.500 UTC app/api: INFO request_id=req-000094 method=GET path=/api/league/00000000-0000-4000-8000-000000007001/matchups status=200 duration_ms=128 league_size=10
2026-07-19 17:02:21.000 UTC app/api: INFO request_id=req-000095 method=GET path=/api/league/00000000-0000-4000-8000-000000007001/matchups status=200 duration_ms=129 league_size=10
2026-07-19 17:02:22.500 UTC app/api: INFO request_id=req-000096 method=GET path=/api/league/00000000-0000-4000-8000-000000007001/matchups status=200 duration_ms=130 league_size=10
2026-07-19 17:02:24.000 UTC app/api: INFO request_id=req-000097 method=GET path=/api/league/00000000-0000-4000-8000-000000007001/matchups status=200 duration_ms=131 league_size=16
2026-07-19 17:02:25.500 UTC app/api: INFO request_id=req-000098 method=GET path=/api/league/00000000-0000-4000-8000-000000007001/matchups status=200 duration_ms=132 league_size=10
2026-07-19 17:02:27.000 UTC app/api: INFO request_id=req-000099 method=GET path=/api/league/00000000-0000-4000-8000-000000007001/matchups status=200 duration_ms=133 league_size=10
2026-07-19 17:02:28.500 UTC app/api: INFO request_id=req-000100 method=GET path=/api/league/00000000-0000-4000-8000-000000007001/matchups status=200 duration_ms=134 league_size=10
2026-07-19 17:02:30.000 UTC app/api: INFO request_id=req-000101 method=GET path=/api/league/00000000-0000-4000-8000-000000007001/matchups status=200 duration_ms=135 league_size=16
2026-07-19 17:02:31.500 UTC app/api: INFO request_id=req-000102 method=GET path=/api/league/00000000-0000-4000-8000-000000007001/matchups status=200 duration_ms=136 league_size=10
2026-07-19 17:02:33.000 UTC app/api: INFO request_id=req-000103 method=GET path=/api/league/00000000-0000-4000-8000-000000007001/matchups status=200 duration_ms=137 league_size=10
2026-07-19 17:02:34.500 UTC app/api: INFO request_id=req-000104 method=GET path=/api/league/00000000-0000-4000-8000-000000007001/matchups status=200 duration_ms=138 league_size=10
2026-07-19 17:02:36.000 UTC app/api: INFO request_id=req-000105 method=GET path=/api/league/00000000-0000-4000-8000-000000007001/matchups status=200 duration_ms=139 league_size=16
2026-07-19 17:02:37.500 UTC app/api: INFO request_id=req-000106 method=GET path=/api/league/00000000-0000-4000-8000-000000007001/matchups status=200 duration_ms=140 league_size=10
2026-07-19 17:02:39.000 UTC docker/supavisor[214]: [WARNING] Supavisor: connection queue latency exceeding 2500ms queue_ms=2607 pool=primary request_id=req-000107
2026-07-19 17:02:40.500 UTC edge/scoring: HTTP/1.1 504 Gateway Timeout method=POST path=/api/scoring/league/00000000-0000-4000-8000-000000007001/correct-week upstream_timeout_ms=5107 request_id=req-000108
2026-07-19 17:02:42.000 UTC app/api: INFO request_id=req-000109 method=GET path=/api/league/00000000-0000-4000-8000-000000007001/matchups status=200 duration_ms=143 league_size=16
2026-07-19 17:02:43.500 UTC app/api: INFO request_id=req-000110 method=GET path=/api/league/00000000-0000-4000-8000-000000007001/matchups status=200 duration_ms=144 league_size=10
2026-07-19 17:02:45.000 UTC app/api: INFO request_id=req-000111 method=GET path=/api/league/00000000-0000-4000-8000-000000007001/matchups status=200 duration_ms=145 league_size=10
2026-07-19 17:02:46.500 UTC docker/supavisor[214]: [ERROR] pgbouncer: pool empty pool=primary role=app_user active=200 waiting=28 request_id=req-000112
2026-07-19 17:02:48.000 UTC app/api: INFO request_id=req-000113 method=GET path=/api/league/00000000-0000-4000-8000-000000007001/matchups status=200 duration_ms=147 league_size=16
2026-07-19 17:02:49.500 UTC app/api: INFO request_id=req-000114 method=GET path=/api/league/00000000-0000-4000-8000-000000007001/matchups status=200 duration_ms=148 league_size=10
2026-07-19 17:02:51.000 UTC app/api: INFO request_id=req-000115 method=GET path=/api/league/00000000-0000-4000-8000-000000007001/matchups status=200 duration_ms=149 league_size=10
2026-07-19 17:02:52.500 UTC app/api: INFO request_id=req-000116 method=GET path=/api/league/00000000-0000-4000-8000-000000007001/matchups status=200 duration_ms=150 league_size=10
2026-07-19 17:02:54.000 UTC app/api: INFO request_id=req-000117 method=GET path=/api/league/00000000-0000-4000-8000-000000007001/matchups status=200 duration_ms=151 league_size=16
2026-07-19 17:02:55.500 UTC app/api: INFO request_id=req-000118 method=GET path=/api/league/00000000-0000-4000-8000-000000007001/matchups status=200 duration_ms=152 league_size=10
2026-07-19 17:02:57.000 UTC app/api: INFO request_id=req-000119 method=GET path=/api/league/00000000-0000-4000-8000-000000007001/matchups status=200 duration_ms=153 league_size=10
2026-07-19 17:02:58.500 UTC app/api: INFO request_id=req-000120 method=GET path=/api/league/00000000-0000-4000-8000-000000007001/matchups status=200 duration_ms=154 league_size=10
2026-07-19 17:03:00.000 UTC app/api: INFO request_id=req-000121 method=GET path=/api/league/00000000-0000-4000-8000-000000007001/matchups status=200 duration_ms=155 league_size=16
2026-07-19 17:03:01.500 UTC app/api: INFO request_id=req-000122 method=GET path=/api/league/00000000-0000-4000-8000-000000007001/matchups status=200 duration_ms=156 league_size=10
2026-07-19 17:03:03.000 UTC app/api: INFO request_id=req-000123 method=GET path=/api/league/00000000-0000-4000-8000-000000007001/matchups status=200 duration_ms=157 league_size=10
2026-07-19 17:03:04.500 UTC app/api: INFO request_id=req-000124 method=GET path=/api/league/00000000-0000-4000-8000-000000007001/matchups status=200 duration_ms=158 league_size=10
2026-07-19 17:03:06.000 UTC app/api: INFO request_id=req-000125 method=GET path=/api/league/00000000-0000-4000-8000-000000007001/matchups status=200 duration_ms=159 league_size=16
2026-07-19 17:03:07.500 UTC app/api: INFO request_id=req-000126 method=GET path=/api/league/00000000-0000-4000-8000-000000007001/matchups status=200 duration_ms=160 league_size=10
2026-07-19 17:03:09.000 UTC app/api: INFO request_id=req-000127 method=GET path=/api/league/00000000-0000-4000-8000-000000007001/matchups status=200 duration_ms=161 league_size=10
2026-07-19 17:03:10.500 UTC app/api: INFO request_id=req-000128 method=GET path=/api/league/00000000-0000-4000-8000-000000007001/matchups status=200 duration_ms=162 league_size=10
2026-07-19 17:03:12.000 UTC app/api: INFO request_id=req-000129 method=GET path=/api/league/00000000-0000-4000-8000-000000007001/matchups status=200 duration_ms=163 league_size=16
2026-07-19 17:03:13.500 UTC app/api: INFO request_id=req-000130 method=GET path=/api/league/00000000-0000-4000-8000-000000007001/matchups status=200 duration_ms=164 league_size=10
2026-07-19 17:03:15.000 UTC app/api: INFO request_id=req-000131 method=GET path=/api/league/00000000-0000-4000-8000-000000007001/matchups status=200 duration_ms=165 league_size=10
2026-07-19 17:03:16.500 UTC realtime/draft: [WebSocket] Connection dropped on channel: league_draft_board:00000000-0000-4000-8000-000000007001 due to server backpressure client=vu-32 propagation_ms=831 request_id=req-000132
2026-07-19 17:03:18.000 UTC app/api: INFO request_id=req-000133 method=GET path=/api/league/00000000-0000-4000-8000-000000007001/matchups status=200 duration_ms=167 league_size=16
2026-07-19 17:03:19.500 UTC app/api: INFO request_id=req-000134 method=GET path=/api/league/00000000-0000-4000-8000-000000007001/matchups status=200 duration_ms=168 league_size=10
2026-07-19 17:03:21.000 UTC app/api: INFO request_id=req-000135 method=GET path=/api/league/00000000-0000-4000-8000-000000007001/matchups status=200 duration_ms=169 league_size=10
2026-07-19 17:03:22.500 UTC app/api: INFO request_id=req-000136 method=GET path=/api/league/00000000-0000-4000-8000-000000007001/matchups status=200 duration_ms=170 league_size=10
2026-07-19 17:03:24.000 UTC app/api: INFO request_id=req-000137 method=GET path=/api/league/00000000-0000-4000-8000-000000007001/matchups status=200 duration_ms=171 league_size=16
2026-07-19 17:03:25.500 UTC app/api: INFO request_id=req-000138 method=GET path=/api/league/00000000-0000-4000-8000-000000007001/matchups status=200 duration_ms=172 league_size=10
2026-07-19 17:03:27.000 UTC app/api: INFO request_id=req-000139 method=GET path=/api/league/00000000-0000-4000-8000-000000007001/matchups status=200 duration_ms=173 league_size=10
2026-07-19 17:03:28.500 UTC app/api: INFO request_id=req-000140 method=GET path=/api/league/00000000-0000-4000-8000-000000007001/matchups status=200 duration_ms=174 league_size=10
2026-07-19 17:03:30.000 UTC app/api: INFO request_id=req-000141 method=GET path=/api/league/00000000-0000-4000-8000-000000007001/matchups status=200 duration_ms=175 league_size=16
2026-07-19 17:03:31.500 UTC app/api: INFO request_id=req-000142 method=GET path=/api/league/00000000-0000-4000-8000-000000007001/matchups status=200 duration_ms=176 league_size=10
2026-07-19 17:03:33.000 UTC postgres[991]: LOG duration: 2342.421 ms execute monte_carlo: SELECT update_playoff_odds($1,$2,$3) league_size=10 request_id=req-000143
2026-07-19 17:03:34.500 UTC app/api: INFO request_id=req-000144 method=GET path=/api/league/00000000-0000-4000-8000-000000007001/matchups status=200 duration_ms=178 league_size=10
2026-07-19 17:03:36.000 UTC app/api: INFO request_id=req-000145 method=GET path=/api/league/00000000-0000-4000-8000-000000007001/matchups status=200 duration_ms=179 league_size=16
2026-07-19 17:03:37.500 UTC app/api: INFO request_id=req-000146 method=GET path=/api/league/00000000-0000-4000-8000-000000007001/matchups status=200 duration_ms=180 league_size=10
2026-07-19 17:03:39.000 UTC app/api: INFO request_id=req-000147 method=GET path=/api/league/00000000-0000-4000-8000-000000007001/matchups status=200 duration_ms=181 league_size=10
2026-07-19 17:03:40.500 UTC app/api: INFO request_id=req-000148 method=GET path=/api/league/00000000-0000-4000-8000-000000007001/matchups status=200 duration_ms=182 league_size=10
2026-07-19 17:03:42.000 UTC docker/supavisor[214]: [ERROR] pgbouncer: pool empty pool=primary role=app_user active=200 waiting=27 request_id=req-000149
2026-07-19 17:03:43.500 UTC edge/scoring: HTTP/1.1 200 OK method=GET path=/api/matchups/league/00000000-0000-4000-8000-000000007001 duration_ms=89 request_id=req-000150
2026-07-19 17:03:45.000 UTC app/api: INFO request_id=req-000151 method=GET path=/api/league/00000000-0000-4000-8000-000000007001/matchups status=200 duration_ms=185 league_size=10
2026-07-19 17:03:46.500 UTC app/api: INFO request_id=req-000152 method=GET path=/api/league/00000000-0000-4000-8000-000000007001/matchups status=200 duration_ms=186 league_size=10
2026-07-19 17:03:48.000 UTC app/api: INFO request_id=req-000153 method=GET path=/api/league/00000000-0000-4000-8000-000000007001/matchups status=200 duration_ms=187 league_size=16
2026-07-19 17:03:49.500 UTC app/api: INFO request_id=req-000154 method=GET path=/api/league/00000000-0000-4000-8000-000000007001/matchups status=200 duration_ms=188 league_size=10
2026-07-19 17:03:51.000 UTC app/api: INFO request_id=req-000155 method=GET path=/api/league/00000000-0000-4000-8000-000000007001/matchups status=200 duration_ms=189 league_size=10
2026-07-19 17:03:52.500 UTC app/api: INFO request_id=req-000156 method=GET path=/api/league/00000000-0000-4000-8000-000000007001/matchups status=200 duration_ms=190 league_size=10
2026-07-19 17:03:54.000 UTC app/api: INFO request_id=req-000157 method=GET path=/api/league/00000000-0000-4000-8000-000000007001/matchups status=200 duration_ms=191 league_size=16
2026-07-19 17:03:55.500 UTC app/api: INFO request_id=req-000158 method=GET path=/api/league/00000000-0000-4000-8000-000000007001/matchups status=200 duration_ms=192 league_size=10
2026-07-19 17:03:57.000 UTC app/api: INFO request_id=req-000159 method=GET path=/api/league/00000000-0000-4000-8000-000000007001/matchups status=200 duration_ms=193 league_size=10
2026-07-19 17:03:58.500 UTC docker/supavisor[214]: [WARNING] Supavisor: connection queue latency exceeding 2500ms queue_ms=2660 pool=primary request_id=req-000160
2026-07-19 17:04:00.000 UTC app/api: INFO request_id=req-000161 method=GET path=/api/league/00000000-0000-4000-8000-000000007001/matchups status=200 duration_ms=35 league_size=16
2026-07-19 17:04:01.500 UTC app/api: INFO request_id=req-000162 method=GET path=/api/league/00000000-0000-4000-8000-000000007001/matchups status=200 duration_ms=36 league_size=10
2026-07-19 17:04:03.000 UTC app/api: INFO request_id=req-000163 method=GET path=/api/league/00000000-0000-4000-8000-000000007001/matchups status=200 duration_ms=37 league_size=10
2026-07-19 17:04:04.500 UTC app/api: INFO request_id=req-000164 method=GET path=/api/league/00000000-0000-4000-8000-000000007001/matchups status=200 duration_ms=38 league_size=10
2026-07-19 17:04:06.000 UTC app/api: INFO request_id=req-000165 method=GET path=/api/league/00000000-0000-4000-8000-000000007001/matchups status=200 duration_ms=39 league_size=16
2026-07-19 17:04:07.500 UTC app/api: INFO request_id=req-000166 method=GET path=/api/league/00000000-0000-4000-8000-000000007001/matchups status=200 duration_ms=40 league_size=10
2026-07-19 17:04:09.000 UTC app/api: INFO request_id=req-000167 method=GET path=/api/league/00000000-0000-4000-8000-000000007001/matchups status=200 duration_ms=41 league_size=10
2026-07-19 17:04:10.500 UTC app/api: INFO request_id=req-000168 method=GET path=/api/league/00000000-0000-4000-8000-000000007001/matchups status=200 duration_ms=42 league_size=10
2026-07-19 17:04:12.000 UTC app/api: INFO request_id=req-000169 method=GET path=/api/league/00000000-0000-4000-8000-000000007001/matchups status=200 duration_ms=43 league_size=16
2026-07-19 17:04:13.500 UTC app/api: INFO request_id=req-000170 method=GET path=/api/league/00000000-0000-4000-8000-000000007001/matchups status=200 duration_ms=44 league_size=10
2026-07-19 17:04:15.000 UTC app/api: INFO request_id=req-000171 method=GET path=/api/league/00000000-0000-4000-8000-000000007001/matchups status=200 duration_ms=45 league_size=10
2026-07-19 17:04:16.500 UTC app/api: INFO request_id=req-000172 method=GET path=/api/league/00000000-0000-4000-8000-000000007001/matchups status=200 duration_ms=46 league_size=10
2026-07-19 17:04:18.000 UTC app/api: INFO request_id=req-000173 method=GET path=/api/league/00000000-0000-4000-8000-000000007001/matchups status=200 duration_ms=47 league_size=16
2026-07-19 17:04:19.500 UTC app/api: INFO request_id=req-000174 method=GET path=/api/league/00000000-0000-4000-8000-000000007001/matchups status=200 duration_ms=48 league_size=10
2026-07-19 17:04:21.000 UTC app/api: INFO request_id=req-000175 method=GET path=/api/league/00000000-0000-4000-8000-000000007001/matchups status=200 duration_ms=49 league_size=10
2026-07-19 17:04:22.500 UTC app/api: INFO request_id=req-000176 method=GET path=/api/league/00000000-0000-4000-8000-000000007001/matchups status=200 duration_ms=50 league_size=10
2026-07-19 17:04:24.000 UTC app/api: INFO request_id=req-000177 method=GET path=/api/league/00000000-0000-4000-8000-000000007001/matchups status=200 duration_ms=51 league_size=16
2026-07-19 17:04:25.500 UTC app/api: INFO request_id=req-000178 method=GET path=/api/league/00000000-0000-4000-8000-000000007001/matchups status=200 duration_ms=52 league_size=10
2026-07-19 17:04:27.000 UTC postgres[991]: LOG duration: 2278.087 ms execute tank01_ingest: INSERT INTO player_weekly_stats(player_id,season,week,stats) VALUES ($1,$2,$3,$4) league_size=10 request_id=req-000179
2026-07-19 17:04:28.500 UTC app/api: INFO request_id=req-000180 method=GET path=/api/league/00000000-0000-4000-8000-000000007001/matchups status=200 duration_ms=54 league_size=10
2026-07-19 17:04:30.000 UTC app/api: INFO request_id=req-000181 method=GET path=/api/league/00000000-0000-4000-8000-000000007001/matchups status=200 duration_ms=55 league_size=16
2026-07-19 17:04:31.500 UTC app/api: INFO request_id=req-000182 method=GET path=/api/league/00000000-0000-4000-8000-000000007001/matchups status=200 duration_ms=56 league_size=10
2026-07-19 17:04:33.000 UTC app/api: INFO request_id=req-000183 method=GET path=/api/league/00000000-0000-4000-8000-000000007001/matchups status=200 duration_ms=57 league_size=10
2026-07-19 17:04:34.500 UTC app/api: INFO request_id=req-000184 method=GET path=/api/league/00000000-0000-4000-8000-000000007001/matchups status=200 duration_ms=58 league_size=10
2026-07-19 17:04:36.000 UTC app/api: INFO request_id=req-000185 method=GET path=/api/league/00000000-0000-4000-8000-000000007001/matchups status=200 duration_ms=59 league_size=16
2026-07-19 17:04:37.500 UTC docker/supavisor[214]: [ERROR] pgbouncer: pool empty pool=primary role=app_user active=200 waiting=26 request_id=req-000186
2026-07-19 17:04:39.000 UTC app/api: INFO request_id=req-000187 method=GET path=/api/league/00000000-0000-4000-8000-000000007001/matchups status=200 duration_ms=61 league_size=10
2026-07-19 17:04:40.500 UTC app/api: INFO request_id=req-000188 method=GET path=/api/league/00000000-0000-4000-8000-000000007001/matchups status=200 duration_ms=62 league_size=10
2026-07-19 17:04:42.000 UTC app/api: INFO request_id=req-000189 method=GET path=/api/league/00000000-0000-4000-8000-000000007001/matchups status=200 duration_ms=63 league_size=16
2026-07-19 17:04:43.500 UTC app/api: INFO request_id=req-000190 method=GET path=/api/league/00000000-0000-4000-8000-000000007001/matchups status=200 duration_ms=64 league_size=10
2026-07-19 17:04:45.000 UTC app/api: INFO request_id=req-000191 method=GET path=/api/league/00000000-0000-4000-8000-000000007001/matchups status=200 duration_ms=65 league_size=10
2026-07-19 17:04:46.500 UTC app/api: INFO request_id=req-000192 method=GET path=/api/league/00000000-0000-4000-8000-000000007001/matchups status=200 duration_ms=66 league_size=10
2026-07-19 17:04:48.000 UTC app/api: INFO request_id=req-000193 method=GET path=/api/league/00000000-0000-4000-8000-000000007001/matchups status=200 duration_ms=67 league_size=16
2026-07-19 17:04:49.500 UTC app/api: INFO request_id=req-000194 method=GET path=/api/league/00000000-0000-4000-8000-000000007001/matchups status=200 duration_ms=68 league_size=10
2026-07-19 17:04:51.000 UTC app/api: INFO request_id=req-000195 method=GET path=/api/league/00000000-0000-4000-8000-000000007001/matchups status=200 duration_ms=69 league_size=10
2026-07-19 17:04:52.500 UTC app/api: INFO request_id=req-000196 method=GET path=/api/league/00000000-0000-4000-8000-000000007001/matchups status=200 duration_ms=70 league_size=10
2026-07-19 17:04:54.000 UTC app/api: INFO request_id=req-000197 method=GET path=/api/league/00000000-0000-4000-8000-000000007001/matchups status=200 duration_ms=71 league_size=16
2026-07-19 17:04:55.500 UTC app/api: INFO request_id=req-000198 method=GET path=/api/league/00000000-0000-4000-8000-000000007001/matchups status=200 duration_ms=72 league_size=10
2026-07-19 17:04:57.000 UTC app/api: INFO request_id=req-000199 method=GET path=/api/league/00000000-0000-4000-8000-000000007001/matchups status=200 duration_ms=73 league_size=10
2026-07-19 17:04:58.500 UTC app/api: INFO request_id=req-000200 method=GET path=/api/league/00000000-0000-4000-8000-000000007001/matchups status=200 duration_ms=74 league_size=10
2026-07-19 17:05:00.000 UTC app/api: INFO request_id=req-000201 method=GET path=/api/league/00000000-0000-4000-8000-000000007001/matchups status=200 duration_ms=75 league_size=16
2026-07-19 17:05:01.500 UTC app/api: INFO request_id=req-000202 method=GET path=/api/league/00000000-0000-4000-8000-000000007001/matchups status=200 duration_ms=76 league_size=10
2026-07-19 17:05:03.000 UTC app/api: INFO request_id=req-000203 method=GET path=/api/league/00000000-0000-4000-8000-000000007001/matchups status=200 duration_ms=77 league_size=10
2026-07-19 17:05:04.500 UTC app/api: INFO request_id=req-000204 method=GET path=/api/league/00000000-0000-4000-8000-000000007001/matchups status=200 duration_ms=78 league_size=10
2026-07-19 17:05:06.000 UTC app/api: INFO request_id=req-000205 method=GET path=/api/league/00000000-0000-4000-8000-000000007001/matchups status=200 duration_ms=79 league_size=16
2026-07-19 17:05:07.500 UTC app/api: INFO request_id=req-000206 method=GET path=/api/league/00000000-0000-4000-8000-000000007001/matchups status=200 duration_ms=80 league_size=10
2026-07-19 17:05:09.000 UTC app/api: INFO request_id=req-000207 method=GET path=/api/league/00000000-0000-4000-8000-000000007001/matchups status=200 duration_ms=81 league_size=10
2026-07-19 17:05:10.500 UTC app/api: INFO request_id=req-000208 method=GET path=/api/league/00000000-0000-4000-8000-000000007001/matchups status=200 duration_ms=82 league_size=10
2026-07-19 17:05:12.000 UTC app/api: INFO request_id=req-000209 method=GET path=/api/league/00000000-0000-4000-8000-000000007001/matchups status=200 duration_ms=83 league_size=16
2026-07-19 17:05:13.500 UTC app/api: INFO request_id=req-000210 method=GET path=/api/league/00000000-0000-4000-8000-000000007001/matchups status=200 duration_ms=84 league_size=10
2026-07-19 17:05:15.000 UTC app/api: INFO request_id=req-000211 method=GET path=/api/league/00000000-0000-4000-8000-000000007001/matchups status=200 duration_ms=85 league_size=10
2026-07-19 17:05:16.500 UTC app/api: INFO request_id=req-000212 method=GET path=/api/league/00000000-0000-4000-8000-000000007001/matchups status=200 duration_ms=86 league_size=10
2026-07-19 17:05:18.000 UTC docker/supavisor[214]: [WARNING] Supavisor: connection queue latency exceeding 2500ms queue_ms=2713 pool=primary request_id=req-000213
2026-07-19 17:05:19.500 UTC postgres[991]: LOG duration: 2413.421 ms execute monte_carlo: SELECT update_playoff_odds($1,$2,$3) league_size=16 request_id=req-000214
2026-07-19 17:05:21.000 UTC edge/scoring: HTTP/1.1 504 Gateway Timeout method=POST path=/api/scoring/league/00000000-0000-4000-8000-000000007001/correct-week upstream_timeout_ms=5214 request_id=req-000215
2026-07-19 17:05:22.500 UTC app/api: INFO request_id=req-000216 method=GET path=/api/league/00000000-0000-4000-8000-000000007001/matchups status=200 duration_ms=90 league_size=10
2026-07-19 17:05:24.000 UTC app/api: INFO request_id=req-000217 method=GET path=/api/league/00000000-0000-4000-8000-000000007001/matchups status=200 duration_ms=91 league_size=16
2026-07-19 17:05:25.500 UTC app/api: INFO request_id=req-000218 method=GET path=/api/league/00000000-0000-4000-8000-000000007001/matchups status=200 duration_ms=92 league_size=10
2026-07-19 17:05:27.000 UTC app/api: INFO request_id=req-000219 method=GET path=/api/league/00000000-0000-4000-8000-000000007001/matchups status=200 duration_ms=93 league_size=10
2026-07-19 17:05:28.500 UTC app/api: INFO request_id=req-000220 method=GET path=/api/league/00000000-0000-4000-8000-000000007001/matchups status=200 duration_ms=94 league_size=10
2026-07-19 17:05:30.000 UTC app/api: INFO request_id=req-000221 method=GET path=/api/league/00000000-0000-4000-8000-000000007001/matchups status=200 duration_ms=95 league_size=16
2026-07-19 17:05:31.500 UTC app/api: INFO request_id=req-000222 method=GET path=/api/league/00000000-0000-4000-8000-000000007001/matchups status=200 duration_ms=96 league_size=10
2026-07-19 17:05:33.000 UTC docker/supavisor[214]: [ERROR] pgbouncer: pool empty pool=primary role=app_user active=200 waiting=25 request_id=req-000223
2026-07-19 17:05:34.500 UTC app/api: INFO request_id=req-000224 method=GET path=/api/league/00000000-0000-4000-8000-000000007001/matchups status=200 duration_ms=98 league_size=10
2026-07-19 17:05:36.000 UTC app/api: INFO request_id=req-000225 method=GET path=/api/league/00000000-0000-4000-8000-000000007001/matchups status=200 duration_ms=99 league_size=16
2026-07-19 17:05:37.500 UTC app/api: INFO request_id=req-000226 method=GET path=/api/league/00000000-0000-4000-8000-000000007001/matchups status=200 duration_ms=100 league_size=10
2026-07-19 17:05:39.000 UTC app/api: INFO request_id=req-000227 method=GET path=/api/league/00000000-0000-4000-8000-000000007001/matchups status=200 duration_ms=101 league_size=10
2026-07-19 17:05:40.500 UTC app/api: INFO request_id=req-000228 method=GET path=/api/league/00000000-0000-4000-8000-000000007001/matchups status=200 duration_ms=102 league_size=10
2026-07-19 17:05:42.000 UTC app/api: INFO request_id=req-000229 method=GET path=/api/league/00000000-0000-4000-8000-000000007001/matchups status=200 duration_ms=103 league_size=16
2026-07-19 17:05:43.500 UTC app/api: INFO request_id=req-000230 method=GET path=/api/league/00000000-0000-4000-8000-000000007001/matchups status=200 duration_ms=104 league_size=10
2026-07-19 17:05:45.000 UTC app/api: INFO request_id=req-000231 method=GET path=/api/league/00000000-0000-4000-8000-000000007001/matchups status=200 duration_ms=105 league_size=10
2026-07-19 17:05:46.500 UTC app/api: INFO request_id=req-000232 method=GET path=/api/league/00000000-0000-4000-8000-000000007001/matchups status=200 duration_ms=106 league_size=10
2026-07-19 17:05:48.000 UTC app/api: INFO request_id=req-000233 method=GET path=/api/league/00000000-0000-4000-8000-000000007001/matchups status=200 duration_ms=107 league_size=16
2026-07-19 17:05:49.500 UTC app/api: INFO request_id=req-000234 method=GET path=/api/league/00000000-0000-4000-8000-000000007001/matchups status=200 duration_ms=108 league_size=10
2026-07-19 17:05:51.000 UTC app/api: INFO request_id=req-000235 method=GET path=/api/league/00000000-0000-4000-8000-000000007001/matchups status=200 duration_ms=109 league_size=10
2026-07-19 17:05:52.500 UTC app/api: INFO request_id=req-000236 method=GET path=/api/league/00000000-0000-4000-8000-000000007001/matchups status=200 duration_ms=110 league_size=10
2026-07-19 17:05:54.000 UTC app/api: INFO request_id=req-000237 method=GET path=/api/league/00000000-0000-4000-8000-000000007001/matchups status=200 duration_ms=111 league_size=16
2026-07-19 17:05:55.500 UTC app/api: INFO request_id=req-000238 method=GET path=/api/league/00000000-0000-4000-8000-000000007001/matchups status=200 duration_ms=112 league_size=10
2026-07-19 17:05:57.000 UTC app/api: INFO request_id=req-000239 method=GET path=/api/league/00000000-0000-4000-8000-000000007001/matchups status=200 duration_ms=113 league_size=10
2026-07-19 17:05:58.500 UTC app/api: INFO request_id=req-000240 method=GET path=/api/league/00000000-0000-4000-8000-000000007001/matchups status=200 duration_ms=114 league_size=10
2026-07-19 17:06:00.000 UTC app/api: INFO request_id=req-000241 method=GET path=/api/league/00000000-0000-4000-8000-000000007001/matchups status=200 duration_ms=115 league_size=16
2026-07-19 17:06:01.500 UTC app/api: INFO request_id=req-000242 method=GET path=/api/league/00000000-0000-4000-8000-000000007001/matchups status=200 duration_ms=116 league_size=10
2026-07-19 17:06:03.000 UTC app/api: INFO request_id=req-000243 method=GET path=/api/league/00000000-0000-4000-8000-000000007001/matchups status=200 duration_ms=117 league_size=10
2026-07-19 17:06:04.500 UTC app/api: INFO request_id=req-000244 method=GET path=/api/league/00000000-0000-4000-8000-000000007001/matchups status=200 duration_ms=118 league_size=10
2026-07-19 17:06:06.000 UTC app/api: INFO request_id=req-000245 method=GET path=/api/league/00000000-0000-4000-8000-000000007001/matchups status=200 duration_ms=119 league_size=16
2026-07-19 17:06:07.500 UTC app/api: INFO request_id=req-000246 method=GET path=/api/league/00000000-0000-4000-8000-000000007001/matchups status=200 duration_ms=120 league_size=10
2026-07-19 17:06:09.000 UTC app/api: INFO request_id=req-000247 method=GET path=/api/league/00000000-0000-4000-8000-000000007001/matchups status=200 duration_ms=121 league_size=10
2026-07-19 17:06:10.500 UTC app/api: INFO request_id=req-000248 method=GET path=/api/league/00000000-0000-4000-8000-000000007001/matchups status=200 duration_ms=122 league_size=10
2026-07-19 17:06:12.000 UTC app/api: INFO request_id=req-000249 method=GET path=/api/league/00000000-0000-4000-8000-000000007001/matchups status=200 duration_ms=123 league_size=16
2026-07-19 17:06:13.500 UTC app/api: INFO request_id=req-000250 method=GET path=/api/league/00000000-0000-4000-8000-000000007001/matchups status=200 duration_ms=124 league_size=10
2026-07-19 17:06:15.000 UTC app/api: INFO request_id=req-000251 method=GET path=/api/league/00000000-0000-4000-8000-000000007001/matchups status=200 duration_ms=125 league_size=10
2026-07-19 17:06:16.500 UTC app/api: INFO request_id=req-000252 method=GET path=/api/league/00000000-0000-4000-8000-000000007001/matchups status=200 duration_ms=126 league_size=10
2026-07-19 17:06:18.000 UTC app/api: INFO request_id=req-000253 method=GET path=/api/league/00000000-0000-4000-8000-000000007001/matchups status=200 duration_ms=127 league_size=16
2026-07-19 17:06:19.500 UTC app/api: INFO request_id=req-000254 method=GET path=/api/league/00000000-0000-4000-8000-000000007001/matchups status=200 duration_ms=128 league_size=10
2026-07-19 17:06:21.000 UTC app/api: INFO request_id=req-000255 method=GET path=/api/league/00000000-0000-4000-8000-000000007001/matchups status=200 duration_ms=129 league_size=10
2026-07-19 17:06:22.500 UTC app/api: INFO request_id=req-000256 method=GET path=/api/league/00000000-0000-4000-8000-000000007001/matchups status=200 duration_ms=130 league_size=10
2026-07-19 17:06:24.000 UTC app/api: INFO request_id=req-000257 method=GET path=/api/league/00000000-0000-4000-8000-000000007001/matchups status=200 duration_ms=131 league_size=16
2026-07-19 17:06:25.500 UTC app/api: INFO request_id=req-000258 method=GET path=/api/league/00000000-0000-4000-8000-000000007001/matchups status=200 duration_ms=132 league_size=10
2026-07-19 17:06:27.000 UTC app/api: INFO request_id=req-000259 method=GET path=/api/league/00000000-0000-4000-8000-000000007001/matchups status=200 duration_ms=133 league_size=10
2026-07-19 17:06:28.500 UTC docker/supavisor[214]: [ERROR] pgbouncer: pool empty pool=primary role=app_user active=200 waiting=24 request_id=req-000260
2026-07-19 17:06:30.000 UTC app/api: INFO request_id=req-000261 method=GET path=/api/league/00000000-0000-4000-8000-000000007001/matchups status=200 duration_ms=135 league_size=16
2026-07-19 17:06:31.500 UTC app/api: INFO request_id=req-000262 method=GET path=/api/league/00000000-0000-4000-8000-000000007001/matchups status=200 duration_ms=136 league_size=10
2026-07-19 17:06:33.000 UTC realtime/draft: [WebSocket] Connection dropped on channel: league_draft_board:00000000-0000-4000-8000-000000007001 due to server backpressure client=vu-63 propagation_ms=962 request_id=req-000263
2026-07-19 17:06:34.500 UTC app/api: INFO request_id=req-000264 method=GET path=/api/league/00000000-0000-4000-8000-000000007001/matchups status=200 duration_ms=138 league_size=10
2026-07-19 17:06:36.000 UTC app/api: INFO request_id=req-000265 method=GET path=/api/league/00000000-0000-4000-8000-000000007001/matchups status=200 duration_ms=139 league_size=16
2026-07-19 17:06:37.500 UTC docker/supavisor[214]: [WARNING] Supavisor: connection queue latency exceeding 2500ms queue_ms=2766 pool=primary request_id=req-000266
2026-07-19 17:06:39.000 UTC app/api: INFO request_id=req-000267 method=GET path=/api/league/00000000-0000-4000-8000-000000007001/matchups status=200 duration_ms=141 league_size=10
2026-07-19 17:06:40.500 UTC postgres[991]: LOG duration: 2367.087 ms execute tank01_ingest: INSERT INTO player_weekly_stats(player_id,season,week,stats) VALUES ($1,$2,$3,$4) league_size=16 request_id=req-000268
2026-07-19 17:06:42.000 UTC app/api: INFO request_id=req-000269 method=GET path=/api/league/00000000-0000-4000-8000-000000007001/matchups status=200 duration_ms=143 league_size=16
2026-07-19 17:06:43.500 UTC app/api: INFO request_id=req-000270 method=GET path=/api/league/00000000-0000-4000-8000-000000007001/matchups status=200 duration_ms=144 league_size=10
2026-07-19 17:06:45.000 UTC app/api: INFO request_id=req-000271 method=GET path=/api/league/00000000-0000-4000-8000-000000007001/matchups status=200 duration_ms=145 league_size=10
2026-07-19 17:06:46.500 UTC app/api: INFO request_id=req-000272 method=GET path=/api/league/00000000-0000-4000-8000-000000007001/matchups status=200 duration_ms=146 league_size=10
2026-07-19 17:06:48.000 UTC app/api: INFO request_id=req-000273 method=GET path=/api/league/00000000-0000-4000-8000-000000007001/matchups status=200 duration_ms=147 league_size=16
2026-07-19 17:06:49.500 UTC app/api: INFO request_id=req-000274 method=GET path=/api/league/00000000-0000-4000-8000-000000007001/matchups status=200 duration_ms=148 league_size=10
2026-07-19 17:06:51.000 UTC app/api: INFO request_id=req-000275 method=GET path=/api/league/00000000-0000-4000-8000-000000007001/matchups status=200 duration_ms=149 league_size=10
2026-07-19 17:06:52.500 UTC app/api: INFO request_id=req-000276 method=GET path=/api/league/00000000-0000-4000-8000-000000007001/matchups status=200 duration_ms=150 league_size=10
2026-07-19 17:06:54.000 UTC app/api: INFO request_id=req-000277 method=GET path=/api/league/00000000-0000-4000-8000-000000007001/matchups status=200 duration_ms=151 league_size=16
2026-07-19 17:06:55.500 UTC app/api: INFO request_id=req-000278 method=GET path=/api/league/00000000-0000-4000-8000-000000007001/matchups status=200 duration_ms=152 league_size=10
2026-07-19 17:06:57.000 UTC app/api: INFO request_id=req-000279 method=GET path=/api/league/00000000-0000-4000-8000-000000007001/matchups status=200 duration_ms=153 league_size=10
2026-07-19 17:06:58.500 UTC app/api: INFO request_id=req-000280 method=GET path=/api/league/00000000-0000-4000-8000-000000007001/matchups status=200 duration_ms=154 league_size=10
2026-07-19 17:07:00.000 UTC app/api: INFO request_id=req-000281 method=GET path=/api/league/00000000-0000-4000-8000-000000007001/matchups status=200 duration_ms=155 league_size=16
2026-07-19 17:07:01.500 UTC app/api: INFO request_id=req-000282 method=GET path=/api/league/00000000-0000-4000-8000-000000007001/matchups status=200 duration_ms=156 league_size=10
2026-07-19 17:07:03.000 UTC app/api: INFO request_id=req-000283 method=GET path=/api/league/00000000-0000-4000-8000-000000007001/matchups status=200 duration_ms=157 league_size=10
2026-07-19 17:07:04.500 UTC app/api: INFO request_id=req-000284 method=GET path=/api/league/00000000-0000-4000-8000-000000007001/matchups status=200 duration_ms=158 league_size=10
2026-07-19 17:07:06.000 UTC postgres[991]: LOG duration: 2484.421 ms execute monte_carlo: SELECT update_playoff_odds($1,$2,$3) league_size=10 request_id=req-000285
2026-07-19 17:07:07.500 UTC app/api: INFO request_id=req-000286 method=GET path=/api/league/00000000-0000-4000-8000-000000007001/matchups status=200 duration_ms=160 league_size=10
2026-07-19 17:07:09.000 UTC app/api: INFO request_id=req-000287 method=GET path=/api/league/00000000-0000-4000-8000-000000007001/matchups status=200 duration_ms=161 league_size=10
2026-07-19 17:07:10.500 UTC app/api: INFO request_id=req-000288 method=GET path=/api/league/00000000-0000-4000-8000-000000007001/matchups status=200 duration_ms=162 league_size=10
2026-07-19 17:07:12.000 UTC app/api: INFO request_id=req-000289 method=GET path=/api/league/00000000-0000-4000-8000-000000007001/matchups status=200 duration_ms=163 league_size=16
2026-07-19 17:07:13.500 UTC app/api: INFO request_id=req-000290 method=GET path=/api/league/00000000-0000-4000-8000-000000007001/matchups status=200 duration_ms=164 league_size=10
2026-07-19 17:07:15.000 UTC app/api: INFO request_id=req-000291 method=GET path=/api/league/00000000-0000-4000-8000-000000007001/matchups status=200 duration_ms=165 league_size=10
2026-07-19 17:07:16.500 UTC app/api: INFO request_id=req-000292 method=GET path=/api/league/00000000-0000-4000-8000-000000007001/matchups status=200 duration_ms=166 league_size=10
2026-07-19 17:07:18.000 UTC app/api: INFO request_id=req-000293 method=GET path=/api/league/00000000-0000-4000-8000-000000007001/matchups status=200 duration_ms=167 league_size=16
2026-07-19 17:07:19.500 UTC app/api: INFO request_id=req-000294 method=GET path=/api/league/00000000-0000-4000-8000-000000007001/matchups status=200 duration_ms=168 league_size=10
2026-07-19 17:07:21.000 UTC app/api: INFO request_id=req-000295 method=GET path=/api/league/00000000-0000-4000-8000-000000007001/matchups status=200 duration_ms=169 league_size=10
2026-07-19 17:07:22.500 UTC app/api: INFO request_id=req-000296 method=GET path=/api/league/00000000-0000-4000-8000-000000007001/matchups status=200 duration_ms=170 league_size=10
2026-07-19 17:07:24.000 UTC docker/supavisor[214]: [ERROR] pgbouncer: pool empty pool=primary role=app_user active=200 waiting=23 request_id=req-000297
2026-07-19 17:07:25.500 UTC app/api: INFO request_id=req-000298 method=GET path=/api/league/00000000-0000-4000-8000-000000007001/matchups status=200 duration_ms=172 league_size=10
2026-07-19 17:07:27.000 UTC edge/scoring: HTTP/1.1 200 OK method=GET path=/api/matchups/league/00000000-0000-4000-8000-000000007001 duration_ms=98 request_id=req-000299
2026-07-19 17:07:28.500 UTC app/api: INFO request_id=req-000300 method=GET path=/api/league/00000000-0000-4000-8000-000000007001/matchups status=200 duration_ms=174 league_size=10
2026-07-19 17:07:30.000 UTC app/api: INFO request_id=req-000301 method=GET path=/api/league/00000000-0000-4000-8000-000000007001/matchups status=200 duration_ms=175 league_size=16
2026-07-19 17:07:31.500 UTC app/api: INFO request_id=req-000302 method=GET path=/api/league/00000000-0000-4000-8000-000000007001/matchups status=200 duration_ms=176 league_size=10
2026-07-19 17:07:33.000 UTC app/api: INFO request_id=req-000303 method=GET path=/api/league/00000000-0000-4000-8000-000000007001/matchups status=200 duration_ms=177 league_size=10
2026-07-19 17:07:34.500 UTC app/api: INFO request_id=req-000304 method=GET path=/api/league/00000000-0000-4000-8000-000000007001/matchups status=200 duration_ms=178 league_size=10
2026-07-19 17:07:36.000 UTC app/api: INFO request_id=req-000305 method=GET path=/api/league/00000000-0000-4000-8000-000000007001/matchups status=200 duration_ms=179 league_size=16
2026-07-19 17:07:37.500 UTC app/api: INFO request_id=req-000306 method=GET path=/api/league/00000000-0000-4000-8000-000000007001/matchups status=200 duration_ms=180 league_size=10
2026-07-19 17:07:39.000 UTC app/api: INFO request_id=req-000307 method=GET path=/api/league/00000000-0000-4000-8000-000000007001/matchups status=200 duration_ms=181 league_size=10
2026-07-19 17:07:40.500 UTC app/api: INFO request_id=req-000308 method=GET path=/api/league/00000000-0000-4000-8000-000000007001/matchups status=200 duration_ms=182 league_size=10
2026-07-19 17:07:42.000 UTC app/api: INFO request_id=req-000309 method=GET path=/api/league/00000000-0000-4000-8000-000000007001/matchups status=200 duration_ms=183 league_size=16
2026-07-19 17:07:43.500 UTC app/api: INFO request_id=req-000310 method=GET path=/api/league/00000000-0000-4000-8000-000000007001/matchups status=200 duration_ms=184 league_size=10
2026-07-19 17:07:45.000 UTC app/api: INFO request_id=req-000311 method=GET path=/api/league/00000000-0000-4000-8000-000000007001/matchups status=200 duration_ms=185 league_size=10
2026-07-19 17:07:46.500 UTC app/api: INFO request_id=req-000312 method=GET path=/api/league/00000000-0000-4000-8000-000000007001/matchups status=200 duration_ms=186 league_size=10
2026-07-19 17:07:48.000 UTC app/api: INFO request_id=req-000313 method=GET path=/api/league/00000000-0000-4000-8000-000000007001/matchups status=200 duration_ms=187 league_size=16
2026-07-19 17:07:49.500 UTC app/api: INFO request_id=req-000314 method=GET path=/api/league/00000000-0000-4000-8000-000000007001/matchups status=200 duration_ms=188 league_size=10
2026-07-19 17:07:51.000 UTC app/api: INFO request_id=req-000315 method=GET path=/api/league/00000000-0000-4000-8000-000000007001/matchups status=200 duration_ms=189 league_size=10
2026-07-19 17:07:52.500 UTC app/api: INFO request_id=req-000316 method=GET path=/api/league/00000000-0000-4000-8000-000000007001/matchups status=200 duration_ms=190 league_size=10
2026-07-19 17:07:54.000 UTC app/api: INFO request_id=req-000317 method=GET path=/api/league/00000000-0000-4000-8000-000000007001/matchups status=200 duration_ms=191 league_size=16
2026-07-19 17:07:55.500 UTC app/api: INFO request_id=req-000318 method=GET path=/api/league/00000000-0000-4000-8000-000000007001/matchups status=200 duration_ms=192 league_size=10
2026-07-19 17:07:57.000 UTC docker/supavisor[214]: [WARNING] Supavisor: connection queue latency exceeding 2500ms queue_ms=2819 pool=primary request_id=req-000319
2026-07-19 17:07:58.500 UTC app/api: INFO request_id=req-000320 method=GET path=/api/league/00000000-0000-4000-8000-000000007001/matchups status=200 duration_ms=194 league_size=10
2026-07-19 17:08:00.000 UTC app/api: INFO request_id=req-000321 method=GET path=/api/league/00000000-0000-4000-8000-000000007001/matchups status=200 duration_ms=35 league_size=16
2026-07-19 17:08:01.500 UTC edge/scoring: HTTP/1.1 504 Gateway Timeout method=POST path=/api/scoring/league/00000000-0000-4000-8000-000000007001/correct-week upstream_timeout_ms=5321 request_id=req-000322
2026-07-19 17:08:03.000 UTC app/api: INFO request_id=req-000323 method=GET path=/api/league/00000000-0000-4000-8000-000000007001/matchups status=200 duration_ms=37 league_size=10
2026-07-19 17:08:04.500 UTC app/api: INFO request_id=req-000324 method=GET path=/api/league/00000000-0000-4000-8000-000000007001/matchups status=200 duration_ms=38 league_size=10
2026-07-19 17:08:06.000 UTC app/api: INFO request_id=req-000325 method=GET path=/api/league/00000000-0000-4000-8000-000000007001/matchups status=200 duration_ms=39 league_size=16
2026-07-19 17:08:07.500 UTC app/api: INFO request_id=req-000326 method=GET path=/api/league/00000000-0000-4000-8000-000000007001/matchups status=200 duration_ms=40 league_size=10
2026-07-19 17:08:09.000 UTC app/api: INFO request_id=req-000327 method=GET path=/api/league/00000000-0000-4000-8000-000000007001/matchups status=200 duration_ms=41 league_size=10
2026-07-19 17:08:10.500 UTC app/api: INFO request_id=req-000328 method=GET path=/api/league/00000000-0000-4000-8000-000000007001/matchups status=200 duration_ms=42 league_size=10
2026-07-19 17:08:12.000 UTC app/api: INFO request_id=req-000329 method=GET path=/api/league/00000000-0000-4000-8000-000000007001/matchups status=200 duration_ms=43 league_size=16
2026-07-19 17:08:13.500 UTC app/api: INFO request_id=req-000330 method=GET path=/api/league/00000000-0000-4000-8000-000000007001/matchups status=200 duration_ms=44 league_size=10
2026-07-19 17:08:15.000 UTC app/api: INFO request_id=req-000331 method=GET path=/api/league/00000000-0000-4000-8000-000000007001/matchups status=200 duration_ms=45 league_size=10
2026-07-19 17:08:16.500 UTC app/api: INFO request_id=req-000332 method=GET path=/api/league/00000000-0000-4000-8000-000000007001/matchups status=200 duration_ms=46 league_size=10
2026-07-19 17:08:18.000 UTC app/api: INFO request_id=req-000333 method=GET path=/api/league/00000000-0000-4000-8000-000000007001/matchups status=200 duration_ms=47 league_size=16
2026-07-19 17:08:19.500 UTC docker/supavisor[214]: [ERROR] pgbouncer: pool empty pool=primary role=app_user active=200 waiting=22 request_id=req-000334
2026-07-19 17:08:21.000 UTC app/api: INFO request_id=req-000335 method=GET path=/api/league/00000000-0000-4000-8000-000000007001/matchups status=200 duration_ms=49 league_size=10
2026-07-19 17:08:22.500 UTC app/api: INFO request_id=req-000336 method=GET path=/api/league/00000000-0000-4000-8000-000000007001/matchups status=200 duration_ms=50 league_size=10
2026-07-19 17:08:24.000 UTC app/api: INFO request_id=req-000337 method=GET path=/api/league/00000000-0000-4000-8000-000000007001/matchups status=200 duration_ms=51 league_size=16
2026-07-19 17:08:25.500 UTC app/api: INFO request_id=req-000338 method=GET path=/api/league/00000000-0000-4000-8000-000000007001/matchups status=200 duration_ms=52 league_size=10
2026-07-19 17:08:27.000 UTC app/api: INFO request_id=req-000339 method=GET path=/api/league/00000000-0000-4000-8000-000000007001/matchups status=200 duration_ms=53 league_size=10
2026-07-19 17:08:28.500 UTC app/api: INFO request_id=req-000340 method=GET path=/api/league/00000000-0000-4000-8000-000000007001/matchups status=200 duration_ms=54 league_size=10
2026-07-19 17:08:30.000 UTC app/api: INFO request_id=req-000341 method=GET path=/api/league/00000000-0000-4000-8000-000000007001/matchups status=200 duration_ms=55 league_size=16
2026-07-19 17:08:31.500 UTC app/api: INFO request_id=req-000342 method=GET path=/api/league/00000000-0000-4000-8000-000000007001/matchups status=200 duration_ms=56 league_size=10
2026-07-19 17:08:33.000 UTC app/api: INFO request_id=req-000343 method=GET path=/api/league/00000000-0000-4000-8000-000000007001/matchups status=200 duration_ms=57 league_size=10
2026-07-19 17:08:34.500 UTC app/api: INFO request_id=req-000344 method=GET path=/api/league/00000000-0000-4000-8000-000000007001/matchups status=200 duration_ms=58 league_size=10
2026-07-19 17:08:36.000 UTC app/api: INFO request_id=req-000345 method=GET path=/api/league/00000000-0000-4000-8000-000000007001/matchups status=200 duration_ms=59 league_size=16
2026-07-19 17:08:37.500 UTC app/api: INFO request_id=req-000346 method=GET path=/api/league/00000000-0000-4000-8000-000000007001/matchups status=200 duration_ms=60 league_size=10
2026-07-19 17:08:39.000 UTC app/api: INFO request_id=req-000347 method=GET path=/api/league/00000000-0000-4000-8000-000000007001/matchups status=200 duration_ms=61 league_size=10
2026-07-19 17:08:40.500 UTC app/api: INFO request_id=req-000348 method=GET path=/api/league/00000000-0000-4000-8000-000000007001/matchups status=200 duration_ms=62 league_size=10
2026-07-19 17:08:42.000 UTC app/api: INFO request_id=req-000349 method=GET path=/api/league/00000000-0000-4000-8000-000000007001/matchups status=200 duration_ms=63 league_size=16
2026-07-19 17:08:43.500 UTC app/api: INFO request_id=req-000350 method=GET path=/api/league/00000000-0000-4000-8000-000000007001/matchups status=200 duration_ms=64 league_size=10
2026-07-19 17:08:45.000 UTC app/api: INFO request_id=req-000351 method=GET path=/api/league/00000000-0000-4000-8000-000000007001/matchups status=200 duration_ms=65 league_size=10
2026-07-19 17:08:46.500 UTC app/api: INFO request_id=req-000352 method=GET path=/api/league/00000000-0000-4000-8000-000000007001/matchups status=200 duration_ms=66 league_size=10
2026-07-19 17:08:48.000 UTC app/api: INFO request_id=req-000353 method=GET path=/api/league/00000000-0000-4000-8000-000000007001/matchups status=200 duration_ms=67 league_size=16
2026-07-19 17:08:49.500 UTC app/api: INFO request_id=req-000354 method=GET path=/api/league/00000000-0000-4000-8000-000000007001/matchups status=200 duration_ms=68 league_size=10
2026-07-19 17:08:51.000 UTC app/api: INFO request_id=req-000355 method=GET path=/api/league/00000000-0000-4000-8000-000000007001/matchups status=200 duration_ms=69 league_size=10
2026-07-19 17:08:52.500 UTC postgres[991]: LOG duration: 2555.421 ms execute monte_carlo: SELECT update_playoff_odds($1,$2,$3) league_size=16 request_id=req-000356
2026-07-19 17:08:54.000 UTC postgres[991]: LOG duration: 2456.087 ms execute tank01_ingest: INSERT INTO player_weekly_stats(player_id,season,week,stats) VALUES ($1,$2,$3,$4) league_size=10 request_id=req-000357
2026-07-19 17:08:55.500 UTC app/api: INFO request_id=req-000358 method=GET path=/api/league/00000000-0000-4000-8000-000000007001/matchups status=200 duration_ms=72 league_size=10
2026-07-19 17:08:57.000 UTC app/api: INFO request_id=req-000359 method=GET path=/api/league/00000000-0000-4000-8000-000000007001/matchups status=200 duration_ms=73 league_size=10
2026-07-19 17:08:58.500 UTC app/api: INFO request_id=req-000360 method=GET path=/api/league/00000000-0000-4000-8000-000000007001/matchups status=200 duration_ms=74 league_size=10
2026-07-19 17:09:00.000 UTC app/api: INFO request_id=req-000361 method=GET path=/api/league/00000000-0000-4000-8000-000000007001/matchups status=200 duration_ms=75 league_size=16
2026-07-19 17:09:01.500 UTC app/api: INFO request_id=req-000362 method=GET path=/api/league/00000000-0000-4000-8000-000000007001/matchups status=200 duration_ms=76 league_size=10
2026-07-19 17:09:03.000 UTC app/api: INFO request_id=req-000363 method=GET path=/api/league/00000000-0000-4000-8000-000000007001/matchups status=200 duration_ms=77 league_size=10
2026-07-19 17:09:04.500 UTC app/api: INFO request_id=req-000364 method=GET path=/api/league/00000000-0000-4000-8000-000000007001/matchups status=200 duration_ms=78 league_size=10
2026-07-19 17:09:06.000 UTC app/api: INFO request_id=req-000365 method=GET path=/api/league/00000000-0000-4000-8000-000000007001/matchups status=200 duration_ms=79 league_size=16
2026-07-19 17:09:07.500 UTC app/api: INFO request_id=req-000366 method=GET path=/api/league/00000000-0000-4000-8000-000000007001/matchups status=200 duration_ms=80 league_size=10
2026-07-19 17:09:09.000 UTC app/api: INFO request_id=req-000367 method=GET path=/api/league/00000000-0000-4000-8000-000000007001/matchups status=200 duration_ms=81 league_size=10
2026-07-19 17:09:10.500 UTC app/api: INFO request_id=req-000368 method=GET path=/api/league/00000000-0000-4000-8000-000000007001/matchups status=200 duration_ms=82 league_size=10
2026-07-19 17:09:12.000 UTC app/api: INFO request_id=req-000369 method=GET path=/api/league/00000000-0000-4000-8000-000000007001/matchups status=200 duration_ms=83 league_size=16
2026-07-19 17:09:13.500 UTC app/api: INFO request_id=req-000370 method=GET path=/api/league/00000000-0000-4000-8000-000000007001/matchups status=200 duration_ms=84 league_size=10
2026-07-19 17:09:15.000 UTC docker/supavisor[214]: [ERROR] pgbouncer: pool empty pool=primary role=app_user active=200 waiting=21 request_id=req-000371
2026-07-19 17:09:16.500 UTC docker/supavisor[214]: [WARNING] Supavisor: connection queue latency exceeding 2500ms queue_ms=2872 pool=primary request_id=req-000372
2026-07-19 17:09:18.000 UTC app/api: INFO request_id=req-000373 method=GET path=/api/league/00000000-0000-4000-8000-000000007001/matchups status=200 duration_ms=87 league_size=16
2026-07-19 17:09:19.500 UTC app/api: INFO request_id=req-000374 method=GET path=/api/league/00000000-0000-4000-8000-000000007001/matchups status=200 duration_ms=88 league_size=10
2026-07-19 17:09:21.000 UTC app/api: INFO request_id=req-000375 method=GET path=/api/league/00000000-0000-4000-8000-000000007001/matchups status=200 duration_ms=89 league_size=10
2026-07-19 17:09:22.500 UTC app/api: INFO request_id=req-000376 method=GET path=/api/league/00000000-0000-4000-8000-000000007001/matchups status=200 duration_ms=90 league_size=10
2026-07-19 17:09:24.000 UTC app/api: INFO request_id=req-000377 method=GET path=/api/league/00000000-0000-4000-8000-000000007001/matchups status=200 duration_ms=91 league_size=16
2026-07-19 17:09:25.500 UTC app/api: INFO request_id=req-000378 method=GET path=/api/league/00000000-0000-4000-8000-000000007001/matchups status=200 duration_ms=92 league_size=10
2026-07-19 17:09:27.000 UTC app/api: INFO request_id=req-000379 method=GET path=/api/league/00000000-0000-4000-8000-000000007001/matchups status=200 duration_ms=93 league_size=10
2026-07-19 17:09:28.500 UTC app/api: INFO request_id=req-000380 method=GET path=/api/league/00000000-0000-4000-8000-000000007001/matchups status=200 duration_ms=94 league_size=10
2026-07-19 17:09:30.000 UTC app/api: INFO request_id=req-000381 method=GET path=/api/league/00000000-0000-4000-8000-000000007001/matchups status=200 duration_ms=95 league_size=16
2026-07-19 17:09:31.500 UTC app/api: INFO request_id=req-000382 method=GET path=/api/league/00000000-0000-4000-8000-000000007001/matchups status=200 duration_ms=96 league_size=10
2026-07-19 17:09:33.000 UTC app/api: INFO request_id=req-000383 method=GET path=/api/league/00000000-0000-4000-8000-000000007001/matchups status=200 duration_ms=97 league_size=10
2026-07-19 17:09:34.500 UTC app/api: INFO request_id=req-000384 method=GET path=/api/league/00000000-0000-4000-8000-000000007001/matchups status=200 duration_ms=98 league_size=10
2026-07-19 17:09:36.000 UTC app/api: INFO request_id=req-000385 method=GET path=/api/league/00000000-0000-4000-8000-000000007001/matchups status=200 duration_ms=99 league_size=16
2026-07-19 17:09:37.500 UTC app/api: INFO request_id=req-000386 method=GET path=/api/league/00000000-0000-4000-8000-000000007001/matchups status=200 duration_ms=100 league_size=10
2026-07-19 17:09:39.000 UTC app/api: INFO request_id=req-000387 method=GET path=/api/league/00000000-0000-4000-8000-000000007001/matchups status=200 duration_ms=101 league_size=10
2026-07-19 17:09:40.500 UTC app/api: INFO request_id=req-000388 method=GET path=/api/league/00000000-0000-4000-8000-000000007001/matchups status=200 duration_ms=102 league_size=10
2026-07-19 17:09:42.000 UTC app/api: INFO request_id=req-000389 method=GET path=/api/league/00000000-0000-4000-8000-000000007001/matchups status=200 duration_ms=103 league_size=16
2026-07-19 17:09:43.500 UTC app/api: INFO request_id=req-000390 method=GET path=/api/league/00000000-0000-4000-8000-000000007001/matchups status=200 duration_ms=104 league_size=10
2026-07-19 17:09:45.000 UTC app/api: INFO request_id=req-000391 method=GET path=/api/league/00000000-0000-4000-8000-000000007001/matchups status=200 duration_ms=105 league_size=10
2026-07-19 17:09:46.500 UTC app/api: INFO request_id=req-000392 method=GET path=/api/league/00000000-0000-4000-8000-000000007001/matchups status=200 duration_ms=106 league_size=10
2026-07-19 17:09:48.000 UTC app/api: INFO request_id=req-000393 method=GET path=/api/league/00000000-0000-4000-8000-000000007001/matchups status=200 duration_ms=107 league_size=16
2026-07-19 17:09:49.500 UTC realtime/draft: [WebSocket] Connection dropped on channel: league_draft_board:00000000-0000-4000-8000-000000007001 due to server backpressure client=vu-94 propagation_ms=1093 request_id=req-000394
2026-07-19 17:09:51.000 UTC app/api: INFO request_id=req-000395 method=GET path=/api/league/00000000-0000-4000-8000-000000007001/matchups status=200 duration_ms=109 league_size=10
2026-07-19 17:09:52.500 UTC app/api: INFO request_id=req-000396 method=GET path=/api/league/00000000-0000-4000-8000-000000007001/matchups status=200 duration_ms=110 league_size=10
2026-07-19 17:09:54.000 UTC app/api: INFO request_id=req-000397 method=GET path=/api/league/00000000-0000-4000-8000-000000007001/matchups status=200 duration_ms=111 league_size=16
2026-07-19 17:09:55.500 UTC app/api: INFO request_id=req-000398 method=GET path=/api/league/00000000-0000-4000-8000-000000007001/matchups status=200 duration_ms=112 league_size=10
2026-07-19 17:09:57.000 UTC app/api: INFO request_id=req-000399 method=GET path=/api/league/00000000-0000-4000-8000-000000007001/matchups status=200 duration_ms=113 league_size=10
2026-07-19 17:09:58.500 UTC app/api: INFO request_id=req-000400 method=GET path=/api/league/00000000-0000-4000-8000-000000007001/matchups status=200 duration_ms=114 league_size=10
2026-07-19 17:10:00.000 UTC app/api: INFO request_id=req-000401 method=GET path=/api/league/00000000-0000-4000-8000-000000007001/matchups status=200 duration_ms=115 league_size=16
2026-07-19 17:10:01.500 UTC app/api: INFO request_id=req-000402 method=GET path=/api/league/00000000-0000-4000-8000-000000007001/matchups status=200 duration_ms=116 league_size=10
2026-07-19 17:10:03.000 UTC app/api: INFO request_id=req-000403 method=GET path=/api/league/00000000-0000-4000-8000-000000007001/matchups status=200 duration_ms=117 league_size=10
2026-07-19 17:10:04.500 UTC app/api: INFO request_id=req-000404 method=GET path=/api/league/00000000-0000-4000-8000-000000007001/matchups status=200 duration_ms=118 league_size=10
2026-07-19 17:10:06.000 UTC app/api: INFO request_id=req-000405 method=GET path=/api/league/00000000-0000-4000-8000-000000007001/matchups status=200 duration_ms=119 league_size=16
2026-07-19 17:10:07.500 UTC app/api: INFO request_id=req-000406 method=GET path=/api/league/00000000-0000-4000-8000-000000007001/matchups status=200 duration_ms=120 league_size=10
2026-07-19 17:10:09.000 UTC app/api: INFO request_id=req-000407 method=GET path=/api/league/00000000-0000-4000-8000-000000007001/matchups status=200 duration_ms=121 league_size=10
2026-07-19 17:10:10.500 UTC docker/supavisor[214]: [ERROR] pgbouncer: pool empty pool=primary role=app_user active=200 waiting=20 request_id=req-000408
2026-07-19 17:10:12.000 UTC app/api: INFO request_id=req-000409 method=GET path=/api/league/00000000-0000-4000-8000-000000007001/matchups status=200 duration_ms=123 league_size=16
2026-07-19 17:10:13.500 UTC app/api: INFO request_id=req-000410 method=GET path=/api/league/00000000-0000-4000-8000-000000007001/matchups status=200 duration_ms=124 league_size=10
2026-07-19 17:10:15.000 UTC app/api: INFO request_id=req-000411 method=GET path=/api/league/00000000-0000-4000-8000-000000007001/matchups status=200 duration_ms=125 league_size=10
2026-07-19 17:10:16.500 UTC app/api: INFO request_id=req-000412 method=GET path=/api/league/00000000-0000-4000-8000-000000007001/matchups status=200 duration_ms=126 league_size=10
2026-07-19 17:10:18.000 UTC app/api: INFO request_id=req-000413 method=GET path=/api/league/00000000-0000-4000-8000-000000007001/matchups status=200 duration_ms=127 league_size=16
2026-07-19 17:10:19.500 UTC app/api: INFO request_id=req-000414 method=GET path=/api/league/00000000-0000-4000-8000-000000007001/matchups status=200 duration_ms=128 league_size=10
2026-07-19 17:10:21.000 UTC app/api: INFO request_id=req-000415 method=GET path=/api/league/00000000-0000-4000-8000-000000007001/matchups status=200 duration_ms=129 league_size=10
2026-07-19 17:10:22.500 UTC app/api: INFO request_id=req-000416 method=GET path=/api/league/00000000-0000-4000-8000-000000007001/matchups status=200 duration_ms=130 league_size=10
2026-07-19 17:10:24.000 UTC app/api: INFO request_id=req-000417 method=GET path=/api/league/00000000-0000-4000-8000-000000007001/matchups status=200 duration_ms=131 league_size=16
2026-07-19 17:10:25.500 UTC app/api: INFO request_id=req-000418 method=GET path=/api/league/00000000-0000-4000-8000-000000007001/matchups status=200 duration_ms=132 league_size=10
2026-07-19 17:10:27.000 UTC app/api: INFO request_id=req-000419 method=GET path=/api/league/00000000-0000-4000-8000-000000007001/matchups status=200 duration_ms=133 league_size=10
2026-07-19 17:10:28.500 UTC app/api: INFO request_id=req-000420 method=GET path=/api/league/00000000-0000-4000-8000-000000007001/matchups status=200 duration_ms=134 league_size=10
2026-07-19 17:10:30.000 UTC app/api: INFO request_id=req-000421 method=GET path=/api/league/00000000-0000-4000-8000-000000007001/matchups status=200 duration_ms=135 league_size=16
2026-07-19 17:10:31.500 UTC app/api: INFO request_id=req-000422 method=GET path=/api/league/00000000-0000-4000-8000-000000007001/matchups status=200 duration_ms=136 league_size=10
2026-07-19 17:10:33.000 UTC app/api: INFO request_id=req-000423 method=GET path=/api/league/00000000-0000-4000-8000-000000007001/matchups status=200 duration_ms=137 league_size=10
2026-07-19 17:10:34.500 UTC app/api: INFO request_id=req-000424 method=GET path=/api/league/00000000-0000-4000-8000-000000007001/matchups status=200 duration_ms=138 league_size=10
2026-07-19 17:10:36.000 UTC docker/supavisor[214]: [WARNING] Supavisor: connection queue latency exceeding 2500ms queue_ms=2925 pool=primary request_id=req-000425
2026-07-19 17:10:37.500 UTC app/api: INFO request_id=req-000426 method=GET path=/api/league/00000000-0000-4000-8000-000000007001/matchups status=200 duration_ms=140 league_size=10
2026-07-19 17:10:39.000 UTC postgres[991]: LOG duration: 2626.421 ms execute monte_carlo: SELECT update_playoff_odds($1,$2,$3) league_size=10 request_id=req-000427
2026-07-19 17:10:40.500 UTC app/api: INFO request_id=req-000428 method=GET path=/api/league/00000000-0000-4000-8000-000000007001/matchups status=200 duration_ms=142 league_size=10
2026-07-19 17:10:42.000 UTC edge/scoring: HTTP/1.1 504 Gateway Timeout method=POST path=/api/scoring/league/00000000-0000-4000-8000-000000007001/correct-week upstream_timeout_ms=5428 request_id=req-000429
2026-07-19 17:10:43.500 UTC app/api: INFO request_id=req-000430 method=GET path=/api/league/00000000-0000-4000-8000-000000007001/matchups status=200 duration_ms=144 league_size=10
2026-07-19 17:10:45.000 UTC app/api: INFO request_id=req-000431 method=GET path=/api/league/00000000-0000-4000-8000-000000007001/matchups status=200 duration_ms=145 league_size=10
2026-07-19 17:10:46.500 UTC app/api: INFO request_id=req-000432 method=GET path=/api/league/00000000-0000-4000-8000-000000007001/matchups status=200 duration_ms=146 league_size=10
2026-07-19 17:10:48.000 UTC app/api: INFO request_id=req-000433 method=GET path=/api/league/00000000-0000-4000-8000-000000007001/matchups status=200 duration_ms=147 league_size=16
2026-07-19 17:10:49.500 UTC app/api: INFO request_id=req-000434 method=GET path=/api/league/00000000-0000-4000-8000-000000007001/matchups status=200 duration_ms=148 league_size=10
2026-07-19 17:10:51.000 UTC app/api: INFO request_id=req-000435 method=GET path=/api/league/00000000-0000-4000-8000-000000007001/matchups status=200 duration_ms=149 league_size=10
2026-07-19 17:10:52.500 UTC app/api: INFO request_id=req-000436 method=GET path=/api/league/00000000-0000-4000-8000-000000007001/matchups status=200 duration_ms=150 league_size=10
2026-07-19 17:10:54.000 UTC app/api: INFO request_id=req-000437 method=GET path=/api/league/00000000-0000-4000-8000-000000007001/matchups status=200 duration_ms=151 league_size=16
2026-07-19 17:10:55.500 UTC app/api: INFO request_id=req-000438 method=GET path=/api/league/00000000-0000-4000-8000-000000007001/matchups status=200 duration_ms=152 league_size=10
2026-07-19 17:10:57.000 UTC app/api: INFO request_id=req-000439 method=GET path=/api/league/00000000-0000-4000-8000-000000007001/matchups status=200 duration_ms=153 league_size=10
2026-07-19 17:10:58.500 UTC app/api: INFO request_id=req-000440 method=GET path=/api/league/00000000-0000-4000-8000-000000007001/matchups status=200 duration_ms=154 league_size=10
2026-07-19 17:11:00.000 UTC app/api: INFO request_id=req-000441 method=GET path=/api/league/00000000-0000-4000-8000-000000007001/matchups status=200 duration_ms=155 league_size=16
2026-07-19 17:11:01.500 UTC app/api: INFO request_id=req-000442 method=GET path=/api/league/00000000-0000-4000-8000-000000007001/matchups status=200 duration_ms=156 league_size=10
2026-07-19 17:11:03.000 UTC app/api: INFO request_id=req-000443 method=GET path=/api/league/00000000-0000-4000-8000-000000007001/matchups status=200 duration_ms=157 league_size=10
2026-07-19 17:11:04.500 UTC app/api: INFO request_id=req-000444 method=GET path=/api/league/00000000-0000-4000-8000-000000007001/matchups status=200 duration_ms=158 league_size=10
2026-07-19 17:11:06.000 UTC docker/supavisor[214]: [ERROR] pgbouncer: pool empty pool=primary role=app_user active=200 waiting=19 request_id=req-000445
2026-07-19 17:11:07.500 UTC postgres[991]: LOG duration: 2545.087 ms execute tank01_ingest: INSERT INTO player_weekly_stats(player_id,season,week,stats) VALUES ($1,$2,$3,$4) league_size=10 request_id=req-000446
2026-07-19 17:11:09.000 UTC app/api: INFO request_id=req-000447 method=GET path=/api/league/00000000-0000-4000-8000-000000007001/matchups status=200 duration_ms=161 league_size=10
2026-07-19 17:11:10.500 UTC edge/scoring: HTTP/1.1 200 OK method=GET path=/api/matchups/league/00000000-0000-4000-8000-000000007001 duration_ms=107 request_id=req-000448
2026-07-19 17:11:12.000 UTC app/api: INFO request_id=req-000449 method=GET path=/api/league/00000000-0000-4000-8000-000000007001/matchups status=200 duration_ms=163 league_size=16
2026-07-19 17:11:13.500 UTC app/api: INFO request_id=req-000450 method=GET path=/api/league/00000000-0000-4000-8000-000000007001/matchups status=200 duration_ms=164 league_size=10
2026-07-19 17:11:15.000 UTC app/api: INFO request_id=req-000451 method=GET path=/api/league/00000000-0000-4000-8000-000000007001/matchups status=200 duration_ms=165 league_size=10
2026-07-19 17:11:16.500 UTC app/api: INFO request_id=req-000452 method=GET path=/api/league/00000000-0000-4000-8000-000000007001/matchups status=200 duration_ms=166 league_size=10
2026-07-19 17:11:18.000 UTC app/api: INFO request_id=req-000453 method=GET path=/api/league/00000000-0000-4000-8000-000000007001/matchups status=200 duration_ms=167 league_size=16
2026-07-19 17:11:19.500 UTC app/api: INFO request_id=req-000454 method=GET path=/api/league/00000000-0000-4000-8000-000000007001/matchups status=200 duration_ms=168 league_size=10
2026-07-19 17:11:21.000 UTC app/api: INFO request_id=req-000455 method=GET path=/api/league/00000000-0000-4000-8000-000000007001/matchups status=200 duration_ms=169 league_size=10
2026-07-19 17:11:22.500 UTC app/api: INFO request_id=req-000456 method=GET path=/api/league/00000000-0000-4000-8000-000000007001/matchups status=200 duration_ms=170 league_size=10
2026-07-19 17:11:24.000 UTC app/api: INFO request_id=req-000457 method=GET path=/api/league/00000000-0000-4000-8000-000000007001/matchups status=200 duration_ms=171 league_size=16
2026-07-19 17:11:25.500 UTC app/api: INFO request_id=req-000458 method=GET path=/api/league/00000000-0000-4000-8000-000000007001/matchups status=200 duration_ms=172 league_size=10
2026-07-19 17:11:27.000 UTC app/api: INFO request_id=req-000459 method=GET path=/api/league/00000000-0000-4000-8000-000000007001/matchups status=200 duration_ms=173 league_size=10
2026-07-19 17:11:28.500 UTC app/api: INFO request_id=req-000460 method=GET path=/api/league/00000000-0000-4000-8000-000000007001/matchups status=200 duration_ms=174 league_size=10
2026-07-19 17:11:30.000 UTC app/api: INFO request_id=req-000461 method=GET path=/api/league/00000000-0000-4000-8000-000000007001/matchups status=200 duration_ms=175 league_size=16
2026-07-19 17:11:31.500 UTC app/api: INFO request_id=req-000462 method=GET path=/api/league/00000000-0000-4000-8000-000000007001/matchups status=200 duration_ms=176 league_size=10
2026-07-19 17:11:33.000 UTC app/api: INFO request_id=req-000463 method=GET path=/api/league/00000000-0000-4000-8000-000000007001/matchups status=200 duration_ms=177 league_size=10
2026-07-19 17:11:34.500 UTC app/api: INFO request_id=req-000464 method=GET path=/api/league/00000000-0000-4000-8000-000000007001/matchups status=200 duration_ms=178 league_size=10
2026-07-19 17:11:36.000 UTC app/api: INFO request_id=req-000465 method=GET path=/api/league/00000000-0000-4000-8000-000000007001/matchups status=200 duration_ms=179 league_size=16
2026-07-19 17:11:37.500 UTC app/api: INFO request_id=req-000466 method=GET path=/api/league/00000000-0000-4000-8000-000000007001/matchups status=200 duration_ms=180 league_size=10
2026-07-19 17:11:39.000 UTC app/api: INFO request_id=req-000467 method=GET path=/api/league/00000000-0000-4000-8000-000000007001/matchups status=200 duration_ms=181 league_size=10
2026-07-19 17:11:40.500 UTC app/api: INFO request_id=req-000468 method=GET path=/api/league/00000000-0000-4000-8000-000000007001/matchups status=200 duration_ms=182 league_size=10
2026-07-19 17:11:42.000 UTC app/api: INFO request_id=req-000469 method=GET path=/api/league/00000000-0000-4000-8000-000000007001/matchups status=200 duration_ms=183 league_size=16
2026-07-19 17:11:43.500 UTC app/api: INFO request_id=req-000470 method=GET path=/api/league/00000000-0000-4000-8000-000000007001/matchups status=200 duration_ms=184 league_size=10
2026-07-19 17:11:45.000 UTC app/api: INFO request_id=req-000471 method=GET path=/api/league/00000000-0000-4000-8000-000000007001/matchups status=200 duration_ms=185 league_size=10
2026-07-19 17:11:46.500 UTC app/api: INFO request_id=req-000472 method=GET path=/api/league/00000000-0000-4000-8000-000000007001/matchups status=200 duration_ms=186 league_size=10
2026-07-19 17:11:48.000 UTC app/api: INFO request_id=req-000473 method=GET path=/api/league/00000000-0000-4000-8000-000000007001/matchups status=200 duration_ms=187 league_size=16
2026-07-19 17:11:49.500 UTC app/api: INFO request_id=req-000474 method=GET path=/api/league/00000000-0000-4000-8000-000000007001/matchups status=200 duration_ms=188 league_size=10
2026-07-19 17:11:51.000 UTC app/api: INFO request_id=req-000475 method=GET path=/api/league/00000000-0000-4000-8000-000000007001/matchups status=200 duration_ms=189 league_size=10
2026-07-19 17:11:52.500 UTC app/api: INFO request_id=req-000476 method=GET path=/api/league/00000000-0000-4000-8000-000000007001/matchups status=200 duration_ms=190 league_size=10
2026-07-19 17:11:54.000 UTC app/api: INFO request_id=req-000477 method=GET path=/api/league/00000000-0000-4000-8000-000000007001/matchups status=200 duration_ms=191 league_size=16
2026-07-19 17:11:55.500 UTC docker/supavisor[214]: [WARNING] Supavisor: connection queue latency exceeding 2500ms queue_ms=2978 pool=primary request_id=req-000478
2026-07-19 17:11:57.000 UTC app/api: INFO request_id=req-000479 method=GET path=/api/league/00000000-0000-4000-8000-000000007001/matchups status=200 duration_ms=193 league_size=10
2026-07-19 17:11:58.500 UTC app/api: INFO request_id=req-000480 method=GET path=/api/league/00000000-0000-4000-8000-000000007001/matchups status=200 duration_ms=194 league_size=10
2026-07-19 17:12:00.000 UTC app/api: INFO request_id=req-000481 method=GET path=/api/league/00000000-0000-4000-8000-000000007001/matchups status=200 duration_ms=35 league_size=16
2026-07-19 17:12:01.500 UTC docker/supavisor[214]: [ERROR] pgbouncer: pool empty pool=primary role=app_user active=200 waiting=18 request_id=req-000482
2026-07-19 17:12:03.000 UTC app/api: INFO request_id=req-000483 method=GET path=/api/league/00000000-0000-4000-8000-000000007001/matchups status=200 duration_ms=37 league_size=10
2026-07-19 17:12:04.500 UTC app/api: INFO request_id=req-000484 method=GET path=/api/league/00000000-0000-4000-8000-000000007001/matchups status=200 duration_ms=38 league_size=10
2026-07-19 17:12:06.000 UTC app/api: INFO request_id=req-000485 method=GET path=/api/league/00000000-0000-4000-8000-000000007001/matchups status=200 duration_ms=39 league_size=16
2026-07-19 17:12:07.500 UTC app/api: INFO request_id=req-000486 method=GET path=/api/league/00000000-0000-4000-8000-000000007001/matchups status=200 duration_ms=40 league_size=10
2026-07-19 17:12:09.000 UTC app/api: INFO request_id=req-000487 method=GET path=/api/league/00000000-0000-4000-8000-000000007001/matchups status=200 duration_ms=41 league_size=10
2026-07-19 17:12:10.500 UTC app/api: INFO request_id=req-000488 method=GET path=/api/league/00000000-0000-4000-8000-000000007001/matchups status=200 duration_ms=42 league_size=10
2026-07-19 17:12:12.000 UTC app/api: INFO request_id=req-000489 method=GET path=/api/league/00000000-0000-4000-8000-000000007001/matchups status=200 duration_ms=43 league_size=16
2026-07-19 17:12:13.500 UTC app/api: INFO request_id=req-000490 method=GET path=/api/league/00000000-0000-4000-8000-000000007001/matchups status=200 duration_ms=44 league_size=10
2026-07-19 17:12:15.000 UTC app/api: INFO request_id=req-000491 method=GET path=/api/league/00000000-0000-4000-8000-000000007001/matchups status=200 duration_ms=45 league_size=10
2026-07-19 17:12:16.500 UTC app/api: INFO request_id=req-000492 method=GET path=/api/league/00000000-0000-4000-8000-000000007001/matchups status=200 duration_ms=46 league_size=10
2026-07-19 17:12:18.000 UTC app/api: INFO request_id=req-000493 method=GET path=/api/league/00000000-0000-4000-8000-000000007001/matchups status=200 duration_ms=47 league_size=16
2026-07-19 17:12:19.500 UTC app/api: INFO request_id=req-000494 method=GET path=/api/league/00000000-0000-4000-8000-000000007001/matchups status=200 duration_ms=48 league_size=10
2026-07-19 17:12:21.000 UTC app/api: INFO request_id=req-000495 method=GET path=/api/league/00000000-0000-4000-8000-000000007001/matchups status=200 duration_ms=49 league_size=10
2026-07-19 17:12:22.500 UTC app/api: INFO request_id=req-000496 method=GET path=/api/league/00000000-0000-4000-8000-000000007001/matchups status=200 duration_ms=50 league_size=10
2026-07-19 17:12:24.000 UTC app/api: INFO request_id=req-000497 method=GET path=/api/league/00000000-0000-4000-8000-000000007001/matchups status=200 duration_ms=51 league_size=16
2026-07-19 17:12:25.500 UTC postgres[991]: LOG duration: 2697.421 ms execute monte_carlo: SELECT update_playoff_odds($1,$2,$3) league_size=16 request_id=req-000498
2026-07-19 17:12:27.000 UTC app/api: INFO request_id=req-000499 method=GET path=/api/league/00000000-0000-4000-8000-000000007001/matchups status=200 duration_ms=53 league_size=10
2026-07-19 17:12:28.500 UTC app/api: INFO request_id=req-000500 method=GET path=/api/league/00000000-0000-4000-8000-000000007001/matchups status=200 duration_ms=54 league_size=10
2026-07-19 17:12:30.000 UTC app/api: INFO request_id=req-000501 method=GET path=/api/league/00000000-0000-4000-8000-000000007001/matchups status=200 duration_ms=55 league_size=16
2026-07-19 17:12:31.500 UTC app/api: INFO request_id=req-000502 method=GET path=/api/league/00000000-0000-4000-8000-000000007001/matchups status=200 duration_ms=56 league_size=10
2026-07-19 17:12:33.000 UTC app/api: INFO request_id=req-000503 method=GET path=/api/league/00000000-0000-4000-8000-000000007001/matchups status=200 duration_ms=57 league_size=10
2026-07-19 17:12:34.500 UTC app/api: INFO request_id=req-000504 method=GET path=/api/league/00000000-0000-4000-8000-000000007001/matchups status=200 duration_ms=58 league_size=10
2026-07-19 17:12:36.000 UTC app/api: INFO request_id=req-000505 method=GET path=/api/league/00000000-0000-4000-8000-000000007001/matchups status=200 duration_ms=59 league_size=16
2026-07-19 17:12:37.500 UTC app/api: INFO request_id=req-000506 method=GET path=/api/league/00000000-0000-4000-8000-000000007001/matchups status=200 duration_ms=60 league_size=10
2026-07-19 17:12:39.000 UTC app/api: INFO request_id=req-000507 method=GET path=/api/league/00000000-0000-4000-8000-000000007001/matchups status=200 duration_ms=61 league_size=10
2026-07-19 17:12:40.500 UTC app/api: INFO request_id=req-000508 method=GET path=/api/league/00000000-0000-4000-8000-000000007001/matchups status=200 duration_ms=62 league_size=10
2026-07-19 17:12:42.000 UTC app/api: INFO request_id=req-000509 method=GET path=/api/league/00000000-0000-4000-8000-000000007001/matchups status=200 duration_ms=63 league_size=16
2026-07-19 17:12:43.500 UTC app/api: INFO request_id=req-000510 method=GET path=/api/league/00000000-0000-4000-8000-000000007001/matchups status=200 duration_ms=64 league_size=10
2026-07-19 17:12:45.000 UTC app/api: INFO request_id=req-000511 method=GET path=/api/league/00000000-0000-4000-8000-000000007001/matchups status=200 duration_ms=65 league_size=10
2026-07-19 17:12:46.500 UTC app/api: INFO request_id=req-000512 method=GET path=/api/league/00000000-0000-4000-8000-000000007001/matchups status=200 duration_ms=66 league_size=10
2026-07-19 17:12:48.000 UTC app/api: INFO request_id=req-000513 method=GET path=/api/league/00000000-0000-4000-8000-000000007001/matchups status=200 duration_ms=67 league_size=16
2026-07-19 17:12:49.500 UTC app/api: INFO request_id=req-000514 method=GET path=/api/league/00000000-0000-4000-8000-000000007001/matchups status=200 duration_ms=68 league_size=10
2026-07-19 17:12:51.000 UTC app/api: INFO request_id=req-000515 method=GET path=/api/league/00000000-0000-4000-8000-000000007001/matchups status=200 duration_ms=69 league_size=10
2026-07-19 17:12:52.500 UTC app/api: INFO request_id=req-000516 method=GET path=/api/league/00000000-0000-4000-8000-000000007001/matchups status=200 duration_ms=70 league_size=10
2026-07-19 17:12:54.000 UTC app/api: INFO request_id=req-000517 method=GET path=/api/league/00000000-0000-4000-8000-000000007001/matchups status=200 duration_ms=71 league_size=16
2026-07-19 17:12:55.500 UTC app/api: INFO request_id=req-000518 method=GET path=/api/league/00000000-0000-4000-8000-000000007001/matchups status=200 duration_ms=72 league_size=10
2026-07-19 17:12:57.000 UTC docker/supavisor[214]: [ERROR] pgbouncer: pool empty pool=primary role=app_user active=200 waiting=17 request_id=req-000519
2026-07-19 17:12:58.500 UTC app/api: INFO request_id=req-000520 method=GET path=/api/league/00000000-0000-4000-8000-000000007001/matchups status=200 duration_ms=74 league_size=10
2026-07-19 17:13:00.000 UTC app/api: INFO request_id=req-000521 method=GET path=/api/league/00000000-0000-4000-8000-000000007001/matchups status=200 duration_ms=75 league_size=16
2026-07-19 17:13:01.500 UTC app/api: INFO request_id=req-000522 method=GET path=/api/league/00000000-0000-4000-8000-000000007001/matchups status=200 duration_ms=76 league_size=10
2026-07-19 17:13:03.000 UTC app/api: INFO request_id=req-000523 method=GET path=/api/league/00000000-0000-4000-8000-000000007001/matchups status=200 duration_ms=77 league_size=10
2026-07-19 17:13:04.500 UTC app/api: INFO request_id=req-000524 method=GET path=/api/league/00000000-0000-4000-8000-000000007001/matchups status=200 duration_ms=78 league_size=10
2026-07-19 17:13:06.000 UTC realtime/draft: [WebSocket] Connection dropped on channel: league_draft_board:00000000-0000-4000-8000-000000007001 due to server backpressure client=vu-25 propagation_ms=1224 request_id=req-000525
2026-07-19 17:13:07.500 UTC app/api: INFO request_id=req-000526 method=GET path=/api/league/00000000-0000-4000-8000-000000007001/matchups status=200 duration_ms=80 league_size=10
2026-07-19 17:13:09.000 UTC app/api: INFO request_id=req-000527 method=GET path=/api/league/00000000-0000-4000-8000-000000007001/matchups status=200 duration_ms=81 league_size=10
2026-07-19 17:13:10.500 UTC app/api: INFO request_id=req-000528 method=GET path=/api/league/00000000-0000-4000-8000-000000007001/matchups status=200 duration_ms=82 league_size=10
2026-07-19 17:13:12.000 UTC app/api: INFO request_id=req-000529 method=GET path=/api/league/00000000-0000-4000-8000-000000007001/matchups status=200 duration_ms=83 league_size=16
2026-07-19 17:13:13.500 UTC app/api: INFO request_id=req-000530 method=GET path=/api/league/00000000-0000-4000-8000-000000007001/matchups status=200 duration_ms=84 league_size=10
2026-07-19 17:13:15.000 UTC docker/supavisor[214]: [WARNING] Supavisor: connection queue latency exceeding 2500ms queue_ms=3031 pool=primary request_id=req-000531
2026-07-19 17:13:16.500 UTC app/api: INFO request_id=req-000532 method=GET path=/api/league/00000000-0000-4000-8000-000000007001/matchups status=200 duration_ms=86 league_size=10
2026-07-19 17:13:18.000 UTC app/api: INFO request_id=req-000533 method=GET path=/api/league/00000000-0000-4000-8000-000000007001/matchups status=200 duration_ms=87 league_size=16
2026-07-19 17:13:19.500 UTC app/api: INFO request_id=req-000534 method=GET path=/api/league/00000000-0000-4000-8000-000000007001/matchups status=200 duration_ms=88 league_size=10
2026-07-19 17:13:21.000 UTC postgres[991]: LOG duration: 2634.087 ms execute tank01_ingest: INSERT INTO player_weekly_stats(player_id,season,week,stats) VALUES ($1,$2,$3,$4) league_size=16 request_id=req-000535
2026-07-19 17:13:22.500 UTC edge/scoring: HTTP/1.1 504 Gateway Timeout method=POST path=/api/scoring/league/00000000-0000-4000-8000-000000007001/correct-week upstream_timeout_ms=5535 request_id=req-000536
2026-07-19 17:13:24.000 UTC app/api: INFO request_id=req-000537 method=GET path=/api/league/00000000-0000-4000-8000-000000007001/matchups status=200 duration_ms=91 league_size=16
2026-07-19 17:13:25.500 UTC app/api: INFO request_id=req-000538 method=GET path=/api/league/00000000-0000-4000-8000-000000007001/matchups status=200 duration_ms=92 league_size=10
2026-07-19 17:13:27.000 UTC app/api: INFO request_id=req-000539 method=GET path=/api/league/00000000-0000-4000-8000-000000007001/matchups status=200 duration_ms=93 league_size=10
2026-07-19 17:13:28.500 UTC app/api: INFO request_id=req-000540 method=GET path=/api/league/00000000-0000-4000-8000-000000007001/matchups status=200 duration_ms=94 league_size=10
2026-07-19 17:13:30.000 UTC app/api: INFO request_id=req-000541 method=GET path=/api/league/00000000-0000-4000-8000-000000007001/matchups status=200 duration_ms=95 league_size=16
2026-07-19 17:13:31.500 UTC app/api: INFO request_id=req-000542 method=GET path=/api/league/00000000-0000-4000-8000-000000007001/matchups status=200 duration_ms=96 league_size=10
2026-07-19 17:13:33.000 UTC app/api: INFO request_id=req-000543 method=GET path=/api/league/00000000-0000-4000-8000-000000007001/matchups status=200 duration_ms=97 league_size=10
2026-07-19 17:13:34.500 UTC app/api: INFO request_id=req-000544 method=GET path=/api/league/00000000-0000-4000-8000-000000007001/matchups status=200 duration_ms=98 league_size=10
2026-07-19 17:13:36.000 UTC app/api: INFO request_id=req-000545 method=GET path=/api/league/00000000-0000-4000-8000-000000007001/matchups status=200 duration_ms=99 league_size=16
2026-07-19 17:13:37.500 UTC app/api: INFO request_id=req-000546 method=GET path=/api/league/00000000-0000-4000-8000-000000007001/matchups status=200 duration_ms=100 league_size=10
2026-07-19 17:13:39.000 UTC app/api: INFO request_id=req-000547 method=GET path=/api/league/00000000-0000-4000-8000-000000007001/matchups status=200 duration_ms=101 league_size=10
2026-07-19 17:13:40.500 UTC app/api: INFO request_id=req-000548 method=GET path=/api/league/00000000-0000-4000-8000-000000007001/matchups status=200 duration_ms=102 league_size=10
2026-07-19 17:13:42.000 UTC app/api: INFO request_id=req-000549 method=GET path=/api/league/00000000-0000-4000-8000-000000007001/matchups status=200 duration_ms=103 league_size=16
2026-07-19 17:13:43.500 UTC app/api: INFO request_id=req-000550 method=GET path=/api/league/00000000-0000-4000-8000-000000007001/matchups status=200 duration_ms=104 league_size=10
2026-07-19 17:13:45.000 UTC app/api: INFO request_id=req-000551 method=GET path=/api/league/00000000-0000-4000-8000-000000007001/matchups status=200 duration_ms=105 league_size=10
2026-07-19 17:13:46.500 UTC app/api: INFO request_id=req-000552 method=GET path=/api/league/00000000-0000-4000-8000-000000007001/matchups status=200 duration_ms=106 league_size=10
2026-07-19 17:13:48.000 UTC app/api: INFO request_id=req-000553 method=GET path=/api/league/00000000-0000-4000-8000-000000007001/matchups status=200 duration_ms=107 league_size=16
2026-07-19 17:13:49.500 UTC app/api: INFO request_id=req-000554 method=GET path=/api/league/00000000-0000-4000-8000-000000007001/matchups status=200 duration_ms=108 league_size=10
2026-07-19 17:13:51.000 UTC app/api: INFO request_id=req-000555 method=GET path=/api/league/00000000-0000-4000-8000-000000007001/matchups status=200 duration_ms=109 league_size=10
2026-07-19 17:13:52.500 UTC docker/supavisor[214]: [ERROR] pgbouncer: pool empty pool=primary role=app_user active=200 waiting=16 request_id=req-000556
2026-07-19 17:13:54.000 UTC app/api: INFO request_id=req-000557 method=GET path=/api/league/00000000-0000-4000-8000-000000007001/matchups status=200 duration_ms=111 league_size=16
2026-07-19 17:13:55.500 UTC app/api: INFO request_id=req-000558 method=GET path=/api/league/00000000-0000-4000-8000-000000007001/matchups status=200 duration_ms=112 league_size=10
2026-07-19 17:13:57.000 UTC app/api: INFO request_id=req-000559 method=GET path=/api/league/00000000-0000-4000-8000-000000007001/matchups status=200 duration_ms=113 league_size=10
2026-07-19 17:13:58.500 UTC app/api: INFO request_id=req-000560 method=GET path=/api/league/00000000-0000-4000-8000-000000007001/matchups status=200 duration_ms=114 league_size=10
2026-07-19 17:14:00.000 UTC app/api: INFO request_id=req-000561 method=GET path=/api/league/00000000-0000-4000-8000-000000007001/matchups status=200 duration_ms=115 league_size=16
2026-07-19 17:14:01.500 UTC app/api: INFO request_id=req-000562 method=GET path=/api/league/00000000-0000-4000-8000-000000007001/matchups status=200 duration_ms=116 league_size=10
2026-07-19 17:14:03.000 UTC app/api: INFO request_id=req-000563 method=GET path=/api/league/00000000-0000-4000-8000-000000007001/matchups status=200 duration_ms=117 league_size=10
2026-07-19 17:14:04.500 UTC app/api: INFO request_id=req-000564 method=GET path=/api/league/00000000-0000-4000-8000-000000007001/matchups status=200 duration_ms=118 league_size=10
2026-07-19 17:14:06.000 UTC app/api: INFO request_id=req-000565 method=GET path=/api/league/00000000-0000-4000-8000-000000007001/matchups status=200 duration_ms=119 league_size=16
2026-07-19 17:14:07.500 UTC app/api: INFO request_id=req-000566 method=GET path=/api/league/00000000-0000-4000-8000-000000007001/matchups status=200 duration_ms=120 league_size=10
2026-07-19 17:14:09.000 UTC app/api: INFO request_id=req-000567 method=GET path=/api/league/00000000-0000-4000-8000-000000007001/matchups status=200 duration_ms=121 league_size=10
2026-07-19 17:14:10.500 UTC app/api: INFO request_id=req-000568 method=GET path=/api/league/00000000-0000-4000-8000-000000007001/matchups status=200 duration_ms=122 league_size=10
2026-07-19 17:14:12.000 UTC postgres[991]: LOG duration: 2768.421 ms execute monte_carlo: SELECT update_playoff_odds($1,$2,$3) league_size=10 request_id=req-000569
2026-07-19 17:14:13.500 UTC app/api: INFO request_id=req-000570 method=GET path=/api/league/00000000-0000-4000-8000-000000007001/matchups status=200 duration_ms=124 league_size=10
2026-07-19 17:14:15.000 UTC app/api: INFO request_id=req-000571 method=GET path=/api/league/00000000-0000-4000-8000-000000007001/matchups status=200 duration_ms=125 league_size=10
2026-07-19 17:14:16.500 UTC app/api: INFO request_id=req-000572 method=GET path=/api/league/00000000-0000-4000-8000-000000007001/matchups status=200 duration_ms=126 league_size=10
2026-07-19 17:14:18.000 UTC app/api: INFO request_id=req-000573 method=GET path=/api/league/00000000-0000-4000-8000-000000007001/matchups status=200 duration_ms=127 league_size=16
2026-07-19 17:14:19.500 UTC app/api: INFO request_id=req-000574 method=GET path=/api/league/00000000-0000-4000-8000-000000007001/matchups status=200 duration_ms=128 league_size=10
2026-07-19 17:14:21.000 UTC app/api: INFO request_id=req-000575 method=GET path=/api/league/00000000-0000-4000-8000-000000007001/matchups status=200 duration_ms=129 league_size=10
2026-07-19 17:14:22.500 UTC app/api: INFO request_id=req-000576 method=GET path=/api/league/00000000-0000-4000-8000-000000007001/matchups status=200 duration_ms=130 league_size=10
2026-07-19 17:14:24.000 UTC app/api: INFO request_id=req-000577 method=GET path=/api/league/00000000-0000-4000-8000-000000007001/matchups status=200 duration_ms=131 league_size=16
2026-07-19 17:14:25.500 UTC app/api: INFO request_id=req-000578 method=GET path=/api/league/00000000-0000-4000-8000-000000007001/matchups status=200 duration_ms=132 league_size=10
2026-07-19 17:14:27.000 UTC app/api: INFO request_id=req-000579 method=GET path=/api/league/00000000-0000-4000-8000-000000007001/matchups status=200 duration_ms=133 league_size=10
2026-07-19 17:14:28.500 UTC app/api: INFO request_id=req-000580 method=GET path=/api/league/00000000-0000-4000-8000-000000007001/matchups status=200 duration_ms=134 league_size=10
2026-07-19 17:14:30.000 UTC app/api: INFO request_id=req-000581 method=GET path=/api/league/00000000-0000-4000-8000-000000007001/matchups status=200 duration_ms=135 league_size=16
2026-07-19 17:14:31.500 UTC app/api: INFO request_id=req-000582 method=GET path=/api/league/00000000-0000-4000-8000-000000007001/matchups status=200 duration_ms=136 league_size=10
2026-07-19 17:14:33.000 UTC app/api: INFO request_id=req-000583 method=GET path=/api/league/00000000-0000-4000-8000-000000007001/matchups status=200 duration_ms=137 league_size=10
2026-07-19 17:14:34.500 UTC docker/supavisor[214]: [WARNING] Supavisor: connection queue latency exceeding 2500ms queue_ms=3084 pool=primary request_id=req-000584
2026-07-19 17:14:36.000 UTC app/api: INFO request_id=req-000585 method=GET path=/api/league/00000000-0000-4000-8000-000000007001/matchups status=200 duration_ms=139 league_size=16
2026-07-19 17:14:37.500 UTC app/api: INFO request_id=req-000586 method=GET path=/api/league/00000000-0000-4000-8000-000000007001/matchups status=200 duration_ms=140 league_size=10
2026-07-19 17:14:39.000 UTC app/api: INFO request_id=req-000587 method=GET path=/api/league/00000000-0000-4000-8000-000000007001/matchups status=200 duration_ms=141 league_size=10
2026-07-19 17:14:40.500 UTC app/api: INFO request_id=req-000588 method=GET path=/api/league/00000000-0000-4000-8000-000000007001/matchups status=200 duration_ms=142 league_size=10
2026-07-19 17:14:42.000 UTC app/api: INFO request_id=req-000589 method=GET path=/api/league/00000000-0000-4000-8000-000000007001/matchups status=200 duration_ms=143 league_size=16
2026-07-19 17:14:43.500 UTC app/api: INFO request_id=req-000590 method=GET path=/api/league/00000000-0000-4000-8000-000000007001/matchups status=200 duration_ms=144 league_size=10
2026-07-19 17:14:45.000 UTC app/api: INFO request_id=req-000591 method=GET path=/api/league/00000000-0000-4000-8000-000000007001/matchups status=200 duration_ms=145 league_size=10
2026-07-19 17:14:46.500 UTC app/api: INFO request_id=req-000592 method=GET path=/api/league/00000000-0000-4000-8000-000000007001/matchups status=200 duration_ms=146 league_size=10
2026-07-19 17:14:48.000 UTC docker/supavisor[214]: [ERROR] pgbouncer: pool empty pool=primary role=app_user active=200 waiting=15 request_id=req-000593
2026-07-19 17:14:49.500 UTC app/api: INFO request_id=req-000594 method=GET path=/api/league/00000000-0000-4000-8000-000000007001/matchups status=200 duration_ms=148 league_size=10
2026-07-19 17:14:51.000 UTC app/api: INFO request_id=req-000595 method=GET path=/api/league/00000000-0000-4000-8000-000000007001/matchups status=200 duration_ms=149 league_size=10
2026-07-19 17:14:52.500 UTC app/api: INFO request_id=req-000596 method=GET path=/api/league/00000000-0000-4000-8000-000000007001/matchups status=200 duration_ms=150 league_size=10
2026-07-19 17:14:54.000 UTC edge/scoring: HTTP/1.1 200 OK method=GET path=/api/matchups/league/00000000-0000-4000-8000-000000007001 duration_ms=116 request_id=req-000597
2026-07-19 17:14:55.500 UTC app/api: INFO request_id=req-000598 method=GET path=/api/league/00000000-0000-4000-8000-000000007001/matchups status=200 duration_ms=152 league_size=10
2026-07-19 17:14:57.000 UTC app/api: INFO request_id=req-000599 method=GET path=/api/league/00000000-0000-4000-8000-000000007001/matchups status=200 duration_ms=153 league_size=10
2026-07-19 17:14:58.500 UTC app/api: INFO request_id=req-000600 method=GET path=/api/league/00000000-0000-4000-8000-000000007001/matchups status=200 duration_ms=154 league_size=10
2026-07-19 17:15:00.000 UTC app/api: INFO request_id=req-000601 method=GET path=/api/league/00000000-0000-4000-8000-000000007001/matchups status=200 duration_ms=155 league_size=16
2026-07-19 17:15:01.500 UTC app/api: INFO request_id=req-000602 method=GET path=/api/league/00000000-0000-4000-8000-000000007001/matchups status=200 duration_ms=156 league_size=10
2026-07-19 17:15:03.000 UTC app/api: INFO request_id=req-000603 method=GET path=/api/league/00000000-0000-4000-8000-000000007001/matchups status=200 duration_ms=157 league_size=10
2026-07-19 17:15:04.500 UTC app/api: INFO request_id=req-000604 method=GET path=/api/league/00000000-0000-4000-8000-000000007001/matchups status=200 duration_ms=158 league_size=10
2026-07-19 17:15:06.000 UTC app/api: INFO request_id=req-000605 method=GET path=/api/league/00000000-0000-4000-8000-000000007001/matchups status=200 duration_ms=159 league_size=16
2026-07-19 17:15:07.500 UTC app/api: INFO request_id=req-000606 method=GET path=/api/league/00000000-0000-4000-8000-000000007001/matchups status=200 duration_ms=160 league_size=10
2026-07-19 17:15:09.000 UTC app/api: INFO request_id=req-000607 method=GET path=/api/league/00000000-0000-4000-8000-000000007001/matchups status=200 duration_ms=161 league_size=10
2026-07-19 17:15:10.500 UTC app/api: INFO request_id=req-000608 method=GET path=/api/league/00000000-0000-4000-8000-000000007001/matchups status=200 duration_ms=162 league_size=10
2026-07-19 17:15:12.000 UTC app/api: INFO request_id=req-000609 method=GET path=/api/league/00000000-0000-4000-8000-000000007001/matchups status=200 duration_ms=163 league_size=16
2026-07-19 17:15:13.500 UTC app/api: INFO request_id=req-000610 method=GET path=/api/league/00000000-0000-4000-8000-000000007001/matchups status=200 duration_ms=164 league_size=10
2026-07-19 17:15:15.000 UTC app/api: INFO request_id=req-000611 method=GET path=/api/league/00000000-0000-4000-8000-000000007001/matchups status=200 duration_ms=165 league_size=10
2026-07-19 17:15:16.500 UTC app/api: INFO request_id=req-000612 method=GET path=/api/league/00000000-0000-4000-8000-000000007001/matchups status=200 duration_ms=166 league_size=10
2026-07-19 17:15:18.000 UTC app/api: INFO request_id=req-000613 method=GET path=/api/league/00000000-0000-4000-8000-000000007001/matchups status=200 duration_ms=167 league_size=16
2026-07-19 17:15:19.500 UTC app/api: INFO request_id=req-000614 method=GET path=/api/league/00000000-0000-4000-8000-000000007001/matchups status=200 duration_ms=168 league_size=10
2026-07-19 17:15:21.000 UTC app/api: INFO request_id=req-000615 method=GET path=/api/league/00000000-0000-4000-8000-000000007001/matchups status=200 duration_ms=169 league_size=10
2026-07-19 17:15:22.500 UTC app/api: INFO request_id=req-000616 method=GET path=/api/league/00000000-0000-4000-8000-000000007001/matchups status=200 duration_ms=170 league_size=10
2026-07-19 17:15:24.000 UTC app/api: INFO request_id=req-000617 method=GET path=/api/league/00000000-0000-4000-8000-000000007001/matchups status=200 duration_ms=171 league_size=16
2026-07-19 17:15:25.500 UTC app/api: INFO request_id=req-000618 method=GET path=/api/league/00000000-0000-4000-8000-000000007001/matchups status=200 duration_ms=172 league_size=10
2026-07-19 17:15:27.000 UTC app/api: INFO request_id=req-000619 method=GET path=/api/league/00000000-0000-4000-8000-000000007001/matchups status=200 duration_ms=173 league_size=10
2026-07-19 17:15:28.500 UTC app/api: INFO request_id=req-000620 method=GET path=/api/league/00000000-0000-4000-8000-000000007001/matchups status=200 duration_ms=174 league_size=10
2026-07-19 17:15:30.000 UTC app/api: INFO request_id=req-000621 method=GET path=/api/league/00000000-0000-4000-8000-000000007001/matchups status=200 duration_ms=175 league_size=16
2026-07-19 17:15:31.500 UTC app/api: INFO request_id=req-000622 method=GET path=/api/league/00000000-0000-4000-8000-000000007001/matchups status=200 duration_ms=176 league_size=10
2026-07-19 17:15:33.000 UTC app/api: INFO request_id=req-000623 method=GET path=/api/league/00000000-0000-4000-8000-000000007001/matchups status=200 duration_ms=177 league_size=10
2026-07-19 17:15:34.500 UTC postgres[991]: LOG duration: 2723.087 ms execute tank01_ingest: INSERT INTO player_weekly_stats(player_id,season,week,stats) VALUES ($1,$2,$3,$4) league_size=10 request_id=req-000624
2026-07-19 17:15:36.000 UTC app/api: INFO request_id=req-000625 method=GET path=/api/league/00000000-0000-4000-8000-000000007001/matchups status=200 duration_ms=179 league_size=16
2026-07-19 17:15:37.500 UTC app/api: INFO request_id=req-000626 method=GET path=/api/league/00000000-0000-4000-8000-000000007001/matchups status=200 duration_ms=180 league_size=10
2026-07-19 17:15:39.000 UTC app/api: INFO request_id=req-000627 method=GET path=/api/league/00000000-0000-4000-8000-000000007001/matchups status=200 duration_ms=181 league_size=10
2026-07-19 17:15:40.500 UTC app/api: INFO request_id=req-000628 method=GET path=/api/league/00000000-0000-4000-8000-000000007001/matchups status=200 duration_ms=182 league_size=10
2026-07-19 17:15:42.000 UTC app/api: INFO request_id=req-000629 method=GET path=/api/league/00000000-0000-4000-8000-000000007001/matchups status=200 duration_ms=183 league_size=16
2026-07-19 17:15:43.500 UTC docker/supavisor[214]: [ERROR] pgbouncer: pool empty pool=primary role=app_user active=200 waiting=14 request_id=req-000630
2026-07-19 17:15:45.000 UTC app/api: INFO request_id=req-000631 method=GET path=/api/league/00000000-0000-4000-8000-000000007001/matchups status=200 duration_ms=185 league_size=10
2026-07-19 17:15:46.500 UTC app/api: INFO request_id=req-000632 method=GET path=/api/league/00000000-0000-4000-8000-000000007001/matchups status=200 duration_ms=186 league_size=10
2026-07-19 17:15:48.000 UTC app/api: INFO request_id=req-000633 method=GET path=/api/league/00000000-0000-4000-8000-000000007001/matchups status=200 duration_ms=187 league_size=16
2026-07-19 17:15:49.500 UTC app/api: INFO request_id=req-000634 method=GET path=/api/league/00000000-0000-4000-8000-000000007001/matchups status=200 duration_ms=188 league_size=10
2026-07-19 17:15:51.000 UTC app/api: INFO request_id=req-000635 method=GET path=/api/league/00000000-0000-4000-8000-000000007001/matchups status=200 duration_ms=189 league_size=10
2026-07-19 17:15:52.500 UTC app/api: INFO request_id=req-000636 method=GET path=/api/league/00000000-0000-4000-8000-000000007001/matchups status=200 duration_ms=190 league_size=10
2026-07-19 17:15:54.000 UTC docker/supavisor[214]: [WARNING] Supavisor: connection queue latency exceeding 2500ms queue_ms=3137 pool=primary request_id=req-000637
2026-07-19 17:15:55.500 UTC app/api: INFO request_id=req-000638 method=GET path=/api/league/00000000-0000-4000-8000-000000007001/matchups status=200 duration_ms=192 league_size=10
2026-07-19 17:15:57.000 UTC app/api: INFO request_id=req-000639 method=GET path=/api/league/00000000-0000-4000-8000-000000007001/matchups status=200 duration_ms=193 league_size=10
2026-07-19 17:15:58.500 UTC postgres[991]: LOG duration: 2839.421 ms execute monte_carlo: SELECT update_playoff_odds($1,$2,$3) league_size=16 request_id=req-000640
2026-07-19 17:16:00.000 UTC app/api: INFO request_id=req-000641 method=GET path=/api/league/00000000-0000-4000-8000-000000007001/matchups status=200 duration_ms=35 league_size=16
2026-07-19 17:16:01.500 UTC app/api: INFO request_id=req-000642 method=GET path=/api/league/00000000-0000-4000-8000-000000007001/matchups status=200 duration_ms=36 league_size=10
2026-07-19 17:16:03.000 UTC edge/scoring: HTTP/1.1 504 Gateway Timeout method=POST path=/api/scoring/league/00000000-0000-4000-8000-000000007001/correct-week upstream_timeout_ms=5642 request_id=req-000643
2026-07-19 17:16:04.500 UTC app/api: INFO request_id=req-000644 method=GET path=/api/league/00000000-0000-4000-8000-000000007001/matchups status=200 duration_ms=38 league_size=10
2026-07-19 17:16:06.000 UTC app/api: INFO request_id=req-000645 method=GET path=/api/league/00000000-0000-4000-8000-000000007001/matchups status=200 duration_ms=39 league_size=16
2026-07-19 17:16:07.500 UTC app/api: INFO request_id=req-000646 method=GET path=/api/league/00000000-0000-4000-8000-000000007001/matchups status=200 duration_ms=40 league_size=10
2026-07-19 17:16:09.000 UTC app/api: INFO request_id=req-000647 method=GET path=/api/league/00000000-0000-4000-8000-000000007001/matchups status=200 duration_ms=41 league_size=10
2026-07-19 17:16:10.500 UTC app/api: INFO request_id=req-000648 method=GET path=/api/league/00000000-0000-4000-8000-000000007001/matchups status=200 duration_ms=42 league_size=10
2026-07-19 17:16:12.000 UTC app/api: INFO request_id=req-000649 method=GET path=/api/league/00000000-0000-4000-8000-000000007001/matchups status=200 duration_ms=43 league_size=16
2026-07-19 17:16:13.500 UTC app/api: INFO request_id=req-000650 method=GET path=/api/league/00000000-0000-4000-8000-000000007001/matchups status=200 duration_ms=44 league_size=10
2026-07-19 17:16:15.000 UTC app/api: INFO request_id=req-000651 method=GET path=/api/league/00000000-0000-4000-8000-000000007001/matchups status=200 duration_ms=45 league_size=10
2026-07-19 17:16:16.500 UTC app/api: INFO request_id=req-000652 method=GET path=/api/league/00000000-0000-4000-8000-000000007001/matchups status=200 duration_ms=46 league_size=10
2026-07-19 17:16:18.000 UTC app/api: INFO request_id=req-000653 method=GET path=/api/league/00000000-0000-4000-8000-000000007001/matchups status=200 duration_ms=47 league_size=16
2026-07-19 17:16:19.500 UTC app/api: INFO request_id=req-000654 method=GET path=/api/league/00000000-0000-4000-8000-000000007001/matchups status=200 duration_ms=48 league_size=10
2026-07-19 17:16:21.000 UTC app/api: INFO request_id=req-000655 method=GET path=/api/league/00000000-0000-4000-8000-000000007001/matchups status=200 duration_ms=49 league_size=10
2026-07-19 17:16:22.500 UTC realtime/draft: [WebSocket] Connection dropped on channel: league_draft_board:00000000-0000-4000-8000-000000007001 due to server backpressure client=vu-56 propagation_ms=1355 request_id=req-000656
2026-07-19 17:16:24.000 UTC app/api: INFO request_id=req-000657 method=GET path=/api/league/00000000-0000-4000-8000-000000007001/matchups status=200 duration_ms=51 league_size=16
2026-07-19 17:16:25.500 UTC app/api: INFO request_id=req-000658 method=GET path=/api/league/00000000-0000-4000-8000-000000007001/matchups status=200 duration_ms=52 league_size=10
2026-07-19 17:16:27.000 UTC app/api: INFO request_id=req-000659 method=GET path=/api/league/00000000-0000-4000-8000-000000007001/matchups status=200 duration_ms=53 league_size=10
2026-07-19 17:16:28.500 UTC app/api: INFO request_id=req-000660 method=GET path=/api/league/00000000-0000-4000-8000-000000007001/matchups status=200 duration_ms=54 league_size=10
2026-07-19 17:16:30.000 UTC app/api: INFO request_id=req-000661 method=GET path=/api/league/00000000-0000-4000-8000-000000007001/matchups status=200 duration_ms=55 league_size=16
2026-07-19 17:16:31.500 UTC app/api: INFO request_id=req-000662 method=GET path=/api/league/00000000-0000-4000-8000-000000007001/matchups status=200 duration_ms=56 league_size=10
2026-07-19 17:16:33.000 UTC app/api: INFO request_id=req-000663 method=GET path=/api/league/00000000-0000-4000-8000-000000007001/matchups status=200 duration_ms=57 league_size=10
2026-07-19 17:16:34.500 UTC app/api: INFO request_id=req-000664 method=GET path=/api/league/00000000-0000-4000-8000-000000007001/matchups status=200 duration_ms=58 league_size=10
2026-07-19 17:16:36.000 UTC app/api: INFO request_id=req-000665 method=GET path=/api/league/00000000-0000-4000-8000-000000007001/matchups status=200 duration_ms=59 league_size=16
2026-07-19 17:16:37.500 UTC app/api: INFO request_id=req-000666 method=GET path=/api/league/00000000-0000-4000-8000-000000007001/matchups status=200 duration_ms=60 league_size=10
2026-07-19 17:16:39.000 UTC docker/supavisor[214]: [ERROR] pgbouncer: pool empty pool=primary role=app_user active=200 waiting=13 request_id=req-000667
2026-07-19 17:16:40.500 UTC app/api: INFO request_id=req-000668 method=GET path=/api/league/00000000-0000-4000-8000-000000007001/matchups status=200 duration_ms=62 league_size=10
2026-07-19 17:16:42.000 UTC app/api: INFO request_id=req-000669 method=GET path=/api/league/00000000-0000-4000-8000-000000007001/matchups status=200 duration_ms=63 league_size=16
2026-07-19 17:16:43.500 UTC app/api: INFO request_id=req-000670 method=GET path=/api/league/00000000-0000-4000-8000-000000007001/matchups status=200 duration_ms=64 league_size=10
2026-07-19 17:16:45.000 UTC app/api: INFO request_id=req-000671 method=GET path=/api/league/00000000-0000-4000-8000-000000007001/matchups status=200 duration_ms=65 league_size=10
2026-07-19 17:16:46.500 UTC app/api: INFO request_id=req-000672 method=GET path=/api/league/00000000-0000-4000-8000-000000007001/matchups status=200 duration_ms=66 league_size=10
2026-07-19 17:16:48.000 UTC app/api: INFO request_id=req-000673 method=GET path=/api/league/00000000-0000-4000-8000-000000007001/matchups status=200 duration_ms=67 league_size=16
2026-07-19 17:16:49.500 UTC app/api: INFO request_id=req-000674 method=GET path=/api/league/00000000-0000-4000-8000-000000007001/matchups status=200 duration_ms=68 league_size=10
2026-07-19 17:16:51.000 UTC app/api: INFO request_id=req-000675 method=GET path=/api/league/00000000-0000-4000-8000-000000007001/matchups status=200 duration_ms=69 league_size=10
2026-07-19 17:16:52.500 UTC app/api: INFO request_id=req-000676 method=GET path=/api/league/00000000-0000-4000-8000-000000007001/matchups status=200 duration_ms=70 league_size=10
2026-07-19 17:16:54.000 UTC app/api: INFO request_id=req-000677 method=GET path=/api/league/00000000-0000-4000-8000-000000007001/matchups status=200 duration_ms=71 league_size=16
2026-07-19 17:16:55.500 UTC app/api: INFO request_id=req-000678 method=GET path=/api/league/00000000-0000-4000-8000-000000007001/matchups status=200 duration_ms=72 league_size=10
2026-07-19 17:16:57.000 UTC app/api: INFO request_id=req-000679 method=GET path=/api/league/00000000-0000-4000-8000-000000007001/matchups status=200 duration_ms=73 league_size=10
2026-07-19 17:16:58.500 UTC app/api: INFO request_id=req-000680 method=GET path=/api/league/00000000-0000-4000-8000-000000007001/matchups status=200 duration_ms=74 league_size=10
2026-07-19 17:17:00.000 UTC app/api: INFO request_id=req-000681 method=GET path=/api/league/00000000-0000-4000-8000-000000007001/matchups status=200 duration_ms=75 league_size=16
2026-07-19 17:17:01.500 UTC app/api: INFO request_id=req-000682 method=GET path=/api/league/00000000-0000-4000-8000-000000007001/matchups status=200 duration_ms=76 league_size=10
2026-07-19 17:17:03.000 UTC app/api: INFO request_id=req-000683 method=GET path=/api/league/00000000-0000-4000-8000-000000007001/matchups status=200 duration_ms=77 league_size=10
2026-07-19 17:17:04.500 UTC app/api: INFO request_id=req-000684 method=GET path=/api/league/00000000-0000-4000-8000-000000007001/matchups status=200 duration_ms=78 league_size=10
2026-07-19 17:17:06.000 UTC app/api: INFO request_id=req-000685 method=GET path=/api/league/00000000-0000-4000-8000-000000007001/matchups status=200 duration_ms=79 league_size=16
2026-07-19 17:17:07.500 UTC app/api: INFO request_id=req-000686 method=GET path=/api/league/00000000-0000-4000-8000-000000007001/matchups status=200 duration_ms=80 league_size=10
2026-07-19 17:17:09.000 UTC app/api: INFO request_id=req-000687 method=GET path=/api/league/00000000-0000-4000-8000-000000007001/matchups status=200 duration_ms=81 league_size=10
2026-07-19 17:17:10.500 UTC app/api: INFO request_id=req-000688 method=GET path=/api/league/00000000-0000-4000-8000-000000007001/matchups status=200 duration_ms=82 league_size=10
2026-07-19 17:17:12.000 UTC app/api: INFO request_id=req-000689 method=GET path=/api/league/00000000-0000-4000-8000-000000007001/matchups status=200 duration_ms=83 league_size=16
2026-07-19 17:17:13.500 UTC docker/supavisor[214]: [WARNING] Supavisor: connection queue latency exceeding 2500ms queue_ms=3190 pool=primary request_id=req-000690
2026-07-19 17:17:15.000 UTC app/api: INFO request_id=req-000691 method=GET path=/api/league/00000000-0000-4000-8000-000000007001/matchups status=200 duration_ms=85 league_size=10
2026-07-19 17:17:16.500 UTC app/api: INFO request_id=req-000692 method=GET path=/api/league/00000000-0000-4000-8000-000000007001/matchups status=200 duration_ms=86 league_size=10
2026-07-19 17:17:18.000 UTC app/api: INFO request_id=req-000693 method=GET path=/api/league/00000000-0000-4000-8000-000000007001/matchups status=200 duration_ms=87 league_size=16
2026-07-19 17:17:19.500 UTC app/api: INFO request_id=req-000694 method=GET path=/api/league/00000000-0000-4000-8000-000000007001/matchups status=200 duration_ms=88 league_size=10
2026-07-19 17:17:21.000 UTC app/api: INFO request_id=req-000695 method=GET path=/api/league/00000000-0000-4000-8000-000000007001/matchups status=200 duration_ms=89 league_size=10
2026-07-19 17:17:22.500 UTC app/api: INFO request_id=req-000696 method=GET path=/api/league/00000000-0000-4000-8000-000000007001/matchups status=200 duration_ms=90 league_size=10
2026-07-19 17:17:24.000 UTC app/api: INFO request_id=req-000697 method=GET path=/api/league/00000000-0000-4000-8000-000000007001/matchups status=200 duration_ms=91 league_size=16
2026-07-19 17:17:25.500 UTC app/api: INFO request_id=req-000698 method=GET path=/api/league/00000000-0000-4000-8000-000000007001/matchups status=200 duration_ms=92 league_size=10
2026-07-19 17:17:27.000 UTC app/api: INFO request_id=req-000699 method=GET path=/api/league/00000000-0000-4000-8000-000000007001/matchups status=200 duration_ms=93 league_size=10
2026-07-19 17:17:28.500 UTC app/api: INFO request_id=req-000700 method=GET path=/api/league/00000000-0000-4000-8000-000000007001/matchups status=200 duration_ms=94 league_size=10
2026-07-19 17:17:30.000 UTC app/api: INFO request_id=req-000701 method=GET path=/api/league/00000000-0000-4000-8000-000000007001/matchups status=200 duration_ms=95 league_size=16
2026-07-19 17:17:31.500 UTC app/api: INFO request_id=req-000702 method=GET path=/api/league/00000000-0000-4000-8000-000000007001/matchups status=200 duration_ms=96 league_size=10
2026-07-19 17:17:33.000 UTC app/api: INFO request_id=req-000703 method=GET path=/api/league/00000000-0000-4000-8000-000000007001/matchups status=200 duration_ms=97 league_size=10
2026-07-19 17:17:34.500 UTC docker/supavisor[214]: [ERROR] pgbouncer: pool empty pool=primary role=app_user active=200 waiting=12 request_id=req-000704
2026-07-19 17:17:36.000 UTC app/api: INFO request_id=req-000705 method=GET path=/api/league/00000000-0000-4000-8000-000000007001/matchups status=200 duration_ms=99 league_size=16
2026-07-19 17:17:37.500 UTC app/api: INFO request_id=req-000706 method=GET path=/api/league/00000000-0000-4000-8000-000000007001/matchups status=200 duration_ms=100 league_size=10
2026-07-19 17:17:39.000 UTC app/api: INFO request_id=req-000707 method=GET path=/api/league/00000000-0000-4000-8000-000000007001/matchups status=200 duration_ms=101 league_size=10
2026-07-19 17:17:40.500 UTC app/api: INFO request_id=req-000708 method=GET path=/api/league/00000000-0000-4000-8000-000000007001/matchups status=200 duration_ms=102 league_size=10
2026-07-19 17:17:42.000 UTC app/api: INFO request_id=req-000709 method=GET path=/api/league/00000000-0000-4000-8000-000000007001/matchups status=200 duration_ms=103 league_size=16
2026-07-19 17:17:43.500 UTC app/api: INFO request_id=req-000710 method=GET path=/api/league/00000000-0000-4000-8000-000000007001/matchups status=200 duration_ms=104 league_size=10
2026-07-19 17:17:45.000 UTC postgres[991]: LOG duration: 2910.421 ms execute monte_carlo: SELECT update_playoff_odds($1,$2,$3) league_size=10 request_id=req-000711
2026-07-19 17:17:46.500 UTC app/api: INFO request_id=req-000712 method=GET path=/api/league/00000000-0000-4000-8000-000000007001/matchups status=200 duration_ms=106 league_size=10
2026-07-19 17:17:48.000 UTC postgres[991]: LOG duration: 2812.087 ms execute tank01_ingest: INSERT INTO player_weekly_stats(player_id,season,week,stats) VALUES ($1,$2,$3,$4) league_size=10 request_id=req-000713
2026-07-19 17:17:49.500 UTC app/api: INFO request_id=req-000714 method=GET path=/api/league/00000000-0000-4000-8000-000000007001/matchups status=200 duration_ms=108 league_size=10
2026-07-19 17:17:51.000 UTC app/api: INFO request_id=req-000715 method=GET path=/api/league/00000000-0000-4000-8000-000000007001/matchups status=200 duration_ms=109 league_size=10
2026-07-19 17:17:52.500 UTC app/api: INFO request_id=req-000716 method=GET path=/api/league/00000000-0000-4000-8000-000000007001/matchups status=200 duration_ms=110 league_size=10
2026-07-19 17:17:54.000 UTC app/api: INFO request_id=req-000717 method=GET path=/api/league/00000000-0000-4000-8000-000000007001/matchups status=200 duration_ms=111 league_size=16
2026-07-19 17:17:55.500 UTC app/api: INFO request_id=req-000718 method=GET path=/api/league/00000000-0000-4000-8000-000000007001/matchups status=200 duration_ms=112 league_size=10
2026-07-19 17:17:57.000 UTC app/api: INFO request_id=req-000719 method=GET path=/api/league/00000000-0000-4000-8000-000000007001/matchups status=200 duration_ms=113 league_size=10
2026-07-19 17:17:58.500 UTC app/api: INFO request_id=req-000720 method=GET path=/api/league/00000000-0000-4000-8000-000000007001/matchups status=200 duration_ms=114 league_size=10
2026-07-19 17:18:00.000 UTC app/api: INFO request_id=req-000721 method=GET path=/api/league/00000000-0000-4000-8000-000000007001/matchups status=200 duration_ms=115 league_size=16
2026-07-19 17:18:01.500 UTC app/api: INFO request_id=req-000722 method=GET path=/api/league/00000000-0000-4000-8000-000000007001/matchups status=200 duration_ms=116 league_size=10
2026-07-19 17:18:03.000 UTC app/api: INFO request_id=req-000723 method=GET path=/api/league/00000000-0000-4000-8000-000000007001/matchups status=200 duration_ms=117 league_size=10
2026-07-19 17:18:04.500 UTC app/api: INFO request_id=req-000724 method=GET path=/api/league/00000000-0000-4000-8000-000000007001/matchups status=200 duration_ms=118 league_size=10
2026-07-19 17:18:06.000 UTC app/api: INFO request_id=req-000725 method=GET path=/api/league/00000000-0000-4000-8000-000000007001/matchups status=200 duration_ms=119 league_size=16
2026-07-19 17:18:07.500 UTC app/api: INFO request_id=req-000726 method=GET path=/api/league/00000000-0000-4000-8000-000000007001/matchups status=200 duration_ms=120 league_size=10
2026-07-19 17:18:09.000 UTC app/api: INFO request_id=req-000727 method=GET path=/api/league/00000000-0000-4000-8000-000000007001/matchups status=200 duration_ms=121 league_size=10
2026-07-19 17:18:10.500 UTC app/api: INFO request_id=req-000728 method=GET path=/api/league/00000000-0000-4000-8000-000000007001/matchups status=200 duration_ms=122 league_size=10
2026-07-19 17:18:12.000 UTC app/api: INFO request_id=req-000729 method=GET path=/api/league/00000000-0000-4000-8000-000000007001/matchups status=200 duration_ms=123 league_size=16
2026-07-19 17:18:13.500 UTC app/api: INFO request_id=req-000730 method=GET path=/api/league/00000000-0000-4000-8000-000000007001/matchups status=200 duration_ms=124 league_size=10
2026-07-19 17:18:15.000 UTC app/api: INFO request_id=req-000731 method=GET path=/api/league/00000000-0000-4000-8000-000000007001/matchups status=200 duration_ms=125 league_size=10
2026-07-19 17:18:16.500 UTC app/api: INFO request_id=req-000732 method=GET path=/api/league/00000000-0000-4000-8000-000000007001/matchups status=200 duration_ms=126 league_size=10
2026-07-19 17:18:18.000 UTC app/api: INFO request_id=req-000733 method=GET path=/api/league/00000000-0000-4000-8000-000000007001/matchups status=200 duration_ms=127 league_size=16
2026-07-19 17:18:19.500 UTC app/api: INFO request_id=req-000734 method=GET path=/api/league/00000000-0000-4000-8000-000000007001/matchups status=200 duration_ms=128 league_size=10
2026-07-19 17:18:21.000 UTC app/api: INFO request_id=req-000735 method=GET path=/api/league/00000000-0000-4000-8000-000000007001/matchups status=200 duration_ms=129 league_size=10
2026-07-19 17:18:22.500 UTC app/api: INFO request_id=req-000736 method=GET path=/api/league/00000000-0000-4000-8000-000000007001/matchups status=200 duration_ms=130 league_size=10
2026-07-19 17:18:24.000 UTC app/api: INFO request_id=req-000737 method=GET path=/api/league/00000000-0000-4000-8000-000000007001/matchups status=200 duration_ms=131 league_size=16
2026-07-19 17:18:25.500 UTC app/api: INFO request_id=req-000738 method=GET path=/api/league/00000000-0000-4000-8000-000000007001/matchups status=200 duration_ms=132 league_size=10
2026-07-19 17:18:27.000 UTC app/api: INFO request_id=req-000739 method=GET path=/api/league/00000000-0000-4000-8000-000000007001/matchups status=200 duration_ms=133 league_size=10
2026-07-19 17:18:28.500 UTC app/api: INFO request_id=req-000740 method=GET path=/api/league/00000000-0000-4000-8000-000000007001/matchups status=200 duration_ms=134 league_size=10
2026-07-19 17:18:30.000 UTC docker/supavisor[214]: [ERROR] pgbouncer: pool empty pool=primary role=app_user active=200 waiting=30 request_id=req-000741
2026-07-19 17:18:31.500 UTC app/api: INFO request_id=req-000742 method=GET path=/api/league/00000000-0000-4000-8000-000000007001/matchups status=200 duration_ms=136 league_size=10
2026-07-19 17:18:33.000 UTC docker/supavisor[214]: [WARNING] Supavisor: connection queue latency exceeding 2500ms queue_ms=3243 pool=primary request_id=req-000743
2026-07-19 17:18:34.500 UTC app/api: INFO request_id=req-000744 method=GET path=/api/league/00000000-0000-4000-8000-000000007001/matchups status=200 duration_ms=138 league_size=10
2026-07-19 17:18:36.000 UTC app/api: INFO request_id=req-000745 method=GET path=/api/league/00000000-0000-4000-8000-000000007001/matchups status=200 duration_ms=139 league_size=16
2026-07-19 17:18:37.500 UTC edge/scoring: HTTP/1.1 200 OK method=GET path=/api/matchups/league/00000000-0000-4000-8000-000000007001 duration_ms=125 request_id=req-000746
2026-07-19 17:18:39.000 UTC app/api: INFO request_id=req-000747 method=GET path=/api/league/00000000-0000-4000-8000-000000007001/matchups status=200 duration_ms=141 league_size=10
2026-07-19 17:18:40.500 UTC app/api: INFO request_id=req-000748 method=GET path=/api/league/00000000-0000-4000-8000-000000007001/matchups status=200 duration_ms=142 league_size=10
2026-07-19 17:18:42.000 UTC app/api: INFO request_id=req-000749 method=GET path=/api/league/00000000-0000-4000-8000-000000007001/matchups status=200 duration_ms=143 league_size=16
2026-07-19 17:18:43.500 UTC edge/scoring: HTTP/1.1 504 Gateway Timeout method=POST path=/api/scoring/league/00000000-0000-4000-8000-000000007001/correct-week upstream_timeout_ms=5749 request_id=req-000750
2026-07-19 17:18:45.000 UTC app/api: INFO request_id=req-000751 method=GET path=/api/league/00000000-0000-4000-8000-000000007001/matchups status=200 duration_ms=145 league_size=10
2026-07-19 17:18:46.500 UTC app/api: INFO request_id=req-000752 method=GET path=/api/league/00000000-0000-4000-8000-000000007001/matchups status=200 duration_ms=146 league_size=10
2026-07-19 17:18:48.000 UTC app/api: INFO request_id=req-000753 method=GET path=/api/league/00000000-0000-4000-8000-000000007001/matchups status=200 duration_ms=147 league_size=16
2026-07-19 17:18:49.500 UTC app/api: INFO request_id=req-000754 method=GET path=/api/league/00000000-0000-4000-8000-000000007001/matchups status=200 duration_ms=148 league_size=10
2026-07-19 17:18:51.000 UTC app/api: INFO request_id=req-000755 method=GET path=/api/league/00000000-0000-4000-8000-000000007001/matchups status=200 duration_ms=149 league_size=10
2026-07-19 17:18:52.500 UTC app/api: INFO request_id=req-000756 method=GET path=/api/league/00000000-0000-4000-8000-000000007001/matchups status=200 duration_ms=150 league_size=10
2026-07-19 17:18:54.000 UTC app/api: INFO request_id=req-000757 method=GET path=/api/league/00000000-0000-4000-8000-000000007001/matchups status=200 duration_ms=151 league_size=16
2026-07-19 17:18:55.500 UTC app/api: INFO request_id=req-000758 method=GET path=/api/league/00000000-0000-4000-8000-000000007001/matchups status=200 duration_ms=152 league_size=10
2026-07-19 17:18:57.000 UTC app/api: INFO request_id=req-000759 method=GET path=/api/league/00000000-0000-4000-8000-000000007001/matchups status=200 duration_ms=153 league_size=10
2026-07-19 17:18:58.500 UTC app/api: INFO request_id=req-000760 method=GET path=/api/league/00000000-0000-4000-8000-000000007001/matchups status=200 duration_ms=154 league_size=10
2026-07-19 17:19:00.000 UTC app/api: INFO request_id=req-000761 method=GET path=/api/league/00000000-0000-4000-8000-000000007001/matchups status=200 duration_ms=155 league_size=16
2026-07-19 17:19:01.500 UTC app/api: INFO request_id=req-000762 method=GET path=/api/league/00000000-0000-4000-8000-000000007001/matchups status=200 duration_ms=156 league_size=10
2026-07-19 17:19:03.000 UTC app/api: INFO request_id=req-000763 method=GET path=/api/league/00000000-0000-4000-8000-000000007001/matchups status=200 duration_ms=157 league_size=10
2026-07-19 17:19:04.500 UTC app/api: INFO request_id=req-000764 method=GET path=/api/league/00000000-0000-4000-8000-000000007001/matchups status=200 duration_ms=158 league_size=10
2026-07-19 17:19:06.000 UTC app/api: INFO request_id=req-000765 method=GET path=/api/league/00000000-0000-4000-8000-000000007001/matchups status=200 duration_ms=159 league_size=16
2026-07-19 17:19:07.500 UTC app/api: INFO request_id=req-000766 method=GET path=/api/league/00000000-0000-4000-8000-000000007001/matchups status=200 duration_ms=160 league_size=10
2026-07-19 17:19:09.000 UTC app/api: INFO request_id=req-000767 method=GET path=/api/league/00000000-0000-4000-8000-000000007001/matchups status=200 duration_ms=161 league_size=10
2026-07-19 17:19:10.500 UTC app/api: INFO request_id=req-000768 method=GET path=/api/league/00000000-0000-4000-8000-000000007001/matchups status=200 duration_ms=162 league_size=10
2026-07-19 17:19:12.000 UTC app/api: INFO request_id=req-000769 method=GET path=/api/league/00000000-0000-4000-8000-000000007001/matchups status=200 duration_ms=163 league_size=16
2026-07-19 17:19:13.500 UTC app/api: INFO request_id=req-000770 method=GET path=/api/league/00000000-0000-4000-8000-000000007001/matchups status=200 duration_ms=164 league_size=10
2026-07-19 17:19:15.000 UTC app/api: INFO request_id=req-000771 method=GET path=/api/league/00000000-0000-4000-8000-000000007001/matchups status=200 duration_ms=165 league_size=10
2026-07-19 17:19:16.500 UTC app/api: INFO request_id=req-000772 method=GET path=/api/league/00000000-0000-4000-8000-000000007001/matchups status=200 duration_ms=166 league_size=10
2026-07-19 17:19:18.000 UTC app/api: INFO request_id=req-000773 method=GET path=/api/league/00000000-0000-4000-8000-000000007001/matchups status=200 duration_ms=167 league_size=16
2026-07-19 17:19:19.500 UTC app/api: INFO request_id=req-000774 method=GET path=/api/league/00000000-0000-4000-8000-000000007001/matchups status=200 duration_ms=168 league_size=10
2026-07-19 17:19:21.000 UTC app/api: INFO request_id=req-000775 method=GET path=/api/league/00000000-0000-4000-8000-000000007001/matchups status=200 duration_ms=169 league_size=10
2026-07-19 17:19:22.500 UTC app/api: INFO request_id=req-000776 method=GET path=/api/league/00000000-0000-4000-8000-000000007001/matchups status=200 duration_ms=170 league_size=10
2026-07-19 17:19:24.000 UTC app/api: INFO request_id=req-000777 method=GET path=/api/league/00000000-0000-4000-8000-000000007001/matchups status=200 duration_ms=171 league_size=16
2026-07-19 17:19:25.500 UTC docker/supavisor[214]: [ERROR] pgbouncer: pool empty pool=primary role=app_user active=200 waiting=29 request_id=req-000778
2026-07-19 17:19:27.000 UTC app/api: INFO request_id=req-000779 method=GET path=/api/league/00000000-0000-4000-8000-000000007001/matchups status=200 duration_ms=173 league_size=10
2026-07-19 17:19:28.500 UTC app/api: INFO request_id=req-000780 method=GET path=/api/league/00000000-0000-4000-8000-000000007001/matchups status=200 duration_ms=174 league_size=10
2026-07-19 17:19:30.000 UTC app/api: INFO request_id=req-000781 method=GET path=/api/league/00000000-0000-4000-8000-000000007001/matchups status=200 duration_ms=175 league_size=16
2026-07-19 17:19:31.500 UTC postgres[991]: LOG duration: 2981.421 ms execute monte_carlo: SELECT update_playoff_odds($1,$2,$3) league_size=16 request_id=req-000782
2026-07-19 17:19:33.000 UTC app/api: INFO request_id=req-000783 method=GET path=/api/league/00000000-0000-4000-8000-000000007001/matchups status=200 duration_ms=177 league_size=10
2026-07-19 17:19:34.500 UTC app/api: INFO request_id=req-000784 method=GET path=/api/league/00000000-0000-4000-8000-000000007001/matchups status=200 duration_ms=178 league_size=10
2026-07-19 17:19:36.000 UTC app/api: INFO request_id=req-000785 method=GET path=/api/league/00000000-0000-4000-8000-000000007001/matchups status=200 duration_ms=179 league_size=16
2026-07-19 17:19:37.500 UTC app/api: INFO request_id=req-000786 method=GET path=/api/league/00000000-0000-4000-8000-000000007001/matchups status=200 duration_ms=180 league_size=10
2026-07-19 17:19:39.000 UTC realtime/draft: [WebSocket] Connection dropped on channel: league_draft_board:00000000-0000-4000-8000-000000007001 due to server backpressure client=vu-87 propagation_ms=1486 request_id=req-000787
2026-07-19 17:19:40.500 UTC app/api: INFO request_id=req-000788 method=GET path=/api/league/00000000-0000-4000-8000-000000007001/matchups status=200 duration_ms=182 league_size=10
2026-07-19 17:19:42.000 UTC app/api: INFO request_id=req-000789 method=GET path=/api/league/00000000-0000-4000-8000-000000007001/matchups status=200 duration_ms=183 league_size=16
2026-07-19 17:19:43.500 UTC app/api: INFO request_id=req-000790 method=GET path=/api/league/00000000-0000-4000-8000-000000007001/matchups status=200 duration_ms=184 league_size=10
2026-07-19 17:19:45.000 UTC app/api: INFO request_id=req-000791 method=GET path=/api/league/00000000-0000-4000-8000-000000007001/matchups status=200 duration_ms=185 league_size=10
2026-07-19 17:19:46.500 UTC app/api: INFO request_id=req-000792 method=GET path=/api/league/00000000-0000-4000-8000-000000007001/matchups status=200 duration_ms=186 league_size=10
2026-07-19 17:19:48.000 UTC app/api: INFO request_id=req-000793 method=GET path=/api/league/00000000-0000-4000-8000-000000007001/matchups status=200 duration_ms=187 league_size=16
2026-07-19 17:19:49.500 UTC app/api: INFO request_id=req-000794 method=GET path=/api/league/00000000-0000-4000-8000-000000007001/matchups status=200 duration_ms=188 league_size=10
2026-07-19 17:19:51.000 UTC app/api: INFO request_id=req-000795 method=GET path=/api/league/00000000-0000-4000-8000-000000007001/matchups status=200 duration_ms=189 league_size=10
2026-07-19 17:19:52.500 UTC docker/supavisor[214]: [WARNING] Supavisor: connection queue latency exceeding 2500ms queue_ms=3296 pool=primary request_id=req-000796
2026-07-19 17:19:54.000 UTC app/api: INFO request_id=req-000797 method=GET path=/api/league/00000000-0000-4000-8000-000000007001/matchups status=200 duration_ms=191 league_size=16
2026-07-19 17:19:55.500 UTC app/api: INFO request_id=req-000798 method=GET path=/api/league/00000000-0000-4000-8000-000000007001/matchups status=200 duration_ms=192 league_size=10
2026-07-19 17:19:57.000 UTC app/api: INFO request_id=req-000799 method=GET path=/api/league/00000000-0000-4000-8000-000000007001/matchups status=200 duration_ms=193 league_size=10
2026-07-19 17:19:58.500 UTC app/api: INFO request_id=req-000800 method=GET path=/api/league/00000000-0000-4000-8000-000000007001/matchups status=200 duration_ms=194 league_size=10
2026-07-19 17:20:00.000 UTC app/api: INFO request_id=req-000801 method=GET path=/api/league/00000000-0000-4000-8000-000000007001/matchups status=200 duration_ms=35 league_size=16
2026-07-19 17:20:01.500 UTC postgres[991]: LOG duration: 2901.087 ms execute tank01_ingest: INSERT INTO player_weekly_stats(player_id,season,week,stats) VALUES ($1,$2,$3,$4) league_size=16 request_id=req-000802
2026-07-19 17:20:03.000 UTC app/api: INFO request_id=req-000803 method=GET path=/api/league/00000000-0000-4000-8000-000000007001/matchups status=200 duration_ms=37 league_size=10
2026-07-19 17:20:04.500 UTC app/api: INFO request_id=req-000804 method=GET path=/api/league/00000000-0000-4000-8000-000000007001/matchups status=200 duration_ms=38 league_size=10
2026-07-19 17:20:06.000 UTC app/api: INFO request_id=req-000805 method=GET path=/api/league/00000000-0000-4000-8000-000000007001/matchups status=200 duration_ms=39 league_size=16
2026-07-19 17:20:07.500 UTC app/api: INFO request_id=req-000806 method=GET path=/api/league/00000000-0000-4000-8000-000000007001/matchups status=200 duration_ms=40 league_size=10
2026-07-19 17:20:09.000 UTC app/api: INFO request_id=req-000807 method=GET path=/api/league/00000000-0000-4000-8000-000000007001/matchups status=200 duration_ms=41 league_size=10
2026-07-19 17:20:10.500 UTC app/api: INFO request_id=req-000808 method=GET path=/api/league/00000000-0000-4000-8000-000000007001/matchups status=200 duration_ms=42 league_size=10
2026-07-19 17:20:12.000 UTC app/api: INFO request_id=req-000809 method=GET path=/api/league/00000000-0000-4000-8000-000000007001/matchups status=200 duration_ms=43 league_size=16
2026-07-19 17:20:13.500 UTC app/api: INFO request_id=req-000810 method=GET path=/api/league/00000000-0000-4000-8000-000000007001/matchups status=200 duration_ms=44 league_size=10
2026-07-19 17:20:15.000 UTC app/api: INFO request_id=req-000811 method=GET path=/api/league/00000000-0000-4000-8000-000000007001/matchups status=200 duration_ms=45 league_size=10
2026-07-19 17:20:16.500 UTC app/api: INFO request_id=req-000812 method=GET path=/api/league/00000000-0000-4000-8000-000000007001/matchups status=200 duration_ms=46 league_size=10
2026-07-19 17:20:18.000 UTC app/api: INFO request_id=req-000813 method=GET path=/api/league/00000000-0000-4000-8000-000000007001/matchups status=200 duration_ms=47 league_size=16
2026-07-19 17:20:19.500 UTC app/api: INFO request_id=req-000814 method=GET path=/api/league/00000000-0000-4000-8000-000000007001/matchups status=200 duration_ms=48 league_size=10
2026-07-19 17:20:21.000 UTC docker/supavisor[214]: [ERROR] pgbouncer: pool empty pool=primary role=app_user active=200 waiting=28 request_id=req-000815
2026-07-19 17:20:22.500 UTC app/api: INFO request_id=req-000816 method=GET path=/api/league/00000000-0000-4000-8000-000000007001/matchups status=200 duration_ms=50 league_size=10
2026-07-19 17:20:24.000 UTC app/api: INFO request_id=req-000817 method=GET path=/api/league/00000000-0000-4000-8000-000000007001/matchups status=200 duration_ms=51 league_size=16
2026-07-19 17:20:25.500 UTC app/api: INFO request_id=req-000818 method=GET path=/api/league/00000000-0000-4000-8000-000000007001/matchups status=200 duration_ms=52 league_size=10
2026-07-19 17:20:27.000 UTC app/api: INFO request_id=req-000819 method=GET path=/api/league/00000000-0000-4000-8000-000000007001/matchups status=200 duration_ms=53 league_size=10
2026-07-19 17:20:28.500 UTC app/api: INFO request_id=req-000820 method=GET path=/api/league/00000000-0000-4000-8000-000000007001/matchups status=200 duration_ms=54 league_size=10
2026-07-19 17:20:30.000 UTC app/api: INFO request_id=req-000821 method=GET path=/api/league/00000000-0000-4000-8000-000000007001/matchups status=200 duration_ms=55 league_size=16
2026-07-19 17:20:31.500 UTC app/api: INFO request_id=req-000822 method=GET path=/api/league/00000000-0000-4000-8000-000000007001/matchups status=200 duration_ms=56 league_size=10
2026-07-19 17:20:33.000 UTC app/api: INFO request_id=req-000823 method=GET path=/api/league/00000000-0000-4000-8000-000000007001/matchups status=200 duration_ms=57 league_size=10
2026-07-19 17:20:34.500 UTC app/api: INFO request_id=req-000824 method=GET path=/api/league/00000000-0000-4000-8000-000000007001/matchups status=200 duration_ms=58 league_size=10
2026-07-19 17:20:36.000 UTC app/api: INFO request_id=req-000825 method=GET path=/api/league/00000000-0000-4000-8000-000000007001/matchups status=200 duration_ms=59 league_size=16
2026-07-19 17:20:37.500 UTC app/api: INFO request_id=req-000826 method=GET path=/api/league/00000000-0000-4000-8000-000000007001/matchups status=200 duration_ms=60 league_size=10
2026-07-19 17:20:39.000 UTC app/api: INFO request_id=req-000827 method=GET path=/api/league/00000000-0000-4000-8000-000000007001/matchups status=200 duration_ms=61 league_size=10
2026-07-19 17:20:40.500 UTC app/api: INFO request_id=req-000828 method=GET path=/api/league/00000000-0000-4000-8000-000000007001/matchups status=200 duration_ms=62 league_size=10
2026-07-19 17:20:42.000 UTC app/api: INFO request_id=req-000829 method=GET path=/api/league/00000000-0000-4000-8000-000000007001/matchups status=200 duration_ms=63 league_size=16
2026-07-19 17:20:43.500 UTC app/api: INFO request_id=req-000830 method=GET path=/api/league/00000000-0000-4000-8000-000000007001/matchups status=200 duration_ms=64 league_size=10
2026-07-19 17:20:45.000 UTC app/api: INFO request_id=req-000831 method=GET path=/api/league/00000000-0000-4000-8000-000000007001/matchups status=200 duration_ms=65 league_size=10
2026-07-19 17:20:46.500 UTC app/api: INFO request_id=req-000832 method=GET path=/api/league/00000000-0000-4000-8000-000000007001/matchups status=200 duration_ms=66 league_size=10
2026-07-19 17:20:48.000 UTC app/api: INFO request_id=req-000833 method=GET path=/api/league/00000000-0000-4000-8000-000000007001/matchups status=200 duration_ms=67 league_size=16
2026-07-19 17:20:49.500 UTC app/api: INFO request_id=req-000834 method=GET path=/api/league/00000000-0000-4000-8000-000000007001/matchups status=200 duration_ms=68 league_size=10
2026-07-19 17:20:51.000 UTC app/api: INFO request_id=req-000835 method=GET path=/api/league/00000000-0000-4000-8000-000000007001/matchups status=200 duration_ms=69 league_size=10
2026-07-19 17:20:52.500 UTC app/api: INFO request_id=req-000836 method=GET path=/api/league/00000000-0000-4000-8000-000000007001/matchups status=200 duration_ms=70 league_size=10
2026-07-19 17:20:54.000 UTC app/api: INFO request_id=req-000837 method=GET path=/api/league/00000000-0000-4000-8000-000000007001/matchups status=200 duration_ms=71 league_size=16
2026-07-19 17:20:55.500 UTC app/api: INFO request_id=req-000838 method=GET path=/api/league/00000000-0000-4000-8000-000000007001/matchups status=200 duration_ms=72 league_size=10
2026-07-19 17:20:57.000 UTC app/api: INFO request_id=req-000839 method=GET path=/api/league/00000000-0000-4000-8000-000000007001/matchups status=200 duration_ms=73 league_size=10
2026-07-19 17:20:58.500 UTC app/api: INFO request_id=req-000840 method=GET path=/api/league/00000000-0000-4000-8000-000000007001/matchups status=200 duration_ms=74 league_size=10
2026-07-19 17:21:00.000 UTC app/api: INFO request_id=req-000841 method=GET path=/api/league/00000000-0000-4000-8000-000000007001/matchups status=200 duration_ms=75 league_size=16
2026-07-19 17:21:01.500 UTC app/api: INFO request_id=req-000842 method=GET path=/api/league/00000000-0000-4000-8000-000000007001/matchups status=200 duration_ms=76 league_size=10
2026-07-19 17:21:03.000 UTC app/api: INFO request_id=req-000843 method=GET path=/api/league/00000000-0000-4000-8000-000000007001/matchups status=200 duration_ms=77 league_size=10
2026-07-19 17:21:04.500 UTC app/api: INFO request_id=req-000844 method=GET path=/api/league/00000000-0000-4000-8000-000000007001/matchups status=200 duration_ms=78 league_size=10
2026-07-19 17:21:06.000 UTC app/api: INFO request_id=req-000845 method=GET path=/api/league/00000000-0000-4000-8000-000000007001/matchups status=200 duration_ms=79 league_size=16
2026-07-19 17:21:07.500 UTC app/api: INFO request_id=req-000846 method=GET path=/api/league/00000000-0000-4000-8000-000000007001/matchups status=200 duration_ms=80 league_size=10
2026-07-19 17:21:09.000 UTC app/api: INFO request_id=req-000847 method=GET path=/api/league/00000000-0000-4000-8000-000000007001/matchups status=200 duration_ms=81 league_size=10
2026-07-19 17:21:10.500 UTC app/api: INFO request_id=req-000848 method=GET path=/api/league/00000000-0000-4000-8000-000000007001/matchups status=200 duration_ms=82 league_size=10
2026-07-19 17:21:12.000 UTC docker/supavisor[214]: [WARNING] Supavisor: connection queue latency exceeding 2500ms queue_ms=3349 pool=primary request_id=req-000849
2026-07-19 17:21:13.500 UTC app/api: INFO request_id=req-000850 method=GET path=/api/league/00000000-0000-4000-8000-000000007001/matchups status=200 duration_ms=84 league_size=10
2026-07-19 17:21:15.000 UTC app/api: INFO request_id=req-000851 method=GET path=/api/league/00000000-0000-4000-8000-000000007001/matchups status=200 duration_ms=85 league_size=10
2026-07-19 17:21:16.500 UTC docker/supavisor[214]: [ERROR] pgbouncer: pool empty pool=primary role=app_user active=200 waiting=27 request_id=req-000852
2026-07-19 17:21:18.000 UTC postgres[991]: LOG duration: 3052.421 ms execute monte_carlo: SELECT update_playoff_odds($1,$2,$3) league_size=10 request_id=req-000853
2026-07-19 17:21:19.500 UTC app/api: INFO request_id=req-000854 method=GET path=/api/league/00000000-0000-4000-8000-000000007001/matchups status=200 duration_ms=88 league_size=10
2026-07-19 17:21:21.000 UTC app/api: INFO request_id=req-000855 method=GET path=/api/league/00000000-0000-4000-8000-000000007001/matchups status=200 duration_ms=89 league_size=10
2026-07-19 17:21:22.500 UTC app/api: INFO request_id=req-000856 method=GET path=/api/league/00000000-0000-4000-8000-000000007001/matchups status=200 duration_ms=90 league_size=10
2026-07-19 17:21:24.000 UTC edge/scoring: HTTP/1.1 504 Gateway Timeout method=POST path=/api/scoring/league/00000000-0000-4000-8000-000000007001/correct-week upstream_timeout_ms=5856 request_id=req-000857
2026-07-19 17:21:25.500 UTC app/api: INFO request_id=req-000858 method=GET path=/api/league/00000000-0000-4000-8000-000000007001/matchups status=200 duration_ms=92 league_size=10
2026-07-19 17:21:27.000 UTC app/api: INFO request_id=req-000859 method=GET path=/api/league/00000000-0000-4000-8000-000000007001/matchups status=200 duration_ms=93 league_size=10
2026-07-19 17:21:28.500 UTC app/api: INFO request_id=req-000860 method=GET path=/api/league/00000000-0000-4000-8000-000000007001/matchups status=200 duration_ms=94 league_size=10
2026-07-19 17:21:30.000 UTC app/api: INFO request_id=req-000861 method=GET path=/api/league/00000000-0000-4000-8000-000000007001/matchups status=200 duration_ms=95 league_size=16
2026-07-19 17:21:31.500 UTC app/api: INFO request_id=req-000862 method=GET path=/api/league/00000000-0000-4000-8000-000000007001/matchups status=200 duration_ms=96 league_size=10
2026-07-19 17:21:33.000 UTC app/api: INFO request_id=req-000863 method=GET path=/api/league/00000000-0000-4000-8000-000000007001/matchups status=200 duration_ms=97 league_size=10
2026-07-19 17:21:34.500 UTC app/api: INFO request_id=req-000864 method=GET path=/api/league/00000000-0000-4000-8000-000000007001/matchups status=200 duration_ms=98 league_size=10
2026-07-19 17:21:36.000 UTC app/api: INFO request_id=req-000865 method=GET path=/api/league/00000000-0000-4000-8000-000000007001/matchups status=200 duration_ms=99 league_size=16
2026-07-19 17:21:37.500 UTC app/api: INFO request_id=req-000866 method=GET path=/api/league/00000000-0000-4000-8000-000000007001/matchups status=200 duration_ms=100 league_size=10
2026-07-19 17:21:39.000 UTC app/api: INFO request_id=req-000867 method=GET path=/api/league/00000000-0000-4000-8000-000000007001/matchups status=200 duration_ms=101 league_size=10
2026-07-19 17:21:40.500 UTC app/api: INFO request_id=req-000868 method=GET path=/api/league/00000000-0000-4000-8000-000000007001/matchups status=200 duration_ms=102 league_size=10
2026-07-19 17:21:42.000 UTC app/api: INFO request_id=req-000869 method=GET path=/api/league/00000000-0000-4000-8000-000000007001/matchups status=200 duration_ms=103 league_size=16
2026-07-19 17:21:43.500 UTC app/api: INFO request_id=req-000870 method=GET path=/api/league/00000000-0000-4000-8000-000000007001/matchups status=200 duration_ms=104 league_size=10
2026-07-19 17:21:45.000 UTC app/api: INFO request_id=req-000871 method=GET path=/api/league/00000000-0000-4000-8000-000000007001/matchups status=200 duration_ms=105 league_size=10
2026-07-19 17:21:46.500 UTC app/api: INFO request_id=req-000872 method=GET path=/api/league/00000000-0000-4000-8000-000000007001/matchups status=200 duration_ms=106 league_size=10
2026-07-19 17:21:48.000 UTC app/api: INFO request_id=req-000873 method=GET path=/api/league/00000000-0000-4000-8000-000000007001/matchups status=200 duration_ms=107 league_size=16
2026-07-19 17:21:49.500 UTC app/api: INFO request_id=req-000874 method=GET path=/api/league/00000000-0000-4000-8000-000000007001/matchups status=200 duration_ms=108 league_size=10
2026-07-19 17:21:51.000 UTC app/api: INFO request_id=req-000875 method=GET path=/api/league/00000000-0000-4000-8000-000000007001/matchups status=200 duration_ms=109 league_size=10
2026-07-19 17:21:52.500 UTC app/api: INFO request_id=req-000876 method=GET path=/api/league/00000000-0000-4000-8000-000000007001/matchups status=200 duration_ms=110 league_size=10
2026-07-19 17:21:54.000 UTC app/api: INFO request_id=req-000877 method=GET path=/api/league/00000000-0000-4000-8000-000000007001/matchups status=200 duration_ms=111 league_size=16
2026-07-19 17:21:55.500 UTC app/api: INFO request_id=req-000878 method=GET path=/api/league/00000000-0000-4000-8000-000000007001/matchups status=200 duration_ms=112 league_size=10
2026-07-19 17:21:57.000 UTC app/api: INFO request_id=req-000879 method=GET path=/api/league/00000000-0000-4000-8000-000000007001/matchups status=200 duration_ms=113 league_size=10
2026-07-19 17:21:58.500 UTC app/api: INFO request_id=req-000880 method=GET path=/api/league/00000000-0000-4000-8000-000000007001/matchups status=200 duration_ms=114 league_size=10
2026-07-19 17:22:00.000 UTC app/api: INFO request_id=req-000881 method=GET path=/api/league/00000000-0000-4000-8000-000000007001/matchups status=200 duration_ms=115 league_size=16
2026-07-19 17:22:01.500 UTC app/api: INFO request_id=req-000882 method=GET path=/api/league/00000000-0000-4000-8000-000000007001/matchups status=200 duration_ms=116 league_size=10
2026-07-19 17:22:03.000 UTC app/api: INFO request_id=req-000883 method=GET path=/api/league/00000000-0000-4000-8000-000000007001/matchups status=200 duration_ms=117 league_size=10
2026-07-19 17:22:04.500 UTC app/api: INFO request_id=req-000884 method=GET path=/api/league/00000000-0000-4000-8000-000000007001/matchups status=200 duration_ms=118 league_size=10
2026-07-19 17:22:06.000 UTC app/api: INFO request_id=req-000885 method=GET path=/api/league/00000000-0000-4000-8000-000000007001/matchups status=200 duration_ms=119 league_size=16
2026-07-19 17:22:07.500 UTC app/api: INFO request_id=req-000886 method=GET path=/api/league/00000000-0000-4000-8000-000000007001/matchups status=200 duration_ms=120 league_size=10
2026-07-19 17:22:09.000 UTC app/api: INFO request_id=req-000887 method=GET path=/api/league/00000000-0000-4000-8000-000000007001/matchups status=200 duration_ms=121 league_size=10
2026-07-19 17:22:10.500 UTC app/api: INFO request_id=req-000888 method=GET path=/api/league/00000000-0000-4000-8000-000000007001/matchups status=200 duration_ms=122 league_size=10
2026-07-19 17:22:12.000 UTC docker/supavisor[214]: [ERROR] pgbouncer: pool empty pool=primary role=app_user active=200 waiting=26 request_id=req-000889
2026-07-19 17:22:13.500 UTC app/api: INFO request_id=req-000890 method=GET path=/api/league/00000000-0000-4000-8000-000000007001/matchups status=200 duration_ms=124 league_size=10
2026-07-19 17:22:15.000 UTC postgres[991]: LOG duration: 2990.087 ms execute tank01_ingest: INSERT INTO player_weekly_stats(player_id,season,week,stats) VALUES ($1,$2,$3,$4) league_size=10 request_id=req-000891
2026-07-19 17:22:16.500 UTC app/api: INFO request_id=req-000892 method=GET path=/api/league/00000000-0000-4000-8000-000000007001/matchups status=200 duration_ms=126 league_size=10
2026-07-19 17:22:18.000 UTC app/api: INFO request_id=req-000893 method=GET path=/api/league/00000000-0000-4000-8000-000000007001/matchups status=200 duration_ms=127 league_size=16
2026-07-19 17:22:19.500 UTC app/api: INFO request_id=req-000894 method=GET path=/api/league/00000000-0000-4000-8000-000000007001/matchups status=200 duration_ms=128 league_size=10
2026-07-19 17:22:21.000 UTC edge/scoring: HTTP/1.1 200 OK method=GET path=/api/matchups/league/00000000-0000-4000-8000-000000007001 duration_ms=134 request_id=req-000895
2026-07-19 17:22:22.500 UTC app/api: INFO request_id=req-000896 method=GET path=/api/league/00000000-0000-4000-8000-000000007001/matchups status=200 duration_ms=130 league_size=10
2026-07-19 17:22:24.000 UTC app/api: INFO request_id=req-000897 method=GET path=/api/league/00000000-0000-4000-8000-000000007001/matchups status=200 duration_ms=131 league_size=16
2026-07-19 17:22:25.500 UTC app/api: INFO request_id=req-000898 method=GET path=/api/league/00000000-0000-4000-8000-000000007001/matchups status=200 duration_ms=132 league_size=10
2026-07-19 17:22:27.000 UTC app/api: INFO request_id=req-000899 method=GET path=/api/league/00000000-0000-4000-8000-000000007001/matchups status=200 duration_ms=133 league_size=10
2026-07-19 17:22:28.500 UTC app/api: INFO request_id=req-000900 method=GET path=/api/league/00000000-0000-4000-8000-000000007001/matchups status=200 duration_ms=134 league_size=10
2026-07-19 17:22:30.000 UTC app/api: INFO request_id=req-000901 method=GET path=/api/league/00000000-0000-4000-8000-000000007001/matchups status=200 duration_ms=135 league_size=16
2026-07-19 17:22:31.500 UTC docker/supavisor[214]: [WARNING] Supavisor: connection queue latency exceeding 2500ms queue_ms=2502 pool=primary request_id=req-000902
2026-07-19 17:22:33.000 UTC app/api: INFO request_id=req-000903 method=GET path=/api/league/00000000-0000-4000-8000-000000007001/matchups status=200 duration_ms=137 league_size=10
2026-07-19 17:22:34.500 UTC app/api: INFO request_id=req-000904 method=GET path=/api/league/00000000-0000-4000-8000-000000007001/matchups status=200 duration_ms=138 league_size=10
2026-07-19 17:22:36.000 UTC app/api: INFO request_id=req-000905 method=GET path=/api/league/00000000-0000-4000-8000-000000007001/matchups status=200 duration_ms=139 league_size=16
2026-07-19 17:22:37.500 UTC app/api: INFO request_id=req-000906 method=GET path=/api/league/00000000-0000-4000-8000-000000007001/matchups status=200 duration_ms=140 league_size=10
2026-07-19 17:22:39.000 UTC app/api: INFO request_id=req-000907 method=GET path=/api/league/00000000-0000-4000-8000-000000007001/matchups status=200 duration_ms=141 league_size=10
2026-07-19 17:22:40.500 UTC app/api: INFO request_id=req-000908 method=GET path=/api/league/00000000-0000-4000-8000-000000007001/matchups status=200 duration_ms=142 league_size=10
2026-07-19 17:22:42.000 UTC app/api: INFO request_id=req-000909 method=GET path=/api/league/00000000-0000-4000-8000-000000007001/matchups status=200 duration_ms=143 league_size=16
2026-07-19 17:22:43.500 UTC app/api: INFO request_id=req-000910 method=GET path=/api/league/00000000-0000-4000-8000-000000007001/matchups status=200 duration_ms=144 league_size=10
2026-07-19 17:22:45.000 UTC app/api: INFO request_id=req-000911 method=GET path=/api/league/00000000-0000-4000-8000-000000007001/matchups status=200 duration_ms=145 league_size=10
2026-07-19 17:22:46.500 UTC app/api: INFO request_id=req-000912 method=GET path=/api/league/00000000-0000-4000-8000-000000007001/matchups status=200 duration_ms=146 league_size=10
2026-07-19 17:22:48.000 UTC app/api: INFO request_id=req-000913 method=GET path=/api/league/00000000-0000-4000-8000-000000007001/matchups status=200 duration_ms=147 league_size=16
2026-07-19 17:22:49.500 UTC app/api: INFO request_id=req-000914 method=GET path=/api/league/00000000-0000-4000-8000-000000007001/matchups status=200 duration_ms=148 league_size=10
2026-07-19 17:22:51.000 UTC app/api: INFO request_id=req-000915 method=GET path=/api/league/00000000-0000-4000-8000-000000007001/matchups status=200 duration_ms=149 league_size=10
2026-07-19 17:22:52.500 UTC app/api: INFO request_id=req-000916 method=GET path=/api/league/00000000-0000-4000-8000-000000007001/matchups status=200 duration_ms=150 league_size=10
2026-07-19 17:22:54.000 UTC app/api: INFO request_id=req-000917 method=GET path=/api/league/00000000-0000-4000-8000-000000007001/matchups status=200 duration_ms=151 league_size=16
2026-07-19 17:22:55.500 UTC realtime/draft: [WebSocket] Connection dropped on channel: league_draft_board:00000000-0000-4000-8000-000000007001 due to server backpressure client=vu-18 propagation_ms=1617 request_id=req-000918
2026-07-19 17:22:57.000 UTC app/api: INFO request_id=req-000919 method=GET path=/api/league/00000000-0000-4000-8000-000000007001/matchups status=200 duration_ms=153 league_size=10
2026-07-19 17:22:58.500 UTC app/api: INFO request_id=req-000920 method=GET path=/api/league/00000000-0000-4000-8000-000000007001/matchups status=200 duration_ms=154 league_size=10
2026-07-19 17:23:00.000 UTC app/api: INFO request_id=req-000921 method=GET path=/api/league/00000000-0000-4000-8000-000000007001/matchups status=200 duration_ms=155 league_size=16
2026-07-19 17:23:01.500 UTC app/api: INFO request_id=req-000922 method=GET path=/api/league/00000000-0000-4000-8000-000000007001/matchups status=200 duration_ms=156 league_size=10
2026-07-19 17:23:03.000 UTC app/api: INFO request_id=req-000923 method=GET path=/api/league/00000000-0000-4000-8000-000000007001/matchups status=200 duration_ms=157 league_size=10
2026-07-19 17:23:04.500 UTC postgres[991]: LOG duration: 3123.421 ms execute monte_carlo: SELECT update_playoff_odds($1,$2,$3) league_size=16 request_id=req-000924
2026-07-19 17:23:06.000 UTC app/api: INFO request_id=req-000925 method=GET path=/api/league/00000000-0000-4000-8000-000000007001/matchups status=200 duration_ms=159 league_size=16
2026-07-19 17:23:07.500 UTC docker/supavisor[214]: [ERROR] pgbouncer: pool empty pool=primary role=app_user active=200 waiting=25 request_id=req-000926
2026-07-19 17:23:09.000 UTC app/api: INFO request_id=req-000927 method=GET path=/api/league/00000000-0000-4000-8000-000000007001/matchups status=200 duration_ms=161 league_size=10
2026-07-19 17:23:10.500 UTC app/api: INFO request_id=req-000928 method=GET path=/api/league/00000000-0000-4000-8000-000000007001/matchups status=200 duration_ms=162 league_size=10
2026-07-19 17:23:12.000 UTC app/api: INFO request_id=req-000929 method=GET path=/api/league/00000000-0000-4000-8000-000000007001/matchups status=200 duration_ms=163 league_size=16
2026-07-19 17:23:13.500 UTC app/api: INFO request_id=req-000930 method=GET path=/api/league/00000000-0000-4000-8000-000000007001/matchups status=200 duration_ms=164 league_size=10
2026-07-19 17:23:15.000 UTC app/api: INFO request_id=req-000931 method=GET path=/api/league/00000000-0000-4000-8000-000000007001/matchups status=200 duration_ms=165 league_size=10
2026-07-19 17:23:16.500 UTC app/api: INFO request_id=req-000932 method=GET path=/api/league/00000000-0000-4000-8000-000000007001/matchups status=200 duration_ms=166 league_size=10
2026-07-19 17:23:18.000 UTC app/api: INFO request_id=req-000933 method=GET path=/api/league/00000000-0000-4000-8000-000000007001/matchups status=200 duration_ms=167 league_size=16
2026-07-19 17:23:19.500 UTC app/api: INFO request_id=req-000934 method=GET path=/api/league/00000000-0000-4000-8000-000000007001/matchups status=200 duration_ms=168 league_size=10
2026-07-19 17:23:21.000 UTC app/api: INFO request_id=req-000935 method=GET path=/api/league/00000000-0000-4000-8000-000000007001/matchups status=200 duration_ms=169 league_size=10
2026-07-19 17:23:22.500 UTC app/api: INFO request_id=req-000936 method=GET path=/api/league/00000000-0000-4000-8000-000000007001/matchups status=200 duration_ms=170 league_size=10
2026-07-19 17:23:24.000 UTC app/api: INFO request_id=req-000937 method=GET path=/api/league/00000000-0000-4000-8000-000000007001/matchups status=200 duration_ms=171 league_size=16
2026-07-19 17:23:25.500 UTC app/api: INFO request_id=req-000938 method=GET path=/api/league/00000000-0000-4000-8000-000000007001/matchups status=200 duration_ms=172 league_size=10
2026-07-19 17:23:27.000 UTC app/api: INFO request_id=req-000939 method=GET path=/api/league/00000000-0000-4000-8000-000000007001/matchups status=200 duration_ms=173 league_size=10
2026-07-19 17:23:28.500 UTC app/api: INFO request_id=req-000940 method=GET path=/api/league/00000000-0000-4000-8000-000000007001/matchups status=200 duration_ms=174 league_size=10
2026-07-19 17:23:30.000 UTC app/api: INFO request_id=req-000941 method=GET path=/api/league/00000000-0000-4000-8000-000000007001/matchups status=200 duration_ms=175 league_size=16
2026-07-19 17:23:31.500 UTC app/api: INFO request_id=req-000942 method=GET path=/api/league/00000000-0000-4000-8000-000000007001/matchups status=200 duration_ms=176 league_size=10
2026-07-19 17:23:33.000 UTC app/api: INFO request_id=req-000943 method=GET path=/api/league/00000000-0000-4000-8000-000000007001/matchups status=200 duration_ms=177 league_size=10
2026-07-19 17:23:34.500 UTC app/api: INFO request_id=req-000944 method=GET path=/api/league/00000000-0000-4000-8000-000000007001/matchups status=200 duration_ms=178 league_size=10
2026-07-19 17:23:36.000 UTC app/api: INFO request_id=req-000945 method=GET path=/api/league/00000000-0000-4000-8000-000000007001/matchups status=200 duration_ms=179 league_size=16
2026-07-19 17:23:37.500 UTC app/api: INFO request_id=req-000946 method=GET path=/api/league/00000000-0000-4000-8000-000000007001/matchups status=200 duration_ms=180 league_size=10
2026-07-19 17:23:39.000 UTC app/api: INFO request_id=req-000947 method=GET path=/api/league/00000000-0000-4000-8000-000000007001/matchups status=200 duration_ms=181 league_size=10
2026-07-19 17:23:40.500 UTC app/api: INFO request_id=req-000948 method=GET path=/api/league/00000000-0000-4000-8000-000000007001/matchups status=200 duration_ms=182 league_size=10
2026-07-19 17:23:42.000 UTC app/api: INFO request_id=req-000949 method=GET path=/api/league/00000000-0000-4000-8000-000000007001/matchups status=200 duration_ms=183 league_size=16
2026-07-19 17:23:43.500 UTC app/api: INFO request_id=req-000950 method=GET path=/api/league/00000000-0000-4000-8000-000000007001/matchups status=200 duration_ms=184 league_size=10
2026-07-19 17:23:45.000 UTC app/api: INFO request_id=req-000951 method=GET path=/api/league/00000000-0000-4000-8000-000000007001/matchups status=200 duration_ms=185 league_size=10
2026-07-19 17:23:46.500 UTC app/api: INFO request_id=req-000952 method=GET path=/api/league/00000000-0000-4000-8000-000000007001/matchups status=200 duration_ms=186 league_size=10
2026-07-19 17:23:48.000 UTC app/api: INFO request_id=req-000953 method=GET path=/api/league/00000000-0000-4000-8000-000000007001/matchups status=200 duration_ms=187 league_size=16
2026-07-19 17:23:49.500 UTC app/api: INFO request_id=req-000954 method=GET path=/api/league/00000000-0000-4000-8000-000000007001/matchups status=200 duration_ms=188 league_size=10
2026-07-19 17:23:51.000 UTC docker/supavisor[214]: [WARNING] Supavisor: connection queue latency exceeding 2500ms queue_ms=2555 pool=primary request_id=req-000955
2026-07-19 17:23:52.500 UTC app/api: INFO request_id=req-000956 method=GET path=/api/league/00000000-0000-4000-8000-000000007001/matchups status=200 duration_ms=190 league_size=10
2026-07-19 17:23:54.000 UTC app/api: INFO request_id=req-000957 method=GET path=/api/league/00000000-0000-4000-8000-000000007001/matchups status=200 duration_ms=191 league_size=16
2026-07-19 17:23:55.500 UTC app/api: INFO request_id=req-000958 method=GET path=/api/league/00000000-0000-4000-8000-000000007001/matchups status=200 duration_ms=192 league_size=10
2026-07-19 17:23:57.000 UTC app/api: INFO request_id=req-000959 method=GET path=/api/league/00000000-0000-4000-8000-000000007001/matchups status=200 duration_ms=193 league_size=10
2026-07-19 17:23:58.500 UTC app/api: INFO request_id=req-000960 method=GET path=/api/league/00000000-0000-4000-8000-000000007001/matchups status=200 duration_ms=194 league_size=10
2026-07-19 17:24:00.000 UTC app/api: INFO request_id=req-000961 method=GET path=/api/league/00000000-0000-4000-8000-000000007001/matchups status=200 duration_ms=35 league_size=16
2026-07-19 17:24:01.500 UTC app/api: INFO request_id=req-000962 method=GET path=/api/league/00000000-0000-4000-8000-000000007001/matchups status=200 duration_ms=36 league_size=10
2026-07-19 17:24:03.000 UTC docker/supavisor[214]: [ERROR] pgbouncer: pool empty pool=primary role=app_user active=200 waiting=24 request_id=req-000963
2026-07-19 17:24:04.500 UTC edge/scoring: HTTP/1.1 504 Gateway Timeout method=POST path=/api/scoring/league/00000000-0000-4000-8000-000000007001/correct-week upstream_timeout_ms=5963 request_id=req-000964
2026-07-19 17:24:06.000 UTC app/api: INFO request_id=req-000965 method=GET path=/api/league/00000000-0000-4000-8000-000000007001/matchups status=200 duration_ms=39 league_size=16
2026-07-19 17:24:07.500 UTC app/api: INFO request_id=req-000966 method=GET path=/api/league/00000000-0000-4000-8000-000000007001/matchups status=200 duration_ms=40 league_size=10
2026-07-19 17:24:09.000 UTC app/api: INFO request_id=req-000967 method=GET path=/api/league/00000000-0000-4000-8000-000000007001/matchups status=200 duration_ms=41 league_size=10
2026-07-19 17:24:10.500 UTC app/api: INFO request_id=req-000968 method=GET path=/api/league/00000000-0000-4000-8000-000000007001/matchups status=200 duration_ms=42 league_size=10
2026-07-19 17:24:12.000 UTC app/api: INFO request_id=req-000969 method=GET path=/api/league/00000000-0000-4000-8000-000000007001/matchups status=200 duration_ms=43 league_size=16
2026-07-19 17:24:13.500 UTC app/api: INFO request_id=req-000970 method=GET path=/api/league/00000000-0000-4000-8000-000000007001/matchups status=200 duration_ms=44 league_size=10
2026-07-19 17:24:15.000 UTC app/api: INFO request_id=req-000971 method=GET path=/api/league/00000000-0000-4000-8000-000000007001/matchups status=200 duration_ms=45 league_size=10
2026-07-19 17:24:16.500 UTC app/api: INFO request_id=req-000972 method=GET path=/api/league/00000000-0000-4000-8000-000000007001/matchups status=200 duration_ms=46 league_size=10
2026-07-19 17:24:18.000 UTC app/api: INFO request_id=req-000973 method=GET path=/api/league/00000000-0000-4000-8000-000000007001/matchups status=200 duration_ms=47 league_size=16
2026-07-19 17:24:19.500 UTC app/api: INFO request_id=req-000974 method=GET path=/api/league/00000000-0000-4000-8000-000000007001/matchups status=200 duration_ms=48 league_size=10
2026-07-19 17:24:21.000 UTC app/api: INFO request_id=req-000975 method=GET path=/api/league/00000000-0000-4000-8000-000000007001/matchups status=200 duration_ms=49 league_size=10
2026-07-19 17:24:22.500 UTC app/api: INFO request_id=req-000976 method=GET path=/api/league/00000000-0000-4000-8000-000000007001/matchups status=200 duration_ms=50 league_size=10
2026-07-19 17:24:24.000 UTC app/api: INFO request_id=req-000977 method=GET path=/api/league/00000000-0000-4000-8000-000000007001/matchups status=200 duration_ms=51 league_size=16
2026-07-19 17:24:25.500 UTC app/api: INFO request_id=req-000978 method=GET path=/api/league/00000000-0000-4000-8000-000000007001/matchups status=200 duration_ms=52 league_size=10
2026-07-19 17:24:27.000 UTC app/api: INFO request_id=req-000979 method=GET path=/api/league/00000000-0000-4000-8000-000000007001/matchups status=200 duration_ms=53 league_size=10
2026-07-19 17:24:28.500 UTC postgres[991]: LOG duration: 3079.087 ms execute tank01_ingest: INSERT INTO player_weekly_stats(player_id,season,week,stats) VALUES ($1,$2,$3,$4) league_size=10 request_id=req-000980
2026-07-19 17:24:30.000 UTC app/api: INFO request_id=req-000981 method=GET path=/api/league/00000000-0000-4000-8000-000000007001/matchups status=200 duration_ms=55 league_size=16
2026-07-19 17:24:31.500 UTC app/api: INFO request_id=req-000982 method=GET path=/api/league/00000000-0000-4000-8000-000000007001/matchups status=200 duration_ms=56 league_size=10
2026-07-19 17:24:33.000 UTC app/api: INFO request_id=req-000983 method=GET path=/api/league/00000000-0000-4000-8000-000000007001/matchups status=200 duration_ms=57 league_size=10
2026-07-19 17:24:34.500 UTC app/api: INFO request_id=req-000984 method=GET path=/api/league/00000000-0000-4000-8000-000000007001/matchups status=200 duration_ms=58 league_size=10
2026-07-19 17:24:36.000 UTC app/api: INFO request_id=req-000985 method=GET path=/api/league/00000000-0000-4000-8000-000000007001/matchups status=200 duration_ms=59 league_size=16
2026-07-19 17:24:37.500 UTC app/api: INFO request_id=req-000986 method=GET path=/api/league/00000000-0000-4000-8000-000000007001/matchups status=200 duration_ms=60 league_size=10
2026-07-19 17:24:39.000 UTC app/api: INFO request_id=req-000987 method=GET path=/api/league/00000000-0000-4000-8000-000000007001/matchups status=200 duration_ms=61 league_size=10
2026-07-19 17:24:40.500 UTC app/api: INFO request_id=req-000988 method=GET path=/api/league/00000000-0000-4000-8000-000000007001/matchups status=200 duration_ms=62 league_size=10
2026-07-19 17:24:42.000 UTC app/api: INFO request_id=req-000989 method=GET path=/api/league/00000000-0000-4000-8000-000000007001/matchups status=200 duration_ms=63 league_size=16
2026-07-19 17:24:43.500 UTC app/api: INFO request_id=req-000990 method=GET path=/api/league/00000000-0000-4000-8000-000000007001/matchups status=200 duration_ms=64 league_size=10
2026-07-19 17:24:45.000 UTC app/api: INFO request_id=req-000991 method=GET path=/api/league/00000000-0000-4000-8000-000000007001/matchups status=200 duration_ms=65 league_size=10
2026-07-19 17:24:46.500 UTC app/api: INFO request_id=req-000992 method=GET path=/api/league/00000000-0000-4000-8000-000000007001/matchups status=200 duration_ms=66 league_size=10
2026-07-19 17:24:48.000 UTC app/api: INFO request_id=req-000993 method=GET path=/api/league/00000000-0000-4000-8000-000000007001/matchups status=200 duration_ms=67 league_size=16
2026-07-19 17:24:49.500 UTC app/api: INFO request_id=req-000994 method=GET path=/api/league/00000000-0000-4000-8000-000000007001/matchups status=200 duration_ms=68 league_size=10
2026-07-19 17:24:51.000 UTC postgres[991]: LOG duration: 3194.421 ms execute monte_carlo: SELECT update_playoff_odds($1,$2,$3) league_size=10 request_id=req-000995
2026-07-19 17:24:52.500 UTC app/api: INFO request_id=req-000996 method=GET path=/api/league/00000000-0000-4000-8000-000000007001/matchups status=200 duration_ms=70 league_size=10
2026-07-19 17:24:54.000 UTC app/api: INFO request_id=req-000997 method=GET path=/api/league/00000000-0000-4000-8000-000000007001/matchups status=200 duration_ms=71 league_size=16
2026-07-19 17:24:55.500 UTC app/api: INFO request_id=req-000998 method=GET path=/api/league/00000000-0000-4000-8000-000000007001/matchups status=200 duration_ms=72 league_size=10
2026-07-19 17:24:57.000 UTC app/api: INFO request_id=req-000999 method=GET path=/api/league/00000000-0000-4000-8000-000000007001/matchups status=200 duration_ms=73 league_size=10
2026-07-19 17:24:58.500 UTC docker/supavisor[214]: [ERROR] pgbouncer: pool empty pool=primary role=app_user active=200 waiting=23 request_id=req-001000
2026-07-19 17:25:00.000 UTC app/api: INFO request_id=req-001001 method=GET path=/api/league/00000000-0000-4000-8000-000000007001/matchups status=200 duration_ms=75 league_size=16
2026-07-19 17:25:01.500 UTC app/api: INFO request_id=req-001002 method=GET path=/api/league/00000000-0000-4000-8000-000000007001/matchups status=200 duration_ms=76 league_size=10
2026-07-19 17:25:03.000 UTC app/api: INFO request_id=req-001003 method=GET path=/api/league/00000000-0000-4000-8000-000000007001/matchups status=200 duration_ms=77 league_size=10
2026-07-19 17:25:04.500 UTC app/api: INFO request_id=req-001004 method=GET path=/api/league/00000000-0000-4000-8000-000000007001/matchups status=200 duration_ms=78 league_size=10
2026-07-19 17:25:06.000 UTC app/api: INFO request_id=req-001005 method=GET path=/api/league/00000000-0000-4000-8000-000000007001/matchups status=200 duration_ms=79 league_size=16
2026-07-19 17:25:07.500 UTC app/api: INFO request_id=req-001006 method=GET path=/api/league/00000000-0000-4000-8000-000000007001/matchups status=200 duration_ms=80 league_size=10
2026-07-19 17:25:09.000 UTC app/api: INFO request_id=req-001007 method=GET path=/api/league/00000000-0000-4000-8000-000000007001/matchups status=200 duration_ms=81 league_size=10
2026-07-19 17:25:10.500 UTC docker/supavisor[214]: [WARNING] Supavisor: connection queue latency exceeding 2500ms queue_ms=2608 pool=primary request_id=req-001008
2026-07-19 17:25:12.000 UTC app/api: INFO request_id=req-001009 method=GET path=/api/league/00000000-0000-4000-8000-000000007001/matchups status=200 duration_ms=83 league_size=16
2026-07-19 17:25:13.500 UTC app/api: INFO request_id=req-001010 method=GET path=/api/league/00000000-0000-4000-8000-000000007001/matchups status=200 duration_ms=84 league_size=10
2026-07-19 17:25:15.000 UTC app/api: INFO request_id=req-001011 method=GET path=/api/league/00000000-0000-4000-8000-000000007001/matchups status=200 duration_ms=85 league_size=10
2026-07-19 17:25:16.500 UTC app/api: INFO request_id=req-001012 method=GET path=/api/league/00000000-0000-4000-8000-000000007001/matchups status=200 duration_ms=86 league_size=10
2026-07-19 17:25:18.000 UTC app/api: INFO request_id=req-001013 method=GET path=/api/league/00000000-0000-4000-8000-000000007001/matchups status=200 duration_ms=87 league_size=16
2026-07-19 17:25:19.500 UTC app/api: INFO request_id=req-001014 method=GET path=/api/league/00000000-0000-4000-8000-000000007001/matchups status=200 duration_ms=88 league_size=10
2026-07-19 17:25:21.000 UTC app/api: INFO request_id=req-001015 method=GET path=/api/league/00000000-0000-4000-8000-000000007001/matchups status=200 duration_ms=89 league_size=10
2026-07-19 17:25:22.500 UTC app/api: INFO request_id=req-001016 method=GET path=/api/league/00000000-0000-4000-8000-000000007001/matchups status=200 duration_ms=90 league_size=10
2026-07-19 17:25:24.000 UTC app/api: INFO request_id=req-001017 method=GET path=/api/league/00000000-0000-4000-8000-000000007001/matchups status=200 duration_ms=91 league_size=16
2026-07-19 17:25:25.500 UTC app/api: INFO request_id=req-001018 method=GET path=/api/league/00000000-0000-4000-8000-000000007001/matchups status=200 duration_ms=92 league_size=10
2026-07-19 17:25:27.000 UTC app/api: INFO request_id=req-001019 method=GET path=/api/league/00000000-0000-4000-8000-000000007001/matchups status=200 duration_ms=93 league_size=10
2026-07-19 17:25:28.500 UTC app/api: INFO request_id=req-001020 method=GET path=/api/league/00000000-0000-4000-8000-000000007001/matchups status=200 duration_ms=94 league_size=10
2026-07-19 17:25:30.000 UTC app/api: INFO request_id=req-001021 method=GET path=/api/league/00000000-0000-4000-8000-000000007001/matchups status=200 duration_ms=95 league_size=16
2026-07-19 17:25:31.500 UTC app/api: INFO request_id=req-001022 method=GET path=/api/league/00000000-0000-4000-8000-000000007001/matchups status=200 duration_ms=96 league_size=10
2026-07-19 17:25:33.000 UTC app/api: INFO request_id=req-001023 method=GET path=/api/league/00000000-0000-4000-8000-000000007001/matchups status=200 duration_ms=97 league_size=10
2026-07-19 17:25:34.500 UTC app/api: INFO request_id=req-001024 method=GET path=/api/league/00000000-0000-4000-8000-000000007001/matchups status=200 duration_ms=98 league_size=10
2026-07-19 17:25:36.000 UTC app/api: INFO request_id=req-001025 method=GET path=/api/league/00000000-0000-4000-8000-000000007001/matchups status=200 duration_ms=99 league_size=16
2026-07-19 17:25:37.500 UTC app/api: INFO request_id=req-001026 method=GET path=/api/league/00000000-0000-4000-8000-000000007001/matchups status=200 duration_ms=100 league_size=10
2026-07-19 17:25:39.000 UTC app/api: INFO request_id=req-001027 method=GET path=/api/league/00000000-0000-4000-8000-000000007001/matchups status=200 duration_ms=101 league_size=10
2026-07-19 17:25:40.500 UTC app/api: INFO request_id=req-001028 method=GET path=/api/league/00000000-0000-4000-8000-000000007001/matchups status=200 duration_ms=102 league_size=10
2026-07-19 17:25:42.000 UTC app/api: INFO request_id=req-001029 method=GET path=/api/league/00000000-0000-4000-8000-000000007001/matchups status=200 duration_ms=103 league_size=16
2026-07-19 17:25:43.500 UTC app/api: INFO request_id=req-001030 method=GET path=/api/league/00000000-0000-4000-8000-000000007001/matchups status=200 duration_ms=104 league_size=10
2026-07-19 17:25:45.000 UTC app/api: INFO request_id=req-001031 method=GET path=/api/league/00000000-0000-4000-8000-000000007001/matchups status=200 duration_ms=105 league_size=10
2026-07-19 17:25:46.500 UTC app/api: INFO request_id=req-001032 method=GET path=/api/league/00000000-0000-4000-8000-000000007001/matchups status=200 duration_ms=106 league_size=10
2026-07-19 17:25:48.000 UTC app/api: INFO request_id=req-001033 method=GET path=/api/league/00000000-0000-4000-8000-000000007001/matchups status=200 duration_ms=107 league_size=16
2026-07-19 17:25:49.500 UTC app/api: INFO request_id=req-001034 method=GET path=/api/league/00000000-0000-4000-8000-000000007001/matchups status=200 duration_ms=108 league_size=10
2026-07-19 17:25:51.000 UTC app/api: INFO request_id=req-001035 method=GET path=/api/league/00000000-0000-4000-8000-000000007001/matchups status=200 duration_ms=109 league_size=10
2026-07-19 17:25:52.500 UTC app/api: INFO request_id=req-001036 method=GET path=/api/league/00000000-0000-4000-8000-000000007001/matchups status=200 duration_ms=110 league_size=10
2026-07-19 17:25:54.000 UTC docker/supavisor[214]: [ERROR] pgbouncer: pool empty pool=primary role=app_user active=200 waiting=22 request_id=req-001037
2026-07-19 17:25:55.500 UTC app/api: INFO request_id=req-001038 method=GET path=/api/league/00000000-0000-4000-8000-000000007001/matchups status=200 duration_ms=112 league_size=10
2026-07-19 17:25:57.000 UTC app/api: INFO request_id=req-001039 method=GET path=/api/league/00000000-0000-4000-8000-000000007001/matchups status=200 duration_ms=113 league_size=10
2026-07-19 17:25:58.500 UTC app/api: INFO request_id=req-001040 method=GET path=/api/league/00000000-0000-4000-8000-000000007001/matchups status=200 duration_ms=114 league_size=10
2026-07-19 17:26:00.000 UTC app/api: INFO request_id=req-001041 method=GET path=/api/league/00000000-0000-4000-8000-000000007001/matchups status=200 duration_ms=115 league_size=16
2026-07-19 17:26:01.500 UTC app/api: INFO request_id=req-001042 method=GET path=/api/league/00000000-0000-4000-8000-000000007001/matchups status=200 duration_ms=116 league_size=10
2026-07-19 17:26:03.000 UTC app/api: INFO request_id=req-001043 method=GET path=/api/league/00000000-0000-4000-8000-000000007001/matchups status=200 duration_ms=117 league_size=10
2026-07-19 17:26:04.500 UTC edge/scoring: HTTP/1.1 200 OK method=GET path=/api/matchups/league/00000000-0000-4000-8000-000000007001 duration_ms=143 request_id=req-001044
2026-07-19 17:26:06.000 UTC app/api: INFO request_id=req-001045 method=GET path=/api/league/00000000-0000-4000-8000-000000007001/matchups status=200 duration_ms=119 league_size=16
2026-07-19 17:26:07.500 UTC app/api: INFO request_id=req-001046 method=GET path=/api/league/00000000-0000-4000-8000-000000007001/matchups status=200 duration_ms=120 league_size=10
2026-07-19 17:26:09.000 UTC app/api: INFO request_id=req-001047 method=GET path=/api/league/00000000-0000-4000-8000-000000007001/matchups status=200 duration_ms=121 league_size=10
2026-07-19 17:26:10.500 UTC app/api: INFO request_id=req-001048 method=GET path=/api/league/00000000-0000-4000-8000-000000007001/matchups status=200 duration_ms=122 league_size=10
2026-07-19 17:26:12.000 UTC realtime/draft: [WebSocket] Connection dropped on channel: league_draft_board:00000000-0000-4000-8000-000000007001 due to server backpressure client=vu-49 propagation_ms=1748 request_id=req-001049
2026-07-19 17:26:13.500 UTC app/api: INFO request_id=req-001050 method=GET path=/api/league/00000000-0000-4000-8000-000000007001/matchups status=200 duration_ms=124 league_size=10
2026-07-19 17:26:15.000 UTC app/api: INFO request_id=req-001051 method=GET path=/api/league/00000000-0000-4000-8000-000000007001/matchups status=200 duration_ms=125 league_size=10
2026-07-19 17:26:16.500 UTC app/api: INFO request_id=req-001052 method=GET path=/api/league/00000000-0000-4000-8000-000000007001/matchups status=200 duration_ms=126 league_size=10
2026-07-19 17:26:18.000 UTC app/api: INFO request_id=req-001053 method=GET path=/api/league/00000000-0000-4000-8000-000000007001/matchups status=200 duration_ms=127 league_size=16
2026-07-19 17:26:19.500 UTC app/api: INFO request_id=req-001054 method=GET path=/api/league/00000000-0000-4000-8000-000000007001/matchups status=200 duration_ms=128 league_size=10
2026-07-19 17:26:21.000 UTC app/api: INFO request_id=req-001055 method=GET path=/api/league/00000000-0000-4000-8000-000000007001/matchups status=200 duration_ms=129 league_size=10
2026-07-19 17:26:22.500 UTC app/api: INFO request_id=req-001056 method=GET path=/api/league/00000000-0000-4000-8000-000000007001/matchups status=200 duration_ms=130 league_size=10
2026-07-19 17:26:24.000 UTC app/api: INFO request_id=req-001057 method=GET path=/api/league/00000000-0000-4000-8000-000000007001/matchups status=200 duration_ms=131 league_size=16
2026-07-19 17:26:25.500 UTC app/api: INFO request_id=req-001058 method=GET path=/api/league/00000000-0000-4000-8000-000000007001/matchups status=200 duration_ms=132 league_size=10
2026-07-19 17:26:27.000 UTC app/api: INFO request_id=req-001059 method=GET path=/api/league/00000000-0000-4000-8000-000000007001/matchups status=200 duration_ms=133 league_size=10
2026-07-19 17:26:28.500 UTC app/api: INFO request_id=req-001060 method=GET path=/api/league/00000000-0000-4000-8000-000000007001/matchups status=200 duration_ms=134 league_size=10
2026-07-19 17:26:30.000 UTC docker/supavisor[214]: [WARNING] Supavisor: connection queue latency exceeding 2500ms queue_ms=2661 pool=primary request_id=req-001061
2026-07-19 17:26:31.500 UTC app/api: INFO request_id=req-001062 method=GET path=/api/league/00000000-0000-4000-8000-000000007001/matchups status=200 duration_ms=136 league_size=10
2026-07-19 17:26:33.000 UTC app/api: INFO request_id=req-001063 method=GET path=/api/league/00000000-0000-4000-8000-000000007001/matchups status=200 duration_ms=137 league_size=10
2026-07-19 17:26:34.500 UTC app/api: INFO request_id=req-001064 method=GET path=/api/league/00000000-0000-4000-8000-000000007001/matchups status=200 duration_ms=138 league_size=10
2026-07-19 17:26:36.000 UTC app/api: INFO request_id=req-001065 method=GET path=/api/league/00000000-0000-4000-8000-000000007001/matchups status=200 duration_ms=139 league_size=16
2026-07-19 17:26:37.500 UTC postgres[991]: LOG duration: 3265.421 ms execute monte_carlo: SELECT update_playoff_odds($1,$2,$3) league_size=16 request_id=req-001066
2026-07-19 17:26:39.000 UTC app/api: INFO request_id=req-001067 method=GET path=/api/league/00000000-0000-4000-8000-000000007001/matchups status=200 duration_ms=141 league_size=10
2026-07-19 17:26:40.500 UTC app/api: INFO request_id=req-001068 method=GET path=/api/league/00000000-0000-4000-8000-000000007001/matchups status=200 duration_ms=142 league_size=10
2026-07-19 17:26:42.000 UTC postgres[991]: LOG duration: 3168.087 ms execute tank01_ingest: INSERT INTO player_weekly_stats(player_id,season,week,stats) VALUES ($1,$2,$3,$4) league_size=16 request_id=req-001069
2026-07-19 17:26:43.500 UTC app/api: INFO request_id=req-001070 method=GET path=/api/league/00000000-0000-4000-8000-000000007001/matchups status=200 duration_ms=144 league_size=10
2026-07-19 17:26:45.000 UTC edge/scoring: HTTP/1.1 504 Gateway Timeout method=POST path=/api/scoring/league/00000000-0000-4000-8000-000000007001/correct-week upstream_timeout_ms=6070 request_id=req-001071
2026-07-19 17:26:46.500 UTC app/api: INFO request_id=req-001072 method=GET path=/api/league/00000000-0000-4000-8000-000000007001/matchups status=200 duration_ms=146 league_size=10
2026-07-19 17:26:48.000 UTC app/api: INFO request_id=req-001073 method=GET path=/api/league/00000000-0000-4000-8000-000000007001/matchups status=200 duration_ms=147 league_size=16
2026-07-19 17:26:49.500 UTC docker/supavisor[214]: [ERROR] pgbouncer: pool empty pool=primary role=app_user active=200 waiting=21 request_id=req-001074
2026-07-19 17:26:51.000 UTC app/api: INFO request_id=req-001075 method=GET path=/api/league/00000000-0000-4000-8000-000000007001/matchups status=200 duration_ms=149 league_size=10
2026-07-19 17:26:52.500 UTC app/api: INFO request_id=req-001076 method=GET path=/api/league/00000000-0000-4000-8000-000000007001/matchups status=200 duration_ms=150 league_size=10
2026-07-19 17:26:54.000 UTC app/api: INFO request_id=req-001077 method=GET path=/api/league/00000000-0000-4000-8000-000000007001/matchups status=200 duration_ms=151 league_size=16
2026-07-19 17:26:55.500 UTC app/api: INFO request_id=req-001078 method=GET path=/api/league/00000000-0000-4000-8000-000000007001/matchups status=200 duration_ms=152 league_size=10
2026-07-19 17:26:57.000 UTC app/api: INFO request_id=req-001079 method=GET path=/api/league/00000000-0000-4000-8000-000000007001/matchups status=200 duration_ms=153 league_size=10
2026-07-19 17:26:58.500 UTC app/api: INFO request_id=req-001080 method=GET path=/api/league/00000000-0000-4000-8000-000000007001/matchups status=200 duration_ms=154 league_size=10
2026-07-19 17:27:00.000 UTC app/api: INFO request_id=req-001081 method=GET path=/api/league/00000000-0000-4000-8000-000000007001/matchups status=200 duration_ms=155 league_size=16
2026-07-19 17:27:01.500 UTC app/api: INFO request_id=req-001082 method=GET path=/api/league/00000000-0000-4000-8000-000000007001/matchups status=200 duration_ms=156 league_size=10
2026-07-19 17:27:03.000 UTC app/api: INFO request_id=req-001083 method=GET path=/api/league/00000000-0000-4000-8000-000000007001/matchups status=200 duration_ms=157 league_size=10
2026-07-19 17:27:04.500 UTC app/api: INFO request_id=req-001084 method=GET path=/api/league/00000000-0000-4000-8000-000000007001/matchups status=200 duration_ms=158 league_size=10
2026-07-19 17:27:06.000 UTC app/api: INFO request_id=req-001085 method=GET path=/api/league/00000000-0000-4000-8000-000000007001/matchups status=200 duration_ms=159 league_size=16
2026-07-19 17:27:07.500 UTC app/api: INFO request_id=req-001086 method=GET path=/api/league/00000000-0000-4000-8000-000000007001/matchups status=200 duration_ms=160 league_size=10
2026-07-19 17:27:09.000 UTC app/api: INFO request_id=req-001087 method=GET path=/api/league/00000000-0000-4000-8000-000000007001/matchups status=200 duration_ms=161 league_size=10
2026-07-19 17:27:10.500 UTC app/api: INFO request_id=req-001088 method=GET path=/api/league/00000000-0000-4000-8000-000000007001/matchups status=200 duration_ms=162 league_size=10
2026-07-19 17:27:12.000 UTC app/api: INFO request_id=req-001089 method=GET path=/api/league/00000000-0000-4000-8000-000000007001/matchups status=200 duration_ms=163 league_size=16
2026-07-19 17:27:13.500 UTC app/api: INFO request_id=req-001090 method=GET path=/api/league/00000000-0000-4000-8000-000000007001/matchups status=200 duration_ms=164 league_size=10
2026-07-19 17:27:15.000 UTC app/api: INFO request_id=req-001091 method=GET path=/api/league/00000000-0000-4000-8000-000000007001/matchups status=200 duration_ms=165 league_size=10
2026-07-19 17:27:16.500 UTC app/api: INFO request_id=req-001092 method=GET path=/api/league/00000000-0000-4000-8000-000000007001/matchups status=200 duration_ms=166 league_size=10
2026-07-19 17:27:18.000 UTC app/api: INFO request_id=req-001093 method=GET path=/api/league/00000000-0000-4000-8000-000000007001/matchups status=200 duration_ms=167 league_size=16
2026-07-19 17:27:19.500 UTC app/api: INFO request_id=req-001094 method=GET path=/api/league/00000000-0000-4000-8000-000000007001/matchups status=200 duration_ms=168 league_size=10
2026-07-19 17:27:21.000 UTC app/api: INFO request_id=req-001095 method=GET path=/api/league/00000000-0000-4000-8000-000000007001/matchups status=200 duration_ms=169 league_size=10
2026-07-19 17:27:22.500 UTC app/api: INFO request_id=req-001096 method=GET path=/api/league/00000000-0000-4000-8000-000000007001/matchups status=200 duration_ms=170 league_size=10
2026-07-19 17:27:24.000 UTC app/api: INFO request_id=req-001097 method=GET path=/api/league/00000000-0000-4000-8000-000000007001/matchups status=200 duration_ms=171 league_size=16
2026-07-19 17:27:25.500 UTC app/api: INFO request_id=req-001098 method=GET path=/api/league/00000000-0000-4000-8000-000000007001/matchups status=200 duration_ms=172 league_size=10
2026-07-19 17:27:27.000 UTC app/api: INFO request_id=req-001099 method=GET path=/api/league/00000000-0000-4000-8000-000000007001/matchups status=200 duration_ms=173 league_size=10
2026-07-19 17:27:28.500 UTC app/api: INFO request_id=req-001100 method=GET path=/api/league/00000000-0000-4000-8000-000000007001/matchups status=200 duration_ms=174 league_size=10
2026-07-19 17:27:30.000 UTC app/api: INFO request_id=req-001101 method=GET path=/api/league/00000000-0000-4000-8000-000000007001/matchups status=200 duration_ms=175 league_size=16
2026-07-19 17:27:31.500 UTC app/api: INFO request_id=req-001102 method=GET path=/api/league/00000000-0000-4000-8000-000000007001/matchups status=200 duration_ms=176 league_size=10
2026-07-19 17:27:33.000 UTC app/api: INFO request_id=req-001103 method=GET path=/api/league/00000000-0000-4000-8000-000000007001/matchups status=200 duration_ms=177 league_size=10
2026-07-19 17:27:34.500 UTC app/api: INFO request_id=req-001104 method=GET path=/api/league/00000000-0000-4000-8000-000000007001/matchups status=200 duration_ms=178 league_size=10
2026-07-19 17:27:36.000 UTC app/api: INFO request_id=req-001105 method=GET path=/api/league/00000000-0000-4000-8000-000000007001/matchups status=200 duration_ms=179 league_size=16
2026-07-19 17:27:37.500 UTC app/api: INFO request_id=req-001106 method=GET path=/api/league/00000000-0000-4000-8000-000000007001/matchups status=200 duration_ms=180 league_size=10
2026-07-19 17:27:39.000 UTC app/api: INFO request_id=req-001107 method=GET path=/api/league/00000000-0000-4000-8000-000000007001/matchups status=200 duration_ms=181 league_size=10
2026-07-19 17:27:40.500 UTC app/api: INFO request_id=req-001108 method=GET path=/api/league/00000000-0000-4000-8000-000000007001/matchups status=200 duration_ms=182 league_size=10
2026-07-19 17:27:42.000 UTC app/api: INFO request_id=req-001109 method=GET path=/api/league/00000000-0000-4000-8000-000000007001/matchups status=200 duration_ms=183 league_size=16
2026-07-19 17:27:43.500 UTC app/api: INFO request_id=req-001110 method=GET path=/api/league/00000000-0000-4000-8000-000000007001/matchups status=200 duration_ms=184 league_size=10
2026-07-19 17:27:45.000 UTC docker/supavisor[214]: [ERROR] pgbouncer: pool empty pool=primary role=app_user active=200 waiting=20 request_id=req-001111
2026-07-19 17:27:46.500 UTC app/api: INFO request_id=req-001112 method=GET path=/api/league/00000000-0000-4000-8000-000000007001/matchups status=200 duration_ms=186 league_size=10
2026-07-19 17:27:48.000 UTC app/api: INFO request_id=req-001113 method=GET path=/api/league/00000000-0000-4000-8000-000000007001/matchups status=200 duration_ms=187 league_size=16
2026-07-19 17:27:49.500 UTC docker/supavisor[214]: [WARNING] Supavisor: connection queue latency exceeding 2500ms queue_ms=2714 pool=primary request_id=req-001114
2026-07-19 17:27:51.000 UTC app/api: INFO request_id=req-001115 method=GET path=/api/league/00000000-0000-4000-8000-000000007001/matchups status=200 duration_ms=189 league_size=10
2026-07-19 17:27:52.500 UTC app/api: INFO request_id=req-001116 method=GET path=/api/league/00000000-0000-4000-8000-000000007001/matchups status=200 duration_ms=190 league_size=10
2026-07-19 17:27:54.000 UTC app/api: INFO request_id=req-001117 method=GET path=/api/league/00000000-0000-4000-8000-000000007001/matchups status=200 duration_ms=191 league_size=16
2026-07-19 17:27:55.500 UTC app/api: INFO request_id=req-001118 method=GET path=/api/league/00000000-0000-4000-8000-000000007001/matchups status=200 duration_ms=192 league_size=10
2026-07-19 17:27:57.000 UTC app/api: INFO request_id=req-001119 method=GET path=/api/league/00000000-0000-4000-8000-000000007001/matchups status=200 duration_ms=193 league_size=10
2026-07-19 17:27:58.500 UTC app/api: INFO request_id=req-001120 method=GET path=/api/league/00000000-0000-4000-8000-000000007001/matchups status=200 duration_ms=194 league_size=10
2026-07-19 17:28:00.000 UTC app/api: INFO request_id=req-001121 method=GET path=/api/league/00000000-0000-4000-8000-000000007001/matchups status=200 duration_ms=35 league_size=16
2026-07-19 17:28:01.500 UTC app/api: INFO request_id=req-001122 method=GET path=/api/league/00000000-0000-4000-8000-000000007001/matchups status=200 duration_ms=36 league_size=10
2026-07-19 17:28:03.000 UTC app/api: INFO request_id=req-001123 method=GET path=/api/league/00000000-0000-4000-8000-000000007001/matchups status=200 duration_ms=37 league_size=10
2026-07-19 17:28:04.500 UTC app/api: INFO request_id=req-001124 method=GET path=/api/league/00000000-0000-4000-8000-000000007001/matchups status=200 duration_ms=38 league_size=10
2026-07-19 17:28:06.000 UTC app/api: INFO request_id=req-001125 method=GET path=/api/league/00000000-0000-4000-8000-000000007001/matchups status=200 duration_ms=39 league_size=16
2026-07-19 17:28:07.500 UTC app/api: INFO request_id=req-001126 method=GET path=/api/league/00000000-0000-4000-8000-000000007001/matchups status=200 duration_ms=40 league_size=10
2026-07-19 17:28:09.000 UTC app/api: INFO request_id=req-001127 method=GET path=/api/league/00000000-0000-4000-8000-000000007001/matchups status=200 duration_ms=41 league_size=10
2026-07-19 17:28:10.500 UTC app/api: INFO request_id=req-001128 method=GET path=/api/league/00000000-0000-4000-8000-000000007001/matchups status=200 duration_ms=42 league_size=10
2026-07-19 17:28:12.000 UTC app/api: INFO request_id=req-001129 method=GET path=/api/league/00000000-0000-4000-8000-000000007001/matchups status=200 duration_ms=43 league_size=16
2026-07-19 17:28:13.500 UTC app/api: INFO request_id=req-001130 method=GET path=/api/league/00000000-0000-4000-8000-000000007001/matchups status=200 duration_ms=44 league_size=10
2026-07-19 17:28:15.000 UTC app/api: INFO request_id=req-001131 method=GET path=/api/league/00000000-0000-4000-8000-000000007001/matchups status=200 duration_ms=45 league_size=10
2026-07-19 17:28:16.500 UTC app/api: INFO request_id=req-001132 method=GET path=/api/league/00000000-0000-4000-8000-000000007001/matchups status=200 duration_ms=46 league_size=10
2026-07-19 17:28:18.000 UTC app/api: INFO request_id=req-001133 method=GET path=/api/league/00000000-0000-4000-8000-000000007001/matchups status=200 duration_ms=47 league_size=16
2026-07-19 17:28:19.500 UTC app/api: INFO request_id=req-001134 method=GET path=/api/league/00000000-0000-4000-8000-000000007001/matchups status=200 duration_ms=48 league_size=10
2026-07-19 17:28:21.000 UTC app/api: INFO request_id=req-001135 method=GET path=/api/league/00000000-0000-4000-8000-000000007001/matchups status=200 duration_ms=49 league_size=10
2026-07-19 17:28:22.500 UTC app/api: INFO request_id=req-001136 method=GET path=/api/league/00000000-0000-4000-8000-000000007001/matchups status=200 duration_ms=50 league_size=10
2026-07-19 17:28:24.000 UTC postgres[991]: LOG duration: 3336.421 ms execute monte_carlo: SELECT update_playoff_odds($1,$2,$3) league_size=10 request_id=req-001137
2026-07-19 17:28:25.500 UTC app/api: INFO request_id=req-001138 method=GET path=/api/league/00000000-0000-4000-8000-000000007001/matchups status=200 duration_ms=52 league_size=10
2026-07-19 17:28:27.000 UTC app/api: INFO request_id=req-001139 method=GET path=/api/league/00000000-0000-4000-8000-000000007001/matchups status=200 duration_ms=53 league_size=10
2026-07-19 17:28:28.500 UTC app/api: INFO request_id=req-001140 method=GET path=/api/league/00000000-0000-4000-8000-000000007001/matchups status=200 duration_ms=54 league_size=10
2026-07-19 17:28:30.000 UTC app/api: INFO request_id=req-001141 method=GET path=/api/league/00000000-0000-4000-8000-000000007001/matchups status=200 duration_ms=55 league_size=16
2026-07-19 17:28:31.500 UTC app/api: INFO request_id=req-001142 method=GET path=/api/league/00000000-0000-4000-8000-000000007001/matchups status=200 duration_ms=56 league_size=10
2026-07-19 17:28:33.000 UTC app/api: INFO request_id=req-001143 method=GET path=/api/league/00000000-0000-4000-8000-000000007001/matchups status=200 duration_ms=57 league_size=10
2026-07-19 17:28:34.500 UTC app/api: INFO request_id=req-001144 method=GET path=/api/league/00000000-0000-4000-8000-000000007001/matchups status=200 duration_ms=58 league_size=10
2026-07-19 17:28:36.000 UTC app/api: INFO request_id=req-001145 method=GET path=/api/league/00000000-0000-4000-8000-000000007001/matchups status=200 duration_ms=59 league_size=16
2026-07-19 17:28:37.500 UTC app/api: INFO request_id=req-001146 method=GET path=/api/league/00000000-0000-4000-8000-000000007001/matchups status=200 duration_ms=60 league_size=10
2026-07-19 17:28:39.000 UTC app/api: INFO request_id=req-001147 method=GET path=/api/league/00000000-0000-4000-8000-000000007001/matchups status=200 duration_ms=61 league_size=10
2026-07-19 17:28:40.500 UTC docker/supavisor[214]: [ERROR] pgbouncer: pool empty pool=primary role=app_user active=200 waiting=19 request_id=req-001148
2026-07-19 17:28:42.000 UTC app/api: INFO request_id=req-001149 method=GET path=/api/league/00000000-0000-4000-8000-000000007001/matchups status=200 duration_ms=63 league_size=16
2026-07-19 17:28:43.500 UTC app/api: INFO request_id=req-001150 method=GET path=/api/league/00000000-0000-4000-8000-000000007001/matchups status=200 duration_ms=64 league_size=10
2026-07-19 17:28:45.000 UTC app/api: INFO request_id=req-001151 method=GET path=/api/league/00000000-0000-4000-8000-000000007001/matchups status=200 duration_ms=65 league_size=10
2026-07-19 17:28:46.500 UTC app/api: INFO request_id=req-001152 method=GET path=/api/league/00000000-0000-4000-8000-000000007001/matchups status=200 duration_ms=66 league_size=10
2026-07-19 17:28:48.000 UTC app/api: INFO request_id=req-001153 method=GET path=/api/league/00000000-0000-4000-8000-000000007001/matchups status=200 duration_ms=67 league_size=16
2026-07-19 17:28:49.500 UTC app/api: INFO request_id=req-001154 method=GET path=/api/league/00000000-0000-4000-8000-000000007001/matchups status=200 duration_ms=68 league_size=10
2026-07-19 17:28:51.000 UTC app/api: INFO request_id=req-001155 method=GET path=/api/league/00000000-0000-4000-8000-000000007001/matchups status=200 duration_ms=69 league_size=10
2026-07-19 17:28:52.500 UTC app/api: INFO request_id=req-001156 method=GET path=/api/league/00000000-0000-4000-8000-000000007001/matchups status=200 duration_ms=70 league_size=10
2026-07-19 17:28:54.000 UTC app/api: INFO request_id=req-001157 method=GET path=/api/league/00000000-0000-4000-8000-000000007001/matchups status=200 duration_ms=71 league_size=16
2026-07-19 17:28:55.500 UTC postgres[991]: LOG duration: 3257.087 ms execute tank01_ingest: INSERT INTO player_weekly_stats(player_id,season,week,stats) VALUES ($1,$2,$3,$4) league_size=10 request_id=req-001158
2026-07-19 17:28:57.000 UTC app/api: INFO request_id=req-001159 method=GET path=/api/league/00000000-0000-4000-8000-000000007001/matchups status=200 duration_ms=73 league_size=10
2026-07-19 17:28:58.500 UTC app/api: INFO request_id=req-001160 method=GET path=/api/league/00000000-0000-4000-8000-000000007001/matchups status=200 duration_ms=74 league_size=10
2026-07-19 17:29:00.000 UTC app/api: INFO request_id=req-001161 method=GET path=/api/league/00000000-0000-4000-8000-000000007001/matchups status=200 duration_ms=75 league_size=16
2026-07-19 17:29:01.500 UTC app/api: INFO request_id=req-001162 method=GET path=/api/league/00000000-0000-4000-8000-000000007001/matchups status=200 duration_ms=76 league_size=10
2026-07-19 17:29:03.000 UTC app/api: INFO request_id=req-001163 method=GET path=/api/league/00000000-0000-4000-8000-000000007001/matchups status=200 duration_ms=77 league_size=10
2026-07-19 17:29:04.500 UTC app/api: INFO request_id=req-001164 method=GET path=/api/league/00000000-0000-4000-8000-000000007001/matchups status=200 duration_ms=78 league_size=10
2026-07-19 17:29:06.000 UTC app/api: INFO request_id=req-001165 method=GET path=/api/league/00000000-0000-4000-8000-000000007001/matchups status=200 duration_ms=79 league_size=16
2026-07-19 17:29:07.500 UTC app/api: INFO request_id=req-001166 method=GET path=/api/league/00000000-0000-4000-8000-000000007001/matchups status=200 duration_ms=80 league_size=10
2026-07-19 17:29:09.000 UTC docker/supavisor[214]: [WARNING] Supavisor: connection queue latency exceeding 2500ms queue_ms=2767 pool=primary request_id=req-001167
2026-07-19 17:29:10.500 UTC app/api: INFO request_id=req-001168 method=GET path=/api/league/00000000-0000-4000-8000-000000007001/matchups status=200 duration_ms=82 league_size=10
2026-07-19 17:29:12.000 UTC app/api: INFO request_id=req-001169 method=GET path=/api/league/00000000-0000-4000-8000-000000007001/matchups status=200 duration_ms=83 league_size=16
2026-07-19 17:29:13.500 UTC app/api: INFO request_id=req-001170 method=GET path=/api/league/00000000-0000-4000-8000-000000007001/matchups status=200 duration_ms=84 league_size=10
2026-07-19 17:29:15.000 UTC app/api: INFO request_id=req-001171 method=GET path=/api/league/00000000-0000-4000-8000-000000007001/matchups status=200 duration_ms=85 league_size=10
2026-07-19 17:29:16.500 UTC app/api: INFO request_id=req-001172 method=GET path=/api/league/00000000-0000-4000-8000-000000007001/matchups status=200 duration_ms=86 league_size=10
2026-07-19 17:29:18.000 UTC app/api: INFO request_id=req-001173 method=GET path=/api/league/00000000-0000-4000-8000-000000007001/matchups status=200 duration_ms=87 league_size=16
2026-07-19 17:29:19.500 UTC app/api: INFO request_id=req-001174 method=GET path=/api/league/00000000-0000-4000-8000-000000007001/matchups status=200 duration_ms=88 league_size=10
2026-07-19 17:29:21.000 UTC app/api: INFO request_id=req-001175 method=GET path=/api/league/00000000-0000-4000-8000-000000007001/matchups status=200 duration_ms=89 league_size=10
2026-07-19 17:29:22.500 UTC app/api: INFO request_id=req-001176 method=GET path=/api/league/00000000-0000-4000-8000-000000007001/matchups status=200 duration_ms=90 league_size=10
2026-07-19 17:29:24.000 UTC app/api: INFO request_id=req-001177 method=GET path=/api/league/00000000-0000-4000-8000-000000007001/matchups status=200 duration_ms=91 league_size=16
2026-07-19 17:29:25.500 UTC edge/scoring: HTTP/1.1 504 Gateway Timeout method=POST path=/api/scoring/league/00000000-0000-4000-8000-000000007001/correct-week upstream_timeout_ms=6177 request_id=req-001178
2026-07-19 17:29:27.000 UTC app/api: INFO request_id=req-001179 method=GET path=/api/league/00000000-0000-4000-8000-000000007001/matchups status=200 duration_ms=93 league_size=10
2026-07-19 17:29:28.500 UTC realtime/draft: [WebSocket] Connection dropped on channel: league_draft_board:00000000-0000-4000-8000-000000007001 due to server backpressure client=vu-80 propagation_ms=1879 request_id=req-001180
2026-07-19 17:29:30.000 UTC app/api: INFO request_id=req-001181 method=GET path=/api/league/00000000-0000-4000-8000-000000007001/matchups status=200 duration_ms=95 league_size=16
2026-07-19 17:29:31.500 UTC app/api: INFO request_id=req-001182 method=GET path=/api/league/00000000-0000-4000-8000-000000007001/matchups status=200 duration_ms=96 league_size=10
2026-07-19 17:29:33.000 UTC app/api: INFO request_id=req-001183 method=GET path=/api/league/00000000-0000-4000-8000-000000007001/matchups status=200 duration_ms=97 league_size=10
2026-07-19 17:29:34.500 UTC app/api: INFO request_id=req-001184 method=GET path=/api/league/00000000-0000-4000-8000-000000007001/matchups status=200 duration_ms=98 league_size=10
2026-07-19 17:29:36.000 UTC docker/supavisor[214]: [ERROR] pgbouncer: pool empty pool=primary role=app_user active=200 waiting=18 request_id=req-001185
2026-07-19 17:29:37.500 UTC app/api: INFO request_id=req-001186 method=GET path=/api/league/00000000-0000-4000-8000-000000007001/matchups status=200 duration_ms=100 league_size=10
2026-07-19 17:29:39.000 UTC app/api: INFO request_id=req-001187 method=GET path=/api/league/00000000-0000-4000-8000-000000007001/matchups status=200 duration_ms=101 league_size=10
2026-07-19 17:29:40.500 UTC app/api: INFO request_id=req-001188 method=GET path=/api/league/00000000-0000-4000-8000-000000007001/matchups status=200 duration_ms=102 league_size=10
2026-07-19 17:29:42.000 UTC app/api: INFO request_id=req-001189 method=GET path=/api/league/00000000-0000-4000-8000-000000007001/matchups status=200 duration_ms=103 league_size=16
2026-07-19 17:29:43.500 UTC app/api: INFO request_id=req-001190 method=GET path=/api/league/00000000-0000-4000-8000-000000007001/matchups status=200 duration_ms=104 league_size=10
2026-07-19 17:29:45.000 UTC app/api: INFO request_id=req-001191 method=GET path=/api/league/00000000-0000-4000-8000-000000007001/matchups status=200 duration_ms=105 league_size=10
2026-07-19 17:29:46.500 UTC app/api: INFO request_id=req-001192 method=GET path=/api/league/00000000-0000-4000-8000-000000007001/matchups status=200 duration_ms=106 league_size=10
2026-07-19 17:29:48.000 UTC edge/scoring: HTTP/1.1 200 OK method=GET path=/api/matchups/league/00000000-0000-4000-8000-000000007001 duration_ms=152 request_id=req-001193
2026-07-19 17:29:49.500 UTC app/api: INFO request_id=req-001194 method=GET path=/api/league/00000000-0000-4000-8000-000000007001/matchups status=200 duration_ms=108 league_size=10
2026-07-19 17:29:51.000 UTC app/api: INFO request_id=req-001195 method=GET path=/api/league/00000000-0000-4000-8000-000000007001/matchups status=200 duration_ms=109 league_size=10
2026-07-19 17:29:52.500 UTC app/api: INFO request_id=req-001196 method=GET path=/api/league/00000000-0000-4000-8000-000000007001/matchups status=200 duration_ms=110 league_size=10
2026-07-19 17:29:54.000 UTC app/api: INFO request_id=req-001197 method=GET path=/api/league/00000000-0000-4000-8000-000000007001/matchups status=200 duration_ms=111 league_size=16
2026-07-19 17:29:55.500 UTC app/api: INFO request_id=req-001198 method=GET path=/api/league/00000000-0000-4000-8000-000000007001/matchups status=200 duration_ms=112 league_size=10
2026-07-19 17:29:57.000 UTC app/api: INFO request_id=req-001199 method=GET path=/api/league/00000000-0000-4000-8000-000000007001/matchups status=200 duration_ms=113 league_size=10
2026-07-19 17:29:58.500 UTC app/api: INFO request_id=req-001200 method=GET path=/api/league/00000000-0000-4000-8000-000000007001/matchups status=200 duration_ms=114 league_size=10
2026-07-19 17:30:00.000 UTC app/api: INFO request_id=req-001201 method=GET path=/api/league/00000000-0000-4000-8000-000000007001/matchups status=200 duration_ms=115 league_size=16
2026-07-19 17:30:01.500 UTC app/api: INFO request_id=req-001202 method=GET path=/api/league/00000000-0000-4000-8000-000000007001/matchups status=200 duration_ms=116 league_size=10
2026-07-19 17:30:03.000 UTC app/api: INFO request_id=req-001203 method=GET path=/api/league/00000000-0000-4000-8000-000000007001/matchups status=200 duration_ms=117 league_size=10
2026-07-19 17:30:04.500 UTC app/api: INFO request_id=req-001204 method=GET path=/api/league/00000000-0000-4000-8000-000000007001/matchups status=200 duration_ms=118 league_size=10
2026-07-19 17:30:06.000 UTC app/api: INFO request_id=req-001205 method=GET path=/api/league/00000000-0000-4000-8000-000000007001/matchups status=200 duration_ms=119 league_size=16
2026-07-19 17:30:07.500 UTC app/api: INFO request_id=req-001206 method=GET path=/api/league/00000000-0000-4000-8000-000000007001/matchups status=200 duration_ms=120 league_size=10
2026-07-19 17:30:09.000 UTC app/api: INFO request_id=req-001207 method=GET path=/api/league/00000000-0000-4000-8000-000000007001/matchups status=200 duration_ms=121 league_size=10
2026-07-19 17:30:10.500 UTC postgres[991]: LOG duration: 3407.421 ms execute monte_carlo: SELECT update_playoff_odds($1,$2,$3) league_size=16 request_id=req-001208
2026-07-19 17:30:12.000 UTC app/api: INFO request_id=req-001209 method=GET path=/api/league/00000000-0000-4000-8000-000000007001/matchups status=200 duration_ms=123 league_size=16
2026-07-19 17:30:13.500 UTC app/api: INFO request_id=req-001210 method=GET path=/api/league/00000000-0000-4000-8000-000000007001/matchups status=200 duration_ms=124 league_size=10
2026-07-19 17:30:15.000 UTC app/api: INFO request_id=req-001211 method=GET path=/api/league/00000000-0000-4000-8000-000000007001/matchups status=200 duration_ms=125 league_size=10
2026-07-19 17:30:16.500 UTC app/api: INFO request_id=req-001212 method=GET path=/api/league/00000000-0000-4000-8000-000000007001/matchups status=200 duration_ms=126 league_size=10
2026-07-19 17:30:18.000 UTC app/api: INFO request_id=req-001213 method=GET path=/api/league/00000000-0000-4000-8000-000000007001/matchups status=200 duration_ms=127 league_size=16
2026-07-19 17:30:19.500 UTC app/api: INFO request_id=req-001214 method=GET path=/api/league/00000000-0000-4000-8000-000000007001/matchups status=200 duration_ms=128 league_size=10
2026-07-19 17:30:21.000 UTC app/api: INFO request_id=req-001215 method=GET path=/api/league/00000000-0000-4000-8000-000000007001/matchups status=200 duration_ms=129 league_size=10
2026-07-19 17:30:22.500 UTC app/api: INFO request_id=req-001216 method=GET path=/api/league/00000000-0000-4000-8000-000000007001/matchups status=200 duration_ms=130 league_size=10
2026-07-19 17:30:24.000 UTC app/api: INFO request_id=req-001217 method=GET path=/api/league/00000000-0000-4000-8000-000000007001/matchups status=200 duration_ms=131 league_size=16
2026-07-19 17:30:25.500 UTC app/api: INFO request_id=req-001218 method=GET path=/api/league/00000000-0000-4000-8000-000000007001/matchups status=200 duration_ms=132 league_size=10
2026-07-19 17:30:27.000 UTC app/api: INFO request_id=req-001219 method=GET path=/api/league/00000000-0000-4000-8000-000000007001/matchups status=200 duration_ms=133 league_size=10
2026-07-19 17:30:28.500 UTC docker/supavisor[214]: [WARNING] Supavisor: connection queue latency exceeding 2500ms queue_ms=2820 pool=primary request_id=req-001220
2026-07-19 17:30:30.000 UTC app/api: INFO request_id=req-001221 method=GET path=/api/league/00000000-0000-4000-8000-000000007001/matchups status=200 duration_ms=135 league_size=16
2026-07-19 17:30:31.500 UTC docker/supavisor[214]: [ERROR] pgbouncer: pool empty pool=primary role=app_user active=200 waiting=17 request_id=req-001222
2026-07-19 17:30:33.000 UTC app/api: INFO request_id=req-001223 method=GET path=/api/league/00000000-0000-4000-8000-000000007001/matchups status=200 duration_ms=137 league_size=10
2026-07-19 17:30:34.500 UTC app/api: INFO request_id=req-001224 method=GET path=/api/league/00000000-0000-4000-8000-000000007001/matchups status=200 duration_ms=138 league_size=10
2026-07-19 17:30:36.000 UTC app/api: INFO request_id=req-001225 method=GET path=/api/league/00000000-0000-4000-8000-000000007001/matchups status=200 duration_ms=139 league_size=16
2026-07-19 17:30:37.500 UTC app/api: INFO request_id=req-001226 method=GET path=/api/league/00000000-0000-4000-8000-000000007001/matchups status=200 duration_ms=140 league_size=10
2026-07-19 17:30:39.000 UTC app/api: INFO request_id=req-001227 method=GET path=/api/league/00000000-0000-4000-8000-000000007001/matchups status=200 duration_ms=141 league_size=10
2026-07-19 17:30:40.500 UTC app/api: INFO request_id=req-001228 method=GET path=/api/league/00000000-0000-4000-8000-000000007001/matchups status=200 duration_ms=142 league_size=10
2026-07-19 17:30:42.000 UTC app/api: INFO request_id=req-001229 method=GET path=/api/league/00000000-0000-4000-8000-000000007001/matchups status=200 duration_ms=143 league_size=16
2026-07-19 17:30:43.500 UTC app/api: INFO request_id=req-001230 method=GET path=/api/league/00000000-0000-4000-8000-000000007001/matchups status=200 duration_ms=144 league_size=10
2026-07-19 17:30:45.000 UTC app/api: INFO request_id=req-001231 method=GET path=/api/league/00000000-0000-4000-8000-000000007001/matchups status=200 duration_ms=145 league_size=10
2026-07-19 17:30:46.500 UTC app/api: INFO request_id=req-001232 method=GET path=/api/league/00000000-0000-4000-8000-000000007001/matchups status=200 duration_ms=146 league_size=10
2026-07-19 17:30:48.000 UTC app/api: INFO request_id=req-001233 method=GET path=/api/league/00000000-0000-4000-8000-000000007001/matchups status=200 duration_ms=147 league_size=16
2026-07-19 17:30:49.500 UTC app/api: INFO request_id=req-001234 method=GET path=/api/league/00000000-0000-4000-8000-000000007001/matchups status=200 duration_ms=148 league_size=10
2026-07-19 17:30:51.000 UTC app/api: INFO request_id=req-001235 method=GET path=/api/league/00000000-0000-4000-8000-000000007001/matchups status=200 duration_ms=149 league_size=10
2026-07-19 17:30:52.500 UTC app/api: INFO request_id=req-001236 method=GET path=/api/league/00000000-0000-4000-8000-000000007001/matchups status=200 duration_ms=150 league_size=10
2026-07-19 17:30:54.000 UTC app/api: INFO request_id=req-001237 method=GET path=/api/league/00000000-0000-4000-8000-000000007001/matchups status=200 duration_ms=151 league_size=16
2026-07-19 17:30:55.500 UTC app/api: INFO request_id=req-001238 method=GET path=/api/league/00000000-0000-4000-8000-000000007001/matchups status=200 duration_ms=152 league_size=10
2026-07-19 17:30:57.000 UTC app/api: INFO request_id=req-001239 method=GET path=/api/league/00000000-0000-4000-8000-000000007001/matchups status=200 duration_ms=153 league_size=10
2026-07-19 17:30:58.500 UTC app/api: INFO request_id=req-001240 method=GET path=/api/league/00000000-0000-4000-8000-000000007001/matchups status=200 duration_ms=154 league_size=10
2026-07-19 17:31:00.000 UTC app/api: INFO request_id=req-001241 method=GET path=/api/league/00000000-0000-4000-8000-000000007001/matchups status=200 duration_ms=155 league_size=16
2026-07-19 17:31:01.500 UTC app/api: INFO request_id=req-001242 method=GET path=/api/league/00000000-0000-4000-8000-000000007001/matchups status=200 duration_ms=156 league_size=10
2026-07-19 17:31:03.000 UTC app/api: INFO request_id=req-001243 method=GET path=/api/league/00000000-0000-4000-8000-000000007001/matchups status=200 duration_ms=157 league_size=10
2026-07-19 17:31:04.500 UTC app/api: INFO request_id=req-001244 method=GET path=/api/league/00000000-0000-4000-8000-000000007001/matchups status=200 duration_ms=158 league_size=10
2026-07-19 17:31:06.000 UTC app/api: INFO request_id=req-001245 method=GET path=/api/league/00000000-0000-4000-8000-000000007001/matchups status=200 duration_ms=159 league_size=16
2026-07-19 17:31:07.500 UTC app/api: INFO request_id=req-001246 method=GET path=/api/league/00000000-0000-4000-8000-000000007001/matchups status=200 duration_ms=160 league_size=10
2026-07-19 17:31:09.000 UTC postgres[991]: LOG duration: 3346.087 ms execute tank01_ingest: INSERT INTO player_weekly_stats(player_id,season,week,stats) VALUES ($1,$2,$3,$4) league_size=10 request_id=req-001247
2026-07-19 17:31:10.500 UTC app/api: INFO request_id=req-001248 method=GET path=/api/league/00000000-0000-4000-8000-000000007001/matchups status=200 duration_ms=162 league_size=10
2026-07-19 17:31:12.000 UTC app/api: INFO request_id=req-001249 method=GET path=/api/league/00000000-0000-4000-8000-000000007001/matchups status=200 duration_ms=163 league_size=16
2026-07-19 17:31:13.500 UTC app/api: INFO request_id=req-001250 method=GET path=/api/league/00000000-0000-4000-8000-000000007001/matchups status=200 duration_ms=164 league_size=10
2026-07-19 17:31:15.000 UTC app/api: INFO request_id=req-001251 method=GET path=/api/league/00000000-0000-4000-8000-000000007001/matchups status=200 duration_ms=165 league_size=10
2026-07-19 17:31:16.500 UTC app/api: INFO request_id=req-001252 method=GET path=/api/league/00000000-0000-4000-8000-000000007001/matchups status=200 duration_ms=166 league_size=10
2026-07-19 17:31:18.000 UTC app/api: INFO request_id=req-001253 method=GET path=/api/league/00000000-0000-4000-8000-000000007001/matchups status=200 duration_ms=167 league_size=16
2026-07-19 17:31:19.500 UTC app/api: INFO request_id=req-001254 method=GET path=/api/league/00000000-0000-4000-8000-000000007001/matchups status=200 duration_ms=168 league_size=10
2026-07-19 17:31:21.000 UTC app/api: INFO request_id=req-001255 method=GET path=/api/league/00000000-0000-4000-8000-000000007001/matchups status=200 duration_ms=169 league_size=10
2026-07-19 17:31:22.500 UTC app/api: INFO request_id=req-001256 method=GET path=/api/league/00000000-0000-4000-8000-000000007001/matchups status=200 duration_ms=170 league_size=10
2026-07-19 17:31:24.000 UTC app/api: INFO request_id=req-001257 method=GET path=/api/league/00000000-0000-4000-8000-000000007001/matchups status=200 duration_ms=171 league_size=16
2026-07-19 17:31:25.500 UTC app/api: INFO request_id=req-001258 method=GET path=/api/league/00000000-0000-4000-8000-000000007001/matchups status=200 duration_ms=172 league_size=10
2026-07-19 17:31:27.000 UTC docker/supavisor[214]: [ERROR] pgbouncer: pool empty pool=primary role=app_user active=200 waiting=16 request_id=req-001259
2026-07-19 17:31:28.500 UTC app/api: INFO request_id=req-001260 method=GET path=/api/league/00000000-0000-4000-8000-000000007001/matchups status=200 duration_ms=174 league_size=10
2026-07-19 17:31:30.000 UTC app/api: INFO request_id=req-001261 method=GET path=/api/league/00000000-0000-4000-8000-000000007001/matchups status=200 duration_ms=175 league_size=16
2026-07-19 17:31:31.500 UTC app/api: INFO request_id=req-001262 method=GET path=/api/league/00000000-0000-4000-8000-000000007001/matchups status=200 duration_ms=176 league_size=10
2026-07-19 17:31:33.000 UTC app/api: INFO request_id=req-001263 method=GET path=/api/league/00000000-0000-4000-8000-000000007001/matchups status=200 duration_ms=177 league_size=10
2026-07-19 17:31:34.500 UTC app/api: INFO request_id=req-001264 method=GET path=/api/league/00000000-0000-4000-8000-000000007001/matchups status=200 duration_ms=178 league_size=10
2026-07-19 17:31:36.000 UTC app/api: INFO request_id=req-001265 method=GET path=/api/league/00000000-0000-4000-8000-000000007001/matchups status=200 duration_ms=179 league_size=16
2026-07-19 17:31:37.500 UTC app/api: INFO request_id=req-001266 method=GET path=/api/league/00000000-0000-4000-8000-000000007001/matchups status=200 duration_ms=180 league_size=10
2026-07-19 17:31:39.000 UTC app/api: INFO request_id=req-001267 method=GET path=/api/league/00000000-0000-4000-8000-000000007001/matchups status=200 duration_ms=181 league_size=10
2026-07-19 17:31:40.500 UTC app/api: INFO request_id=req-001268 method=GET path=/api/league/00000000-0000-4000-8000-000000007001/matchups status=200 duration_ms=182 league_size=10
2026-07-19 17:31:42.000 UTC app/api: INFO request_id=req-001269 method=GET path=/api/league/00000000-0000-4000-8000-000000007001/matchups status=200 duration_ms=183 league_size=16
2026-07-19 17:31:43.500 UTC app/api: INFO request_id=req-001270 method=GET path=/api/league/00000000-0000-4000-8000-000000007001/matchups status=200 duration_ms=184 league_size=10
2026-07-19 17:31:45.000 UTC app/api: INFO request_id=req-001271 method=GET path=/api/league/00000000-0000-4000-8000-000000007001/matchups status=200 duration_ms=185 league_size=10
2026-07-19 17:31:46.500 UTC app/api: INFO request_id=req-001272 method=GET path=/api/league/00000000-0000-4000-8000-000000007001/matchups status=200 duration_ms=186 league_size=10
2026-07-19 17:31:48.000 UTC docker/supavisor[214]: [WARNING] Supavisor: connection queue latency exceeding 2500ms queue_ms=2873 pool=primary request_id=req-001273
2026-07-19 17:31:49.500 UTC app/api: INFO request_id=req-001274 method=GET path=/api/league/00000000-0000-4000-8000-000000007001/matchups status=200 duration_ms=188 league_size=10
2026-07-19 17:31:51.000 UTC app/api: INFO request_id=req-001275 method=GET path=/api/league/00000000-0000-4000-8000-000000007001/matchups status=200 duration_ms=189 league_size=10
2026-07-19 17:31:52.500 UTC app/api: INFO request_id=req-001276 method=GET path=/api/league/00000000-0000-4000-8000-000000007001/matchups status=200 duration_ms=190 league_size=10
2026-07-19 17:31:54.000 UTC app/api: INFO request_id=req-001277 method=GET path=/api/league/00000000-0000-4000-8000-000000007001/matchups status=200 duration_ms=191 league_size=16
2026-07-19 17:31:55.500 UTC app/api: INFO request_id=req-001278 method=GET path=/api/league/00000000-0000-4000-8000-000000007001/matchups status=200 duration_ms=192 league_size=10
2026-07-19 17:31:57.000 UTC postgres[991]: LOG duration: 3478.421 ms execute monte_carlo: SELECT update_playoff_odds($1,$2,$3) league_size=10 request_id=req-001279
2026-07-19 17:31:58.500 UTC app/api: INFO request_id=req-001280 method=GET path=/api/league/00000000-0000-4000-8000-000000007001/matchups status=200 duration_ms=194 league_size=10
2026-07-19 17:32:00.000 UTC app/api: INFO request_id=req-001281 method=GET path=/api/league/00000000-0000-4000-8000-000000007001/matchups status=200 duration_ms=35 league_size=16
2026-07-19 17:32:01.500 UTC app/api: INFO request_id=req-001282 method=GET path=/api/league/00000000-0000-4000-8000-000000007001/matchups status=200 duration_ms=36 league_size=10
2026-07-19 17:32:03.000 UTC app/api: INFO request_id=req-001283 method=GET path=/api/league/00000000-0000-4000-8000-000000007001/matchups status=200 duration_ms=37 league_size=10
2026-07-19 17:32:04.500 UTC app/api: INFO request_id=req-001284 method=GET path=/api/league/00000000-0000-4000-8000-000000007001/matchups status=200 duration_ms=38 league_size=10
2026-07-19 17:32:06.000 UTC edge/scoring: HTTP/1.1 504 Gateway Timeout method=POST path=/api/scoring/league/00000000-0000-4000-8000-000000007001/correct-week upstream_timeout_ms=6284 request_id=req-001285
2026-07-19 17:32:07.500 UTC app/api: INFO request_id=req-001286 method=GET path=/api/league/00000000-0000-4000-8000-000000007001/matchups status=200 duration_ms=40 league_size=10
2026-07-19 17:32:09.000 UTC app/api: INFO request_id=req-001287 method=GET path=/api/league/00000000-0000-4000-8000-000000007001/matchups status=200 duration_ms=41 league_size=10
2026-07-19 17:32:10.500 UTC app/api: INFO request_id=req-001288 method=GET path=/api/league/00000000-0000-4000-8000-000000007001/matchups status=200 duration_ms=42 league_size=10
2026-07-19 17:32:12.000 UTC app/api: INFO request_id=req-001289 method=GET path=/api/league/00000000-0000-4000-8000-000000007001/matchups status=200 duration_ms=43 league_size=16
2026-07-19 17:32:13.500 UTC app/api: INFO request_id=req-001290 method=GET path=/api/league/00000000-0000-4000-8000-000000007001/matchups status=200 duration_ms=44 league_size=10
2026-07-19 17:32:15.000 UTC app/api: INFO request_id=req-001291 method=GET path=/api/league/00000000-0000-4000-8000-000000007001/matchups status=200 duration_ms=45 league_size=10
2026-07-19 17:32:16.500 UTC app/api: INFO request_id=req-001292 method=GET path=/api/league/00000000-0000-4000-8000-000000007001/matchups status=200 duration_ms=46 league_size=10
2026-07-19 17:32:18.000 UTC app/api: INFO request_id=req-001293 method=GET path=/api/league/00000000-0000-4000-8000-000000007001/matchups status=200 duration_ms=47 league_size=16
2026-07-19 17:32:19.500 UTC app/api: INFO request_id=req-001294 method=GET path=/api/league/00000000-0000-4000-8000-000000007001/matchups status=200 duration_ms=48 league_size=10
2026-07-19 17:32:21.000 UTC app/api: INFO request_id=req-001295 method=GET path=/api/league/00000000-0000-4000-8000-000000007001/matchups status=200 duration_ms=49 league_size=10
2026-07-19 17:32:22.500 UTC docker/supavisor[214]: [ERROR] pgbouncer: pool empty pool=primary role=app_user active=200 waiting=15 request_id=req-001296
2026-07-19 17:32:24.000 UTC app/api: INFO request_id=req-001297 method=GET path=/api/league/00000000-0000-4000-8000-000000007001/matchups status=200 duration_ms=51 league_size=16
2026-07-19 17:32:25.500 UTC app/api: INFO request_id=req-001298 method=GET path=/api/league/00000000-0000-4000-8000-000000007001/matchups status=200 duration_ms=52 league_size=10
2026-07-19 17:32:27.000 UTC app/api: INFO request_id=req-001299 method=GET path=/api/league/00000000-0000-4000-8000-000000007001/matchups status=200 duration_ms=53 league_size=10
2026-07-19 17:32:28.500 UTC app/api: INFO request_id=req-001300 method=GET path=/api/league/00000000-0000-4000-8000-000000007001/matchups status=200 duration_ms=54 league_size=10
2026-07-19 17:32:30.000 UTC app/api: INFO request_id=req-001301 method=GET path=/api/league/00000000-0000-4000-8000-000000007001/matchups status=200 duration_ms=55 league_size=16
2026-07-19 17:32:31.500 UTC app/api: INFO request_id=req-001302 method=GET path=/api/league/00000000-0000-4000-8000-000000007001/matchups status=200 duration_ms=56 league_size=10
2026-07-19 17:32:33.000 UTC app/api: INFO request_id=req-001303 method=GET path=/api/league/00000000-0000-4000-8000-000000007001/matchups status=200 duration_ms=57 league_size=10
2026-07-19 17:32:34.500 UTC app/api: INFO request_id=req-001304 method=GET path=/api/league/00000000-0000-4000-8000-000000007001/matchups status=200 duration_ms=58 league_size=10
2026-07-19 17:32:36.000 UTC app/api: INFO request_id=req-001305 method=GET path=/api/league/00000000-0000-4000-8000-000000007001/matchups status=200 duration_ms=59 league_size=16
2026-07-19 17:32:37.500 UTC app/api: INFO request_id=req-001306 method=GET path=/api/league/00000000-0000-4000-8000-000000007001/matchups status=200 duration_ms=60 league_size=10
2026-07-19 17:32:39.000 UTC app/api: INFO request_id=req-001307 method=GET path=/api/league/00000000-0000-4000-8000-000000007001/matchups status=200 duration_ms=61 league_size=10
2026-07-19 17:32:40.500 UTC app/api: INFO request_id=req-001308 method=GET path=/api/league/00000000-0000-4000-8000-000000007001/matchups status=200 duration_ms=62 league_size=10
2026-07-19 17:32:42.000 UTC app/api: INFO request_id=req-001309 method=GET path=/api/league/00000000-0000-4000-8000-000000007001/matchups status=200 duration_ms=63 league_size=16
2026-07-19 17:32:43.500 UTC app/api: INFO request_id=req-001310 method=GET path=/api/league/00000000-0000-4000-8000-000000007001/matchups status=200 duration_ms=64 league_size=10
2026-07-19 17:32:45.000 UTC realtime/draft: [WebSocket] Connection dropped on channel: league_draft_board:00000000-0000-4000-8000-000000007001 due to server backpressure client=vu-11 propagation_ms=810 request_id=req-001311
2026-07-19 17:32:46.500 UTC app/api: INFO request_id=req-001312 method=GET path=/api/league/00000000-0000-4000-8000-000000007001/matchups status=200 duration_ms=66 league_size=10
2026-07-19 17:32:48.000 UTC app/api: INFO request_id=req-001313 method=GET path=/api/league/00000000-0000-4000-8000-000000007001/matchups status=200 duration_ms=67 league_size=16
2026-07-19 17:32:49.500 UTC app/api: INFO request_id=req-001314 method=GET path=/api/league/00000000-0000-4000-8000-000000007001/matchups status=200 duration_ms=68 league_size=10
2026-07-19 17:32:51.000 UTC app/api: INFO request_id=req-001315 method=GET path=/api/league/00000000-0000-4000-8000-000000007001/matchups status=200 duration_ms=69 league_size=10
2026-07-19 17:32:52.500 UTC app/api: INFO request_id=req-001316 method=GET path=/api/league/00000000-0000-4000-8000-000000007001/matchups status=200 duration_ms=70 league_size=10
2026-07-19 17:32:54.000 UTC app/api: INFO request_id=req-001317 method=GET path=/api/league/00000000-0000-4000-8000-000000007001/matchups status=200 duration_ms=71 league_size=16
2026-07-19 17:32:55.500 UTC app/api: INFO request_id=req-001318 method=GET path=/api/league/00000000-0000-4000-8000-000000007001/matchups status=200 duration_ms=72 league_size=10
2026-07-19 17:32:57.000 UTC app/api: INFO request_id=req-001319 method=GET path=/api/league/00000000-0000-4000-8000-000000007001/matchups status=200 duration_ms=73 league_size=10
2026-07-19 17:32:58.500 UTC app/api: INFO request_id=req-001320 method=GET path=/api/league/00000000-0000-4000-8000-000000007001/matchups status=200 duration_ms=74 league_size=10
2026-07-19 17:33:00.000 UTC app/api: INFO request_id=req-001321 method=GET path=/api/league/00000000-0000-4000-8000-000000007001/matchups status=200 duration_ms=75 league_size=16
2026-07-19 17:33:01.500 UTC app/api: INFO request_id=req-001322 method=GET path=/api/league/00000000-0000-4000-8000-000000007001/matchups status=200 duration_ms=76 league_size=10
2026-07-19 17:33:03.000 UTC app/api: INFO request_id=req-001323 method=GET path=/api/league/00000000-0000-4000-8000-000000007001/matchups status=200 duration_ms=77 league_size=10
2026-07-19 17:33:04.500 UTC app/api: INFO request_id=req-001324 method=GET path=/api/league/00000000-0000-4000-8000-000000007001/matchups status=200 duration_ms=78 league_size=10
2026-07-19 17:33:06.000 UTC app/api: INFO request_id=req-001325 method=GET path=/api/league/00000000-0000-4000-8000-000000007001/matchups status=200 duration_ms=79 league_size=16
2026-07-19 17:33:07.500 UTC docker/supavisor[214]: [WARNING] Supavisor: connection queue latency exceeding 2500ms queue_ms=2926 pool=primary request_id=req-001326
2026-07-19 17:33:09.000 UTC app/api: INFO request_id=req-001327 method=GET path=/api/league/00000000-0000-4000-8000-000000007001/matchups status=200 duration_ms=81 league_size=10
2026-07-19 17:33:10.500 UTC app/api: INFO request_id=req-001328 method=GET path=/api/league/00000000-0000-4000-8000-000000007001/matchups status=200 duration_ms=82 league_size=10
2026-07-19 17:33:12.000 UTC app/api: INFO request_id=req-001329 method=GET path=/api/league/00000000-0000-4000-8000-000000007001/matchups status=200 duration_ms=83 league_size=16
2026-07-19 17:33:13.500 UTC app/api: INFO request_id=req-001330 method=GET path=/api/league/00000000-0000-4000-8000-000000007001/matchups status=200 duration_ms=84 league_size=10
2026-07-19 17:33:15.000 UTC app/api: INFO request_id=req-001331 method=GET path=/api/league/00000000-0000-4000-8000-000000007001/matchups status=200 duration_ms=85 league_size=10
2026-07-19 17:33:16.500 UTC app/api: INFO request_id=req-001332 method=GET path=/api/league/00000000-0000-4000-8000-000000007001/matchups status=200 duration_ms=86 league_size=10
2026-07-19 17:33:18.000 UTC docker/supavisor[214]: [ERROR] pgbouncer: pool empty pool=primary role=app_user active=200 waiting=14 request_id=req-001333
2026-07-19 17:33:19.500 UTC app/api: INFO request_id=req-001334 method=GET path=/api/league/00000000-0000-4000-8000-000000007001/matchups status=200 duration_ms=88 league_size=10
2026-07-19 17:33:21.000 UTC app/api: INFO request_id=req-001335 method=GET path=/api/league/00000000-0000-4000-8000-000000007001/matchups status=200 duration_ms=89 league_size=10
2026-07-19 17:33:22.500 UTC postgres[991]: LOG duration: 3435.087 ms execute tank01_ingest: INSERT INTO player_weekly_stats(player_id,season,week,stats) VALUES ($1,$2,$3,$4) league_size=16 request_id=req-001336
2026-07-19 17:33:24.000 UTC app/api: INFO request_id=req-001337 method=GET path=/api/league/00000000-0000-4000-8000-000000007001/matchups status=200 duration_ms=91 league_size=16
2026-07-19 17:33:25.500 UTC app/api: INFO request_id=req-001338 method=GET path=/api/league/00000000-0000-4000-8000-000000007001/matchups status=200 duration_ms=92 league_size=10
2026-07-19 17:33:27.000 UTC app/api: INFO request_id=req-001339 method=GET path=/api/league/00000000-0000-4000-8000-000000007001/matchups status=200 duration_ms=93 league_size=10
2026-07-19 17:33:28.500 UTC app/api: INFO request_id=req-001340 method=GET path=/api/league/00000000-0000-4000-8000-000000007001/matchups status=200 duration_ms=94 league_size=10
2026-07-19 17:33:30.000 UTC app/api: INFO request_id=req-001341 method=GET path=/api/league/00000000-0000-4000-8000-000000007001/matchups status=200 duration_ms=95 league_size=16
2026-07-19 17:33:31.500 UTC edge/scoring: HTTP/1.1 200 OK method=GET path=/api/matchups/league/00000000-0000-4000-8000-000000007001 duration_ms=161 request_id=req-001342
2026-07-19 17:33:33.000 UTC app/api: INFO request_id=req-001343 method=GET path=/api/league/00000000-0000-4000-8000-000000007001/matchups status=200 duration_ms=97 league_size=10
2026-07-19 17:33:34.500 UTC app/api: INFO request_id=req-001344 method=GET path=/api/league/00000000-0000-4000-8000-000000007001/matchups status=200 duration_ms=98 league_size=10
2026-07-19 17:33:36.000 UTC app/api: INFO request_id=req-001345 method=GET path=/api/league/00000000-0000-4000-8000-000000007001/matchups status=200 duration_ms=99 league_size=16
2026-07-19 17:33:37.500 UTC app/api: INFO request_id=req-001346 method=GET path=/api/league/00000000-0000-4000-8000-000000007001/matchups status=200 duration_ms=100 league_size=10
2026-07-19 17:33:39.000 UTC app/api: INFO request_id=req-001347 method=GET path=/api/league/00000000-0000-4000-8000-000000007001/matchups status=200 duration_ms=101 league_size=10
2026-07-19 17:33:40.500 UTC app/api: INFO request_id=req-001348 method=GET path=/api/league/00000000-0000-4000-8000-000000007001/matchups status=200 duration_ms=102 league_size=10
2026-07-19 17:33:42.000 UTC app/api: INFO request_id=req-001349 method=GET path=/api/league/00000000-0000-4000-8000-000000007001/matchups status=200 duration_ms=103 league_size=16
2026-07-19 17:33:43.500 UTC postgres[991]: LOG duration: 3549.421 ms execute monte_carlo: SELECT update_playoff_odds($1,$2,$3) league_size=16 request_id=req-001350
2026-07-19 17:33:45.000 UTC app/api: INFO request_id=req-001351 method=GET path=/api/league/00000000-0000-4000-8000-000000007001/matchups status=200 duration_ms=105 league_size=10
2026-07-19 17:33:46.500 UTC app/api: INFO request_id=req-001352 method=GET path=/api/league/00000000-0000-4000-8000-000000007001/matchups status=200 duration_ms=106 league_size=10
2026-07-19 17:33:48.000 UTC app/api: INFO request_id=req-001353 method=GET path=/api/league/00000000-0000-4000-8000-000000007001/matchups status=200 duration_ms=107 league_size=16
2026-07-19 17:33:49.500 UTC app/api: INFO request_id=req-001354 method=GET path=/api/league/00000000-0000-4000-8000-000000007001/matchups status=200 duration_ms=108 league_size=10
2026-07-19 17:33:51.000 UTC app/api: INFO request_id=req-001355 method=GET path=/api/league/00000000-0000-4000-8000-000000007001/matchups status=200 duration_ms=109 league_size=10
2026-07-19 17:33:52.500 UTC app/api: INFO request_id=req-001356 method=GET path=/api/league/00000000-0000-4000-8000-000000007001/matchups status=200 duration_ms=110 league_size=10
2026-07-19 17:33:54.000 UTC app/api: INFO request_id=req-001357 method=GET path=/api/league/00000000-0000-4000-8000-000000007001/matchups status=200 duration_ms=111 league_size=16
2026-07-19 17:33:55.500 UTC app/api: INFO request_id=req-001358 method=GET path=/api/league/00000000-0000-4000-8000-000000007001/matchups status=200 duration_ms=112 league_size=10
2026-07-19 17:33:57.000 UTC app/api: INFO request_id=req-001359 method=GET path=/api/league/00000000-0000-4000-8000-000000007001/matchups status=200 duration_ms=113 league_size=10
2026-07-19 17:33:58.500 UTC app/api: INFO request_id=req-001360 method=GET path=/api/league/00000000-0000-4000-8000-000000007001/matchups status=200 duration_ms=114 league_size=10
2026-07-19 17:34:00.000 UTC app/api: INFO request_id=req-001361 method=GET path=/api/league/00000000-0000-4000-8000-000000007001/matchups status=200 duration_ms=115 league_size=16
2026-07-19 17:34:01.500 UTC app/api: INFO request_id=req-001362 method=GET path=/api/league/00000000-0000-4000-8000-000000007001/matchups status=200 duration_ms=116 league_size=10
2026-07-19 17:34:03.000 UTC app/api: INFO request_id=req-001363 method=GET path=/api/league/00000000-0000-4000-8000-000000007001/matchups status=200 duration_ms=117 league_size=10
2026-07-19 17:34:04.500 UTC app/api: INFO request_id=req-001364 method=GET path=/api/league/00000000-0000-4000-8000-000000007001/matchups status=200 duration_ms=118 league_size=10
2026-07-19 17:34:06.000 UTC app/api: INFO request_id=req-001365 method=GET path=/api/league/00000000-0000-4000-8000-000000007001/matchups status=200 duration_ms=119 league_size=16
2026-07-19 17:34:07.500 UTC app/api: INFO request_id=req-001366 method=GET path=/api/league/00000000-0000-4000-8000-000000007001/matchups status=200 duration_ms=120 league_size=10
2026-07-19 17:34:09.000 UTC app/api: INFO request_id=req-001367 method=GET path=/api/league/00000000-0000-4000-8000-000000007001/matchups status=200 duration_ms=121 league_size=10
2026-07-19 17:34:10.500 UTC app/api: INFO request_id=req-001368 method=GET path=/api/league/00000000-0000-4000-8000-000000007001/matchups status=200 duration_ms=122 league_size=10
2026-07-19 17:34:12.000 UTC app/api: INFO request_id=req-001369 method=GET path=/api/league/00000000-0000-4000-8000-000000007001/matchups status=200 duration_ms=123 league_size=16
2026-07-19 17:34:13.500 UTC docker/supavisor[214]: [ERROR] pgbouncer: pool empty pool=primary role=app_user active=200 waiting=13 request_id=req-001370
2026-07-19 17:34:15.000 UTC app/api: INFO request_id=req-001371 method=GET path=/api/league/00000000-0000-4000-8000-000000007001/matchups status=200 duration_ms=125 league_size=10
2026-07-19 17:34:16.500 UTC app/api: INFO request_id=req-001372 method=GET path=/api/league/00000000-0000-4000-8000-000000007001/matchups status=200 duration_ms=126 league_size=10
2026-07-19 17:34:18.000 UTC app/api: INFO request_id=req-001373 method=GET path=/api/league/00000000-0000-4000-8000-000000007001/matchups status=200 duration_ms=127 league_size=16
2026-07-19 17:34:19.500 UTC app/api: INFO request_id=req-001374 method=GET path=/api/league/00000000-0000-4000-8000-000000007001/matchups status=200 duration_ms=128 league_size=10
2026-07-19 17:34:21.000 UTC app/api: INFO request_id=req-001375 method=GET path=/api/league/00000000-0000-4000-8000-000000007001/matchups status=200 duration_ms=129 league_size=10
2026-07-19 17:34:22.500 UTC app/api: INFO request_id=req-001376 method=GET path=/api/league/00000000-0000-4000-8000-000000007001/matchups status=200 duration_ms=130 league_size=10
2026-07-19 17:34:24.000 UTC app/api: INFO request_id=req-001377 method=GET path=/api/league/00000000-0000-4000-8000-000000007001/matchups status=200 duration_ms=131 league_size=16
2026-07-19 17:34:25.500 UTC app/api: INFO request_id=req-001378 method=GET path=/api/league/00000000-0000-4000-8000-000000007001/matchups status=200 duration_ms=132 league_size=10
2026-07-19 17:34:27.000 UTC docker/supavisor[214]: [WARNING] Supavisor: connection queue latency exceeding 2500ms queue_ms=2979 pool=primary request_id=req-001379
2026-07-19 17:34:28.500 UTC app/api: INFO request_id=req-001380 method=GET path=/api/league/00000000-0000-4000-8000-000000007001/matchups status=200 duration_ms=134 league_size=10
2026-07-19 17:34:30.000 UTC app/api: INFO request_id=req-001381 method=GET path=/api/league/00000000-0000-4000-8000-000000007001/matchups status=200 duration_ms=135 league_size=16
2026-07-19 17:34:31.500 UTC app/api: INFO request_id=req-001382 method=GET path=/api/league/00000000-0000-4000-8000-000000007001/matchups status=200 duration_ms=136 league_size=10
2026-07-19 17:34:33.000 UTC app/api: INFO request_id=req-001383 method=GET path=/api/league/00000000-0000-4000-8000-000000007001/matchups status=200 duration_ms=137 league_size=10
2026-07-19 17:34:34.500 UTC app/api: INFO request_id=req-001384 method=GET path=/api/league/00000000-0000-4000-8000-000000007001/matchups status=200 duration_ms=138 league_size=10
2026-07-19 17:34:36.000 UTC app/api: INFO request_id=req-001385 method=GET path=/api/league/00000000-0000-4000-8000-000000007001/matchups status=200 duration_ms=139 league_size=16
2026-07-19 17:34:37.500 UTC app/api: INFO request_id=req-001386 method=GET path=/api/league/00000000-0000-4000-8000-000000007001/matchups status=200 duration_ms=140 league_size=10
2026-07-19 17:34:39.000 UTC app/api: INFO request_id=req-001387 method=GET path=/api/league/00000000-0000-4000-8000-000000007001/matchups status=200 duration_ms=141 league_size=10
2026-07-19 17:34:40.500 UTC app/api: INFO request_id=req-001388 method=GET path=/api/league/00000000-0000-4000-8000-000000007001/matchups status=200 duration_ms=142 league_size=10
2026-07-19 17:34:42.000 UTC app/api: INFO request_id=req-001389 method=GET path=/api/league/00000000-0000-4000-8000-000000007001/matchups status=200 duration_ms=143 league_size=16
2026-07-19 17:34:43.500 UTC app/api: INFO request_id=req-001390 method=GET path=/api/league/00000000-0000-4000-8000-000000007001/matchups status=200 duration_ms=144 league_size=10
2026-07-19 17:34:45.000 UTC app/api: INFO request_id=req-001391 method=GET path=/api/league/00000000-0000-4000-8000-000000007001/matchups status=200 duration_ms=145 league_size=10
2026-07-19 17:34:46.500 UTC edge/scoring: HTTP/1.1 504 Gateway Timeout method=POST path=/api/scoring/league/00000000-0000-4000-8000-000000007001/correct-week upstream_timeout_ms=6391 request_id=req-001392
2026-07-19 17:34:48.000 UTC app/api: INFO request_id=req-001393 method=GET path=/api/league/00000000-0000-4000-8000-000000007001/matchups status=200 duration_ms=147 league_size=16
2026-07-19 17:34:49.500 UTC app/api: INFO request_id=req-001394 method=GET path=/api/league/00000000-0000-4000-8000-000000007001/matchups status=200 duration_ms=148 league_size=10
2026-07-19 17:34:51.000 UTC app/api: INFO request_id=req-001395 method=GET path=/api/league/00000000-0000-4000-8000-000000007001/matchups status=200 duration_ms=149 league_size=10
2026-07-19 17:34:52.500 UTC app/api: INFO request_id=req-001396 method=GET path=/api/league/00000000-0000-4000-8000-000000007001/matchups status=200 duration_ms=150 league_size=10
2026-07-19 17:34:54.000 UTC app/api: INFO request_id=req-001397 method=GET path=/api/league/00000000-0000-4000-8000-000000007001/matchups status=200 duration_ms=151 league_size=16
2026-07-19 17:34:55.500 UTC app/api: INFO request_id=req-001398 method=GET path=/api/league/00000000-0000-4000-8000-000000007001/matchups status=200 duration_ms=152 league_size=10
2026-07-19 17:34:57.000 UTC app/api: INFO request_id=req-001399 method=GET path=/api/league/00000000-0000-4000-8000-000000007001/matchups status=200 duration_ms=153 league_size=10
2026-07-19 17:34:58.500 UTC app/api: INFO request_id=req-001400 method=GET path=/api/league/00000000-0000-4000-8000-000000007001/matchups status=200 duration_ms=154 league_size=10
2026-07-19 17:35:00.000 UTC app/api: INFO request_id=req-001401 method=GET path=/api/league/00000000-0000-4000-8000-000000007001/matchups status=200 duration_ms=155 league_size=16
2026-07-19 17:35:01.500 UTC app/api: INFO request_id=req-001402 method=GET path=/api/league/00000000-0000-4000-8000-000000007001/matchups status=200 duration_ms=156 league_size=10
2026-07-19 17:35:03.000 UTC app/api: INFO request_id=req-001403 method=GET path=/api/league/00000000-0000-4000-8000-000000007001/matchups status=200 duration_ms=157 league_size=10
2026-07-19 17:35:04.500 UTC app/api: INFO request_id=req-001404 method=GET path=/api/league/00000000-0000-4000-8000-000000007001/matchups status=200 duration_ms=158 league_size=10
2026-07-19 17:35:06.000 UTC app/api: INFO request_id=req-001405 method=GET path=/api/league/00000000-0000-4000-8000-000000007001/matchups status=200 duration_ms=159 league_size=16
2026-07-19 17:35:07.500 UTC app/api: INFO request_id=req-001406 method=GET path=/api/league/00000000-0000-4000-8000-000000007001/matchups status=200 duration_ms=160 league_size=10
2026-07-19 17:35:09.000 UTC docker/supavisor[214]: [ERROR] pgbouncer: pool empty pool=primary role=app_user active=200 waiting=12 request_id=req-001407
2026-07-19 17:35:10.500 UTC app/api: INFO request_id=req-001408 method=GET path=/api/league/00000000-0000-4000-8000-000000007001/matchups status=200 duration_ms=162 league_size=10
2026-07-19 17:35:12.000 UTC app/api: INFO request_id=req-001409 method=GET path=/api/league/00000000-0000-4000-8000-000000007001/matchups status=200 duration_ms=163 league_size=16
2026-07-19 17:35:13.500 UTC app/api: INFO request_id=req-001410 method=GET path=/api/league/00000000-0000-4000-8000-000000007001/matchups status=200 duration_ms=164 league_size=10
2026-07-19 17:35:15.000 UTC app/api: INFO request_id=req-001411 method=GET path=/api/league/00000000-0000-4000-8000-000000007001/matchups status=200 duration_ms=165 league_size=10
2026-07-19 17:35:16.500 UTC app/api: INFO request_id=req-001412 method=GET path=/api/league/00000000-0000-4000-8000-000000007001/matchups status=200 duration_ms=166 league_size=10
2026-07-19 17:35:18.000 UTC app/api: INFO request_id=req-001413 method=GET path=/api/league/00000000-0000-4000-8000-000000007001/matchups status=200 duration_ms=167 league_size=16
2026-07-19 17:35:19.500 UTC app/api: INFO request_id=req-001414 method=GET path=/api/league/00000000-0000-4000-8000-000000007001/matchups status=200 duration_ms=168 league_size=10
2026-07-19 17:35:21.000 UTC app/api: INFO request_id=req-001415 method=GET path=/api/league/00000000-0000-4000-8000-000000007001/matchups status=200 duration_ms=169 league_size=10
2026-07-19 17:35:22.500 UTC app/api: INFO request_id=req-001416 method=GET path=/api/league/00000000-0000-4000-8000-000000007001/matchups status=200 duration_ms=170 league_size=10
2026-07-19 17:35:24.000 UTC app/api: INFO request_id=req-001417 method=GET path=/api/league/00000000-0000-4000-8000-000000007001/matchups status=200 duration_ms=171 league_size=16
2026-07-19 17:35:25.500 UTC app/api: INFO request_id=req-001418 method=GET path=/api/league/00000000-0000-4000-8000-000000007001/matchups status=200 duration_ms=172 league_size=10
2026-07-19 17:35:27.000 UTC app/api: INFO request_id=req-001419 method=GET path=/api/league/00000000-0000-4000-8000-000000007001/matchups status=200 duration_ms=173 league_size=10
2026-07-19 17:35:28.500 UTC app/api: INFO request_id=req-001420 method=GET path=/api/league/00000000-0000-4000-8000-000000007001/matchups status=200 duration_ms=174 league_size=10
2026-07-19 17:35:30.000 UTC postgres[991]: LOG duration: 3620.421 ms execute monte_carlo: SELECT update_playoff_odds($1,$2,$3) league_size=10 request_id=req-001421
2026-07-19 17:35:31.500 UTC app/api: INFO request_id=req-001422 method=GET path=/api/league/00000000-0000-4000-8000-000000007001/matchups status=200 duration_ms=176 league_size=10
2026-07-19 17:35:33.000 UTC app/api: INFO request_id=req-001423 method=GET path=/api/league/00000000-0000-4000-8000-000000007001/matchups status=200 duration_ms=177 league_size=10
2026-07-19 17:35:34.500 UTC app/api: INFO request_id=req-001424 method=GET path=/api/league/00000000-0000-4000-8000-000000007001/matchups status=200 duration_ms=178 league_size=10
2026-07-19 17:35:36.000 UTC postgres[991]: LOG duration: 2124.087 ms execute tank01_ingest: INSERT INTO player_weekly_stats(player_id,season,week,stats) VALUES ($1,$2,$3,$4) league_size=10 request_id=req-001425
2026-07-19 17:35:37.500 UTC app/api: INFO request_id=req-001426 method=GET path=/api/league/00000000-0000-4000-8000-000000007001/matchups status=200 duration_ms=180 league_size=10
2026-07-19 17:35:39.000 UTC app/api: INFO request_id=req-001427 method=GET path=/api/league/00000000-0000-4000-8000-000000007001/matchups status=200 duration_ms=181 league_size=10
2026-07-19 17:35:40.500 UTC app/api: INFO request_id=req-001428 method=GET path=/api/league/00000000-0000-4000-8000-000000007001/matchups status=200 duration_ms=182 league_size=10
2026-07-19 17:35:42.000 UTC app/api: INFO request_id=req-001429 method=GET path=/api/league/00000000-0000-4000-8000-000000007001/matchups status=200 duration_ms=183 league_size=16
2026-07-19 17:35:43.500 UTC app/api: INFO request_id=req-001430 method=GET path=/api/league/00000000-0000-4000-8000-000000007001/matchups status=200 duration_ms=184 league_size=10
2026-07-19 17:35:45.000 UTC app/api: INFO request_id=req-001431 method=GET path=/api/league/00000000-0000-4000-8000-000000007001/matchups status=200 duration_ms=185 league_size=10
2026-07-19 17:35:46.500 UTC docker/supavisor[214]: [WARNING] Supavisor: connection queue latency exceeding 2500ms queue_ms=3032 pool=primary request_id=req-001432
2026-07-19 17:35:48.000 UTC app/api: INFO request_id=req-001433 method=GET path=/api/league/00000000-0000-4000-8000-000000007001/matchups status=200 duration_ms=187 league_size=16
2026-07-19 17:35:49.500 UTC app/api: INFO request_id=req-001434 method=GET path=/api/league/00000000-0000-4000-8000-000000007001/matchups status=200 duration_ms=188 league_size=10
2026-07-19 17:35:51.000 UTC app/api: INFO request_id=req-001435 method=GET path=/api/league/00000000-0000-4000-8000-000000007001/matchups status=200 duration_ms=189 league_size=10
2026-07-19 17:35:52.500 UTC app/api: INFO request_id=req-001436 method=GET path=/api/league/00000000-0000-4000-8000-000000007001/matchups status=200 duration_ms=190 league_size=10
2026-07-19 17:35:54.000 UTC app/api: INFO request_id=req-001437 method=GET path=/api/league/00000000-0000-4000-8000-000000007001/matchups status=200 duration_ms=191 league_size=16
2026-07-19 17:35:55.500 UTC app/api: INFO request_id=req-001438 method=GET path=/api/league/00000000-0000-4000-8000-000000007001/matchups status=200 duration_ms=192 league_size=10
2026-07-19 17:35:57.000 UTC app/api: INFO request_id=req-001439 method=GET path=/api/league/00000000-0000-4000-8000-000000007001/matchups status=200 duration_ms=193 league_size=10
2026-07-19 17:35:58.500 UTC app/api: INFO request_id=req-001440 method=GET path=/api/league/00000000-0000-4000-8000-000000007001/matchups status=200 duration_ms=194 league_size=10
2026-07-19 17:36:00.000 UTC app/api: INFO request_id=req-001441 method=GET path=/api/league/00000000-0000-4000-8000-000000007001/matchups status=200 duration_ms=35 league_size=16
2026-07-19 17:36:01.500 UTC realtime/draft: [WebSocket] Connection dropped on channel: league_draft_board:00000000-0000-4000-8000-000000007001 due to server backpressure client=vu-42 propagation_ms=941 request_id=req-001442
2026-07-19 17:36:03.000 UTC app/api: INFO request_id=req-001443 method=GET path=/api/league/00000000-0000-4000-8000-000000007001/matchups status=200 duration_ms=37 league_size=10
2026-07-19 17:36:04.500 UTC docker/supavisor[214]: [ERROR] pgbouncer: pool empty pool=primary role=app_user active=200 waiting=30 request_id=req-001444
2026-07-19 17:36:06.000 UTC app/api: INFO request_id=req-001445 method=GET path=/api/league/00000000-0000-4000-8000-000000007001/matchups status=200 duration_ms=39 league_size=16
2026-07-19 17:36:07.500 UTC app/api: INFO request_id=req-001446 method=GET path=/api/league/00000000-0000-4000-8000-000000007001/matchups status=200 duration_ms=40 league_size=10
2026-07-19 17:36:09.000 UTC app/api: INFO request_id=req-001447 method=GET path=/api/league/00000000-0000-4000-8000-000000007001/matchups status=200 duration_ms=41 league_size=10
2026-07-19 17:36:10.500 UTC app/api: INFO request_id=req-001448 method=GET path=/api/league/00000000-0000-4000-8000-000000007001/matchups status=200 duration_ms=42 league_size=10
2026-07-19 17:36:12.000 UTC app/api: INFO request_id=req-001449 method=GET path=/api/league/00000000-0000-4000-8000-000000007001/matchups status=200 duration_ms=43 league_size=16
2026-07-19 17:36:13.500 UTC app/api: INFO request_id=req-001450 method=GET path=/api/league/00000000-0000-4000-8000-000000007001/matchups status=200 duration_ms=44 league_size=10
2026-07-19 17:36:15.000 UTC app/api: INFO request_id=req-001451 method=GET path=/api/league/00000000-0000-4000-8000-000000007001/matchups status=200 duration_ms=45 league_size=10
2026-07-19 17:36:16.500 UTC app/api: INFO request_id=req-001452 method=GET path=/api/league/00000000-0000-4000-8000-000000007001/matchups status=200 duration_ms=46 league_size=10
2026-07-19 17:36:18.000 UTC app/api: INFO request_id=req-001453 method=GET path=/api/league/00000000-0000-4000-8000-000000007001/matchups status=200 duration_ms=47 league_size=16
2026-07-19 17:36:19.500 UTC app/api: INFO request_id=req-001454 method=GET path=/api/league/00000000-0000-4000-8000-000000007001/matchups status=200 duration_ms=48 league_size=10
2026-07-19 17:36:21.000 UTC app/api: INFO request_id=req-001455 method=GET path=/api/league/00000000-0000-4000-8000-000000007001/matchups status=200 duration_ms=49 league_size=10
2026-07-19 17:36:22.500 UTC app/api: INFO request_id=req-001456 method=GET path=/api/league/00000000-0000-4000-8000-000000007001/matchups status=200 duration_ms=50 league_size=10
2026-07-19 17:36:24.000 UTC app/api: INFO request_id=req-001457 method=GET path=/api/league/00000000-0000-4000-8000-000000007001/matchups status=200 duration_ms=51 league_size=16
2026-07-19 17:36:25.500 UTC app/api: INFO request_id=req-001458 method=GET path=/api/league/00000000-0000-4000-8000-000000007001/matchups status=200 duration_ms=52 league_size=10
2026-07-19 17:36:27.000 UTC app/api: INFO request_id=req-001459 method=GET path=/api/league/00000000-0000-4000-8000-000000007001/matchups status=200 duration_ms=53 league_size=10
2026-07-19 17:36:28.500 UTC app/api: INFO request_id=req-001460 method=GET path=/api/league/00000000-0000-4000-8000-000000007001/matchups status=200 duration_ms=54 league_size=10
2026-07-19 17:36:30.000 UTC app/api: INFO request_id=req-001461 method=GET path=/api/league/00000000-0000-4000-8000-000000007001/matchups status=200 duration_ms=55 league_size=16
2026-07-19 17:36:31.500 UTC app/api: INFO request_id=req-001462 method=GET path=/api/league/00000000-0000-4000-8000-000000007001/matchups status=200 duration_ms=56 league_size=10
2026-07-19 17:36:33.000 UTC app/api: INFO request_id=req-001463 method=GET path=/api/league/00000000-0000-4000-8000-000000007001/matchups status=200 duration_ms=57 league_size=10
2026-07-19 17:36:34.500 UTC app/api: INFO request_id=req-001464 method=GET path=/api/league/00000000-0000-4000-8000-000000007001/matchups status=200 duration_ms=58 league_size=10
2026-07-19 17:36:36.000 UTC app/api: INFO request_id=req-001465 method=GET path=/api/league/00000000-0000-4000-8000-000000007001/matchups status=200 duration_ms=59 league_size=16
2026-07-19 17:36:37.500 UTC app/api: INFO request_id=req-001466 method=GET path=/api/league/00000000-0000-4000-8000-000000007001/matchups status=200 duration_ms=60 league_size=10
2026-07-19 17:36:39.000 UTC app/api: INFO request_id=req-001467 method=GET path=/api/league/00000000-0000-4000-8000-000000007001/matchups status=200 duration_ms=61 league_size=10
2026-07-19 17:36:40.500 UTC app/api: INFO request_id=req-001468 method=GET path=/api/league/00000000-0000-4000-8000-000000007001/matchups status=200 duration_ms=62 league_size=10
2026-07-19 17:36:42.000 UTC app/api: INFO request_id=req-001469 method=GET path=/api/league/00000000-0000-4000-8000-000000007001/matchups status=200 duration_ms=63 league_size=16
2026-07-19 17:36:43.500 UTC app/api: INFO request_id=req-001470 method=GET path=/api/league/00000000-0000-4000-8000-000000007001/matchups status=200 duration_ms=64 league_size=10
2026-07-19 17:36:45.000 UTC app/api: INFO request_id=req-001471 method=GET path=/api/league/00000000-0000-4000-8000-000000007001/matchups status=200 duration_ms=65 league_size=10
2026-07-19 17:36:46.500 UTC app/api: INFO request_id=req-001472 method=GET path=/api/league/00000000-0000-4000-8000-000000007001/matchups status=200 duration_ms=66 league_size=10
2026-07-19 17:36:48.000 UTC app/api: INFO request_id=req-001473 method=GET path=/api/league/00000000-0000-4000-8000-000000007001/matchups status=200 duration_ms=67 league_size=16
2026-07-19 17:36:49.500 UTC app/api: INFO request_id=req-001474 method=GET path=/api/league/00000000-0000-4000-8000-000000007001/matchups status=200 duration_ms=68 league_size=10
2026-07-19 17:36:51.000 UTC app/api: INFO request_id=req-001475 method=GET path=/api/league/00000000-0000-4000-8000-000000007001/matchups status=200 duration_ms=69 league_size=10
2026-07-19 17:36:52.500 UTC app/api: INFO request_id=req-001476 method=GET path=/api/league/00000000-0000-4000-8000-000000007001/matchups status=200 duration_ms=70 league_size=10
2026-07-19 17:36:54.000 UTC app/api: INFO request_id=req-001477 method=GET path=/api/league/00000000-0000-4000-8000-000000007001/matchups status=200 duration_ms=71 league_size=16
2026-07-19 17:36:55.500 UTC app/api: INFO request_id=req-001478 method=GET path=/api/league/00000000-0000-4000-8000-000000007001/matchups status=200 duration_ms=72 league_size=10
2026-07-19 17:36:57.000 UTC app/api: INFO request_id=req-001479 method=GET path=/api/league/00000000-0000-4000-8000-000000007001/matchups status=200 duration_ms=73 league_size=10
2026-07-19 17:36:58.500 UTC app/api: INFO request_id=req-001480 method=GET path=/api/league/00000000-0000-4000-8000-000000007001/matchups status=200 duration_ms=74 league_size=10
2026-07-19 17:37:00.000 UTC docker/supavisor[214]: [ERROR] pgbouncer: pool empty pool=primary role=app_user active=200 waiting=29 request_id=req-001481
2026-07-19 17:37:01.500 UTC app/api: INFO request_id=req-001482 method=GET path=/api/league/00000000-0000-4000-8000-000000007001/matchups status=200 duration_ms=76 league_size=10
2026-07-19 17:37:03.000 UTC app/api: INFO request_id=req-001483 method=GET path=/api/league/00000000-0000-4000-8000-000000007001/matchups status=200 duration_ms=77 league_size=10
2026-07-19 17:37:04.500 UTC app/api: INFO request_id=req-001484 method=GET path=/api/league/00000000-0000-4000-8000-000000007001/matchups status=200 duration_ms=78 league_size=10
2026-07-19 17:37:06.000 UTC docker/supavisor[214]: [WARNING] Supavisor: connection queue latency exceeding 2500ms queue_ms=3085 pool=primary request_id=req-001485
2026-07-19 17:37:07.500 UTC app/api: INFO request_id=req-001486 method=GET path=/api/league/00000000-0000-4000-8000-000000007001/matchups status=200 duration_ms=80 league_size=10
2026-07-19 17:37:09.000 UTC app/api: INFO request_id=req-001487 method=GET path=/api/league/00000000-0000-4000-8000-000000007001/matchups status=200 duration_ms=81 league_size=10
2026-07-19 17:37:10.500 UTC app/api: INFO request_id=req-001488 method=GET path=/api/league/00000000-0000-4000-8000-000000007001/matchups status=200 duration_ms=82 league_size=10
2026-07-19 17:37:12.000 UTC app/api: INFO request_id=req-001489 method=GET path=/api/league/00000000-0000-4000-8000-000000007001/matchups status=200 duration_ms=83 league_size=16
2026-07-19 17:37:13.500 UTC app/api: INFO request_id=req-001490 method=GET path=/api/league/00000000-0000-4000-8000-000000007001/matchups status=200 duration_ms=84 league_size=10
2026-07-19 17:37:15.000 UTC edge/scoring: HTTP/1.1 200 OK method=GET path=/api/matchups/league/00000000-0000-4000-8000-000000007001 duration_ms=170 request_id=req-001491
2026-07-19 17:37:16.500 UTC postgres[991]: LOG duration: 3691.421 ms execute monte_carlo: SELECT update_playoff_odds($1,$2,$3) league_size=16 request_id=req-001492
2026-07-19 17:37:18.000 UTC app/api: INFO request_id=req-001493 method=GET path=/api/league/00000000-0000-4000-8000-000000007001/matchups status=200 duration_ms=87 league_size=16
2026-07-19 17:37:19.500 UTC app/api: INFO request_id=req-001494 method=GET path=/api/league/00000000-0000-4000-8000-000000007001/matchups status=200 duration_ms=88 league_size=10
2026-07-19 17:37:21.000 UTC app/api: INFO request_id=req-001495 method=GET path=/api/league/00000000-0000-4000-8000-000000007001/matchups status=200 duration_ms=89 league_size=10
2026-07-19 17:37:22.500 UTC app/api: INFO request_id=req-001496 method=GET path=/api/league/00000000-0000-4000-8000-000000007001/matchups status=200 duration_ms=90 league_size=10
2026-07-19 17:37:24.000 UTC app/api: INFO request_id=req-001497 method=GET path=/api/league/00000000-0000-4000-8000-000000007001/matchups status=200 duration_ms=91 league_size=16
2026-07-19 17:37:25.500 UTC app/api: INFO request_id=req-001498 method=GET path=/api/league/00000000-0000-4000-8000-000000007001/matchups status=200 duration_ms=92 league_size=10
2026-07-19 17:37:27.000 UTC edge/scoring: HTTP/1.1 504 Gateway Timeout method=POST path=/api/scoring/league/00000000-0000-4000-8000-000000007001/correct-week upstream_timeout_ms=6498 request_id=req-001499
2026-07-19 17:37:28.500 UTC app/api: INFO request_id=req-001500 method=GET path=/api/league/00000000-0000-4000-8000-000000007001/matchups status=200 duration_ms=94 league_size=10
2026-07-19 17:37:30.000 UTC app/api: INFO request_id=req-001501 method=GET path=/api/league/00000000-0000-4000-8000-000000007001/matchups status=200 duration_ms=95 league_size=16
2026-07-19 17:37:31.500 UTC app/api: INFO request_id=req-001502 method=GET path=/api/league/00000000-0000-4000-8000-000000007001/matchups status=200 duration_ms=96 league_size=10
2026-07-19 17:37:33.000 UTC app/api: INFO request_id=req-001503 method=GET path=/api/league/00000000-0000-4000-8000-000000007001/matchups status=200 duration_ms=97 league_size=10
2026-07-19 17:37:34.500 UTC app/api: INFO request_id=req-001504 method=GET path=/api/league/00000000-0000-4000-8000-000000007001/matchups status=200 duration_ms=98 league_size=10
2026-07-19 17:37:36.000 UTC app/api: INFO request_id=req-001505 method=GET path=/api/league/00000000-0000-4000-8000-000000007001/matchups status=200 duration_ms=99 league_size=16
2026-07-19 17:37:37.500 UTC app/api: INFO request_id=req-001506 method=GET path=/api/league/00000000-0000-4000-8000-000000007001/matchups status=200 duration_ms=100 league_size=10
2026-07-19 17:37:39.000 UTC app/api: INFO request_id=req-001507 method=GET path=/api/league/00000000-0000-4000-8000-000000007001/matchups status=200 duration_ms=101 league_size=10
2026-07-19 17:37:40.500 UTC app/api: INFO request_id=req-001508 method=GET path=/api/league/00000000-0000-4000-8000-000000007001/matchups status=200 duration_ms=102 league_size=10
2026-07-19 17:37:42.000 UTC app/api: INFO request_id=req-001509 method=GET path=/api/league/00000000-0000-4000-8000-000000007001/matchups status=200 duration_ms=103 league_size=16
2026-07-19 17:37:43.500 UTC app/api: INFO request_id=req-001510 method=GET path=/api/league/00000000-0000-4000-8000-000000007001/matchups status=200 duration_ms=104 league_size=10
2026-07-19 17:37:45.000 UTC app/api: INFO request_id=req-001511 method=GET path=/api/league/00000000-0000-4000-8000-000000007001/matchups status=200 duration_ms=105 league_size=10
2026-07-19 17:37:46.500 UTC app/api: INFO request_id=req-001512 method=GET path=/api/league/00000000-0000-4000-8000-000000007001/matchups status=200 duration_ms=106 league_size=10
2026-07-19 17:37:48.000 UTC app/api: INFO request_id=req-001513 method=GET path=/api/league/00000000-0000-4000-8000-000000007001/matchups status=200 duration_ms=107 league_size=16
2026-07-19 17:37:49.500 UTC postgres[991]: LOG duration: 2213.087 ms execute tank01_ingest: INSERT INTO player_weekly_stats(player_id,season,week,stats) VALUES ($1,$2,$3,$4) league_size=10 request_id=req-001514
2026-07-19 17:37:51.000 UTC app/api: INFO request_id=req-001515 method=GET path=/api/league/00000000-0000-4000-8000-000000007001/matchups status=200 duration_ms=109 league_size=10
2026-07-19 17:37:52.500 UTC app/api: INFO request_id=req-001516 method=GET path=/api/league/00000000-0000-4000-8000-000000007001/matchups status=200 duration_ms=110 league_size=10
2026-07-19 17:37:54.000 UTC app/api: INFO request_id=req-001517 method=GET path=/api/league/00000000-0000-4000-8000-000000007001/matchups status=200 duration_ms=111 league_size=16
2026-07-19 17:37:55.500 UTC docker/supavisor[214]: [ERROR] pgbouncer: pool empty pool=primary role=app_user active=200 waiting=28 request_id=req-001518
2026-07-19 17:37:57.000 UTC app/api: INFO request_id=req-001519 method=GET path=/api/league/00000000-0000-4000-8000-000000007001/matchups status=200 duration_ms=113 league_size=10
2026-07-19 17:37:58.500 UTC app/api: INFO request_id=req-001520 method=GET path=/api/league/00000000-0000-4000-8000-000000007001/matchups status=200 duration_ms=114 league_size=10
2026-07-19 17:38:00.000 UTC app/api: INFO request_id=req-001521 method=GET path=/api/league/00000000-0000-4000-8000-000000007001/matchups status=200 duration_ms=115 league_size=16
2026-07-19 17:38:01.500 UTC app/api: INFO request_id=req-001522 method=GET path=/api/league/00000000-0000-4000-8000-000000007001/matchups status=200 duration_ms=116 league_size=10
2026-07-19 17:38:03.000 UTC app/api: INFO request_id=req-001523 method=GET path=/api/league/00000000-0000-4000-8000-000000007001/matchups status=200 duration_ms=117 league_size=10
2026-07-19 17:38:04.500 UTC app/api: INFO request_id=req-001524 method=GET path=/api/league/00000000-0000-4000-8000-000000007001/matchups status=200 duration_ms=118 league_size=10
2026-07-19 17:38:06.000 UTC app/api: INFO request_id=req-001525 method=GET path=/api/league/00000000-0000-4000-8000-000000007001/matchups status=200 duration_ms=119 league_size=16
2026-07-19 17:38:07.500 UTC app/api: INFO request_id=req-001526 method=GET path=/api/league/00000000-0000-4000-8000-000000007001/matchups status=200 duration_ms=120 league_size=10
2026-07-19 17:38:09.000 UTC app/api: INFO request_id=req-001527 method=GET path=/api/league/00000000-0000-4000-8000-000000007001/matchups status=200 duration_ms=121 league_size=10
2026-07-19 17:38:10.500 UTC app/api: INFO request_id=req-001528 method=GET path=/api/league/00000000-0000-4000-8000-000000007001/matchups status=200 duration_ms=122 league_size=10
2026-07-19 17:38:12.000 UTC app/api: INFO request_id=req-001529 method=GET path=/api/league/00000000-0000-4000-8000-000000007001/matchups status=200 duration_ms=123 league_size=16
2026-07-19 17:38:13.500 UTC app/api: INFO request_id=req-001530 method=GET path=/api/league/00000000-0000-4000-8000-000000007001/matchups status=200 duration_ms=124 league_size=10
2026-07-19 17:38:15.000 UTC app/api: INFO request_id=req-001531 method=GET path=/api/league/00000000-0000-4000-8000-000000007001/matchups status=200 duration_ms=125 league_size=10
2026-07-19 17:38:16.500 UTC app/api: INFO request_id=req-001532 method=GET path=/api/league/00000000-0000-4000-8000-000000007001/matchups status=200 duration_ms=126 league_size=10
2026-07-19 17:38:18.000 UTC app/api: INFO request_id=req-001533 method=GET path=/api/league/00000000-0000-4000-8000-000000007001/matchups status=200 duration_ms=127 league_size=16
2026-07-19 17:38:19.500 UTC app/api: INFO request_id=req-001534 method=GET path=/api/league/00000000-0000-4000-8000-000000007001/matchups status=200 duration_ms=128 league_size=10
2026-07-19 17:38:21.000 UTC app/api: INFO request_id=req-001535 method=GET path=/api/league/00000000-0000-4000-8000-000000007001/matchups status=200 duration_ms=129 league_size=10
2026-07-19 17:38:22.500 UTC app/api: INFO request_id=req-001536 method=GET path=/api/league/00000000-0000-4000-8000-000000007001/matchups status=200 duration_ms=130 league_size=10
2026-07-19 17:38:24.000 UTC app/api: INFO request_id=req-001537 method=GET path=/api/league/00000000-0000-4000-8000-000000007001/matchups status=200 duration_ms=131 league_size=16
2026-07-19 17:38:25.500 UTC docker/supavisor[214]: [WARNING] Supavisor: connection queue latency exceeding 2500ms queue_ms=3138 pool=primary request_id=req-001538
2026-07-19 17:38:27.000 UTC app/api: INFO request_id=req-001539 method=GET path=/api/league/00000000-0000-4000-8000-000000007001/matchups status=200 duration_ms=133 league_size=10
2026-07-19 17:38:28.500 UTC app/api: INFO request_id=req-001540 method=GET path=/api/league/00000000-0000-4000-8000-000000007001/matchups status=200 duration_ms=134 league_size=10
2026-07-19 17:38:30.000 UTC app/api: INFO request_id=req-001541 method=GET path=/api/league/00000000-0000-4000-8000-000000007001/matchups status=200 duration_ms=135 league_size=16
2026-07-19 17:38:31.500 UTC app/api: INFO request_id=req-001542 method=GET path=/api/league/00000000-0000-4000-8000-000000007001/matchups status=200 duration_ms=136 league_size=10
2026-07-19 17:38:33.000 UTC app/api: INFO request_id=req-001543 method=GET path=/api/league/00000000-0000-4000-8000-000000007001/matchups status=200 duration_ms=137 league_size=10
2026-07-19 17:38:34.500 UTC app/api: INFO request_id=req-001544 method=GET path=/api/league/00000000-0000-4000-8000-000000007001/matchups status=200 duration_ms=138 league_size=10
2026-07-19 17:38:36.000 UTC app/api: INFO request_id=req-001545 method=GET path=/api/league/00000000-0000-4000-8000-000000007001/matchups status=200 duration_ms=139 league_size=16
2026-07-19 17:38:37.500 UTC app/api: INFO request_id=req-001546 method=GET path=/api/league/00000000-0000-4000-8000-000000007001/matchups status=200 duration_ms=140 league_size=10
2026-07-19 17:38:39.000 UTC app/api: INFO request_id=req-001547 method=GET path=/api/league/00000000-0000-4000-8000-000000007001/matchups status=200 duration_ms=141 league_size=10
2026-07-19 17:38:40.500 UTC app/api: INFO request_id=req-001548 method=GET path=/api/league/00000000-0000-4000-8000-000000007001/matchups status=200 duration_ms=142 league_size=10
2026-07-19 17:38:42.000 UTC app/api: INFO request_id=req-001549 method=GET path=/api/league/00000000-0000-4000-8000-000000007001/matchups status=200 duration_ms=143 league_size=16
2026-07-19 17:38:43.500 UTC app/api: INFO request_id=req-001550 method=GET path=/api/league/00000000-0000-4000-8000-000000007001/matchups status=200 duration_ms=144 league_size=10
2026-07-19 17:38:45.000 UTC app/api: INFO request_id=req-001551 method=GET path=/api/league/00000000-0000-4000-8000-000000007001/matchups status=200 duration_ms=145 league_size=10
2026-07-19 17:38:46.500 UTC app/api: INFO request_id=req-001552 method=GET path=/api/league/00000000-0000-4000-8000-000000007001/matchups status=200 duration_ms=146 league_size=10
2026-07-19 17:38:48.000 UTC app/api: INFO request_id=req-001553 method=GET path=/api/league/00000000-0000-4000-8000-000000007001/matchups status=200 duration_ms=147 league_size=16
2026-07-19 17:38:49.500 UTC app/api: INFO request_id=req-001554 method=GET path=/api/league/00000000-0000-4000-8000-000000007001/matchups status=200 duration_ms=148 league_size=10
2026-07-19 17:38:51.000 UTC docker/supavisor[214]: [ERROR] pgbouncer: pool empty pool=primary role=app_user active=200 waiting=27 request_id=req-001555
2026-07-19 17:38:52.500 UTC app/api: INFO request_id=req-001556 method=GET path=/api/league/00000000-0000-4000-8000-000000007001/matchups status=200 duration_ms=150 league_size=10
2026-07-19 17:38:54.000 UTC app/api: INFO request_id=req-001557 method=GET path=/api/league/00000000-0000-4000-8000-000000007001/matchups status=200 duration_ms=151 league_size=16
2026-07-19 17:38:55.500 UTC app/api: INFO request_id=req-001558 method=GET path=/api/league/00000000-0000-4000-8000-000000007001/matchups status=200 duration_ms=152 league_size=10
2026-07-19 17:38:57.000 UTC app/api: INFO request_id=req-001559 method=GET path=/api/league/00000000-0000-4000-8000-000000007001/matchups status=200 duration_ms=153 league_size=10
2026-07-19 17:38:58.500 UTC app/api: INFO request_id=req-001560 method=GET path=/api/league/00000000-0000-4000-8000-000000007001/matchups status=200 duration_ms=154 league_size=10
2026-07-19 17:39:00.000 UTC app/api: INFO request_id=req-001561 method=GET path=/api/league/00000000-0000-4000-8000-000000007001/matchups status=200 duration_ms=155 league_size=16
2026-07-19 17:39:01.500 UTC app/api: INFO request_id=req-001562 method=GET path=/api/league/00000000-0000-4000-8000-000000007001/matchups status=200 duration_ms=156 league_size=10
2026-07-19 17:39:03.000 UTC postgres[991]: LOG duration: 3762.421 ms execute monte_carlo: SELECT update_playoff_odds($1,$2,$3) league_size=10 request_id=req-001563
2026-07-19 17:39:04.500 UTC app/api: INFO request_id=req-001564 method=GET path=/api/league/00000000-0000-4000-8000-000000007001/matchups status=200 duration_ms=158 league_size=10
2026-07-19 17:39:06.000 UTC app/api: INFO request_id=req-001565 method=GET path=/api/league/00000000-0000-4000-8000-000000007001/matchups status=200 duration_ms=159 league_size=16
2026-07-19 17:39:07.500 UTC app/api: INFO request_id=req-001566 method=GET path=/api/league/00000000-0000-4000-8000-000000007001/matchups status=200 duration_ms=160 league_size=10
2026-07-19 17:39:09.000 UTC app/api: INFO request_id=req-001567 method=GET path=/api/league/00000000-0000-4000-8000-000000007001/matchups status=200 duration_ms=161 league_size=10
2026-07-19 17:39:10.500 UTC app/api: INFO request_id=req-001568 method=GET path=/api/league/00000000-0000-4000-8000-000000007001/matchups status=200 duration_ms=162 league_size=10
2026-07-19 17:39:12.000 UTC app/api: INFO request_id=req-001569 method=GET path=/api/league/00000000-0000-4000-8000-000000007001/matchups status=200 duration_ms=163 league_size=16
2026-07-19 17:39:13.500 UTC app/api: INFO request_id=req-001570 method=GET path=/api/league/00000000-0000-4000-8000-000000007001/matchups status=200 duration_ms=164 league_size=10
2026-07-19 17:39:15.000 UTC app/api: INFO request_id=req-001571 method=GET path=/api/league/00000000-0000-4000-8000-000000007001/matchups status=200 duration_ms=165 league_size=10
2026-07-19 17:39:16.500 UTC app/api: INFO request_id=req-001572 method=GET path=/api/league/00000000-0000-4000-8000-000000007001/matchups status=200 duration_ms=166 league_size=10
2026-07-19 17:39:18.000 UTC realtime/draft: [WebSocket] Connection dropped on channel: league_draft_board:00000000-0000-4000-8000-000000007001 due to server backpressure client=vu-73 propagation_ms=1072 request_id=req-001573
2026-07-19 17:39:19.500 UTC app/api: INFO request_id=req-001574 method=GET path=/api/league/00000000-0000-4000-8000-000000007001/matchups status=200 duration_ms=168 league_size=10
2026-07-19 17:39:21.000 UTC app/api: INFO request_id=req-001575 method=GET path=/api/league/00000000-0000-4000-8000-000000007001/matchups status=200 duration_ms=169 league_size=10
2026-07-19 17:39:22.500 UTC app/api: INFO request_id=req-001576 method=GET path=/api/league/00000000-0000-4000-8000-000000007001/matchups status=200 duration_ms=170 league_size=10
2026-07-19 17:39:24.000 UTC app/api: INFO request_id=req-001577 method=GET path=/api/league/00000000-0000-4000-8000-000000007001/matchups status=200 duration_ms=171 league_size=16
2026-07-19 17:39:25.500 UTC app/api: INFO request_id=req-001578 method=GET path=/api/league/00000000-0000-4000-8000-000000007001/matchups status=200 duration_ms=172 league_size=10
2026-07-19 17:39:27.000 UTC app/api: INFO request_id=req-001579 method=GET path=/api/league/00000000-0000-4000-8000-000000007001/matchups status=200 duration_ms=173 league_size=10
2026-07-19 17:39:28.500 UTC app/api: INFO request_id=req-001580 method=GET path=/api/league/00000000-0000-4000-8000-000000007001/matchups status=200 duration_ms=174 league_size=10
2026-07-19 17:39:30.000 UTC app/api: INFO request_id=req-001581 method=GET path=/api/league/00000000-0000-4000-8000-000000007001/matchups status=200 duration_ms=175 league_size=16
2026-07-19 17:39:31.500 UTC app/api: INFO request_id=req-001582 method=GET path=/api/league/00000000-0000-4000-8000-000000007001/matchups status=200 duration_ms=176 league_size=10
2026-07-19 17:39:33.000 UTC app/api: INFO request_id=req-001583 method=GET path=/api/league/00000000-0000-4000-8000-000000007001/matchups status=200 duration_ms=177 league_size=10
2026-07-19 17:39:34.500 UTC app/api: INFO request_id=req-001584 method=GET path=/api/league/00000000-0000-4000-8000-000000007001/matchups status=200 duration_ms=178 league_size=10
2026-07-19 17:39:36.000 UTC app/api: INFO request_id=req-001585 method=GET path=/api/league/00000000-0000-4000-8000-000000007001/matchups status=200 duration_ms=179 league_size=16
2026-07-19 17:39:37.500 UTC app/api: INFO request_id=req-001586 method=GET path=/api/league/00000000-0000-4000-8000-000000007001/matchups status=200 duration_ms=180 league_size=10
2026-07-19 17:39:39.000 UTC app/api: INFO request_id=req-001587 method=GET path=/api/league/00000000-0000-4000-8000-000000007001/matchups status=200 duration_ms=181 league_size=10
2026-07-19 17:39:40.500 UTC app/api: INFO request_id=req-001588 method=GET path=/api/league/00000000-0000-4000-8000-000000007001/matchups status=200 duration_ms=182 league_size=10
2026-07-19 17:39:42.000 UTC app/api: INFO request_id=req-001589 method=GET path=/api/league/00000000-0000-4000-8000-000000007001/matchups status=200 duration_ms=183 league_size=16
2026-07-19 17:39:43.500 UTC app/api: INFO request_id=req-001590 method=GET path=/api/league/00000000-0000-4000-8000-000000007001/matchups status=200 duration_ms=184 league_size=10
2026-07-19 17:39:45.000 UTC docker/supavisor[214]: [WARNING] Supavisor: connection queue latency exceeding 2500ms queue_ms=3191 pool=primary request_id=req-001591
2026-07-19 17:39:46.500 UTC docker/supavisor[214]: [ERROR] pgbouncer: pool empty pool=primary role=app_user active=200 waiting=26 request_id=req-001592
2026-07-19 17:39:48.000 UTC app/api: INFO request_id=req-001593 method=GET path=/api/league/00000000-0000-4000-8000-000000007001/matchups status=200 duration_ms=187 league_size=16
2026-07-19 17:39:49.500 UTC app/api: INFO request_id=req-001594 method=GET path=/api/league/00000000-0000-4000-8000-000000007001/matchups status=200 duration_ms=188 league_size=10
2026-07-19 17:39:51.000 UTC app/api: INFO request_id=req-001595 method=GET path=/api/league/00000000-0000-4000-8000-000000007001/matchups status=200 duration_ms=189 league_size=10
2026-07-19 17:39:52.500 UTC app/api: INFO request_id=req-001596 method=GET path=/api/league/00000000-0000-4000-8000-000000007001/matchups status=200 duration_ms=190 league_size=10
2026-07-19 17:39:54.000 UTC app/api: INFO request_id=req-001597 method=GET path=/api/league/00000000-0000-4000-8000-000000007001/matchups status=200 duration_ms=191 league_size=16
2026-07-19 17:39:55.500 UTC app/api: INFO request_id=req-001598 method=GET path=/api/league/00000000-0000-4000-8000-000000007001/matchups status=200 duration_ms=192 league_size=10
2026-07-19 17:39:57.000 UTC app/api: INFO request_id=req-001599 method=GET path=/api/league/00000000-0000-4000-8000-000000007001/matchups status=200 duration_ms=193 league_size=10
2026-07-19 17:39:58.500 UTC app/api: INFO request_id=req-001600 method=GET path=/api/league/00000000-0000-4000-8000-000000007001/matchups status=200 duration_ms=194 league_size=10
2026-07-19 17:40:00.000 UTC app/api: INFO request_id=req-001601 method=GET path=/api/league/00000000-0000-4000-8000-000000007001/matchups status=200 duration_ms=35 league_size=16
2026-07-19 17:40:01.500 UTC app/api: INFO request_id=req-001602 method=GET path=/api/league/00000000-0000-4000-8000-000000007001/matchups status=200 duration_ms=36 league_size=10
2026-07-19 17:40:03.000 UTC postgres[991]: LOG duration: 2302.087 ms execute tank01_ingest: INSERT INTO player_weekly_stats(player_id,season,week,stats) VALUES ($1,$2,$3,$4) league_size=16 request_id=req-001603
2026-07-19 17:40:04.500 UTC app/api: INFO request_id=req-001604 method=GET path=/api/league/00000000-0000-4000-8000-000000007001/matchups status=200 duration_ms=38 league_size=10
2026-07-19 17:40:06.000 UTC app/api: INFO request_id=req-001605 method=GET path=/api/league/00000000-0000-4000-8000-000000007001/matchups status=200 duration_ms=39 league_size=16
2026-07-19 17:40:07.500 UTC edge/scoring: HTTP/1.1 504 Gateway Timeout method=POST path=/api/scoring/league/00000000-0000-4000-8000-000000007001/correct-week upstream_timeout_ms=6605 request_id=req-001606
2026-07-19 17:40:09.000 UTC app/api: INFO request_id=req-001607 method=GET path=/api/league/00000000-0000-4000-8000-000000007001/matchups status=200 duration_ms=41 league_size=10
2026-07-19 17:40:10.500 UTC app/api: INFO request_id=req-001608 method=GET path=/api/league/00000000-0000-4000-8000-000000007001/matchups status=200 duration_ms=42 league_size=10
2026-07-19 17:40:12.000 UTC app/api: INFO request_id=req-001609 method=GET path=/api/league/00000000-0000-4000-8000-000000007001/matchups status=200 duration_ms=43 league_size=16
2026-07-19 17:40:13.500 UTC app/api: INFO request_id=req-001610 method=GET path=/api/league/00000000-0000-4000-8000-000000007001/matchups status=200 duration_ms=44 league_size=10
2026-07-19 17:40:15.000 UTC app/api: INFO request_id=req-001611 method=GET path=/api/league/00000000-0000-4000-8000-000000007001/matchups status=200 duration_ms=45 league_size=10
2026-07-19 17:40:16.500 UTC app/api: INFO request_id=req-001612 method=GET path=/api/league/00000000-0000-4000-8000-000000007001/matchups status=200 duration_ms=46 league_size=10
2026-07-19 17:40:18.000 UTC app/api: INFO request_id=req-001613 method=GET path=/api/league/00000000-0000-4000-8000-000000007001/matchups status=200 duration_ms=47 league_size=16
2026-07-19 17:40:19.500 UTC app/api: INFO request_id=req-001614 method=GET path=/api/league/00000000-0000-4000-8000-000000007001/matchups status=200 duration_ms=48 league_size=10
2026-07-19 17:40:21.000 UTC app/api: INFO request_id=req-001615 method=GET path=/api/league/00000000-0000-4000-8000-000000007001/matchups status=200 duration_ms=49 league_size=10
2026-07-19 17:40:22.500 UTC app/api: INFO request_id=req-001616 method=GET path=/api/league/00000000-0000-4000-8000-000000007001/matchups status=200 duration_ms=50 league_size=10
2026-07-19 17:40:24.000 UTC app/api: INFO request_id=req-001617 method=GET path=/api/league/00000000-0000-4000-8000-000000007001/matchups status=200 duration_ms=51 league_size=16
2026-07-19 17:40:25.500 UTC app/api: INFO request_id=req-001618 method=GET path=/api/league/00000000-0000-4000-8000-000000007001/matchups status=200 duration_ms=52 league_size=10
2026-07-19 17:40:27.000 UTC app/api: INFO request_id=req-001619 method=GET path=/api/league/00000000-0000-4000-8000-000000007001/matchups status=200 duration_ms=53 league_size=10
2026-07-19 17:40:28.500 UTC app/api: INFO request_id=req-001620 method=GET path=/api/league/00000000-0000-4000-8000-000000007001/matchups status=200 duration_ms=54 league_size=10
2026-07-19 17:40:30.000 UTC app/api: INFO request_id=req-001621 method=GET path=/api/league/00000000-0000-4000-8000-000000007001/matchups status=200 duration_ms=55 league_size=16
2026-07-19 17:40:31.500 UTC app/api: INFO request_id=req-001622 method=GET path=/api/league/00000000-0000-4000-8000-000000007001/matchups status=200 duration_ms=56 league_size=10
2026-07-19 17:40:33.000 UTC app/api: INFO request_id=req-001623 method=GET path=/api/league/00000000-0000-4000-8000-000000007001/matchups status=200 duration_ms=57 league_size=10
2026-07-19 17:40:34.500 UTC app/api: INFO request_id=req-001624 method=GET path=/api/league/00000000-0000-4000-8000-000000007001/matchups status=200 duration_ms=58 league_size=10
2026-07-19 17:40:36.000 UTC app/api: INFO request_id=req-001625 method=GET path=/api/league/00000000-0000-4000-8000-000000007001/matchups status=200 duration_ms=59 league_size=16
2026-07-19 17:40:37.500 UTC app/api: INFO request_id=req-001626 method=GET path=/api/league/00000000-0000-4000-8000-000000007001/matchups status=200 duration_ms=60 league_size=10
2026-07-19 17:40:39.000 UTC app/api: INFO request_id=req-001627 method=GET path=/api/league/00000000-0000-4000-8000-000000007001/matchups status=200 duration_ms=61 league_size=10
2026-07-19 17:40:40.500 UTC app/api: INFO request_id=req-001628 method=GET path=/api/league/00000000-0000-4000-8000-000000007001/matchups status=200 duration_ms=62 league_size=10
2026-07-19 17:40:42.000 UTC docker/supavisor[214]: [ERROR] pgbouncer: pool empty pool=primary role=app_user active=200 waiting=25 request_id=req-001629
2026-07-19 17:40:43.500 UTC app/api: INFO request_id=req-001630 method=GET path=/api/league/00000000-0000-4000-8000-000000007001/matchups status=200 duration_ms=64 league_size=10
2026-07-19 17:40:45.000 UTC app/api: INFO request_id=req-001631 method=GET path=/api/league/00000000-0000-4000-8000-000000007001/matchups status=200 duration_ms=65 league_size=10
2026-07-19 17:40:46.500 UTC app/api: INFO request_id=req-001632 method=GET path=/api/league/00000000-0000-4000-8000-000000007001/matchups status=200 duration_ms=66 league_size=10
2026-07-19 17:40:48.000 UTC app/api: INFO request_id=req-001633 method=GET path=/api/league/00000000-0000-4000-8000-000000007001/matchups status=200 duration_ms=67 league_size=16
2026-07-19 17:40:49.500 UTC postgres[991]: LOG duration: 3833.421 ms execute monte_carlo: SELECT update_playoff_odds($1,$2,$3) league_size=16 request_id=req-001634
2026-07-19 17:40:51.000 UTC app/api: INFO request_id=req-001635 method=GET path=/api/league/00000000-0000-4000-8000-000000007001/matchups status=200 duration_ms=69 league_size=10
2026-07-19 17:40:52.500 UTC app/api: INFO request_id=req-001636 method=GET path=/api/league/00000000-0000-4000-8000-000000007001/matchups status=200 duration_ms=70 league_size=10
2026-07-19 17:40:54.000 UTC app/api: INFO request_id=req-001637 method=GET path=/api/league/00000000-0000-4000-8000-000000007001/matchups status=200 duration_ms=71 league_size=16
2026-07-19 17:40:55.500 UTC app/api: INFO request_id=req-001638 method=GET path=/api/league/00000000-0000-4000-8000-000000007001/matchups status=200 duration_ms=72 league_size=10
2026-07-19 17:40:57.000 UTC app/api: INFO request_id=req-001639 method=GET path=/api/league/00000000-0000-4000-8000-000000007001/matchups status=200 duration_ms=73 league_size=10
2026-07-19 17:40:58.500 UTC edge/scoring: HTTP/1.1 200 OK method=GET path=/api/matchups/league/00000000-0000-4000-8000-000000007001 duration_ms=179 request_id=req-001640
2026-07-19 17:41:00.000 UTC app/api: INFO request_id=req-001641 method=GET path=/api/league/00000000-0000-4000-8000-000000007001/matchups status=200 duration_ms=75 league_size=16
2026-07-19 17:41:01.500 UTC app/api: INFO request_id=req-001642 method=GET path=/api/league/00000000-0000-4000-8000-000000007001/matchups status=200 duration_ms=76 league_size=10
2026-07-19 17:41:03.000 UTC app/api: INFO request_id=req-001643 method=GET path=/api/league/00000000-0000-4000-8000-000000007001/matchups status=200 duration_ms=77 league_size=10
2026-07-19 17:41:04.500 UTC docker/supavisor[214]: [WARNING] Supavisor: connection queue latency exceeding 2500ms queue_ms=3244 pool=primary request_id=req-001644
2026-07-19 17:41:06.000 UTC app/api: INFO request_id=req-001645 method=GET path=/api/league/00000000-0000-4000-8000-000000007001/matchups status=200 duration_ms=79 league_size=16
2026-07-19 17:41:07.500 UTC app/api: INFO request_id=req-001646 method=GET path=/api/league/00000000-0000-4000-8000-000000007001/matchups status=200 duration_ms=80 league_size=10
2026-07-19 17:41:09.000 UTC app/api: INFO request_id=req-001647 method=GET path=/api/league/00000000-0000-4000-8000-000000007001/matchups status=200 duration_ms=81 league_size=10
2026-07-19 17:41:10.500 UTC app/api: INFO request_id=req-001648 method=GET path=/api/league/00000000-0000-4000-8000-000000007001/matchups status=200 duration_ms=82 league_size=10
2026-07-19 17:41:12.000 UTC app/api: INFO request_id=req-001649 method=GET path=/api/league/00000000-0000-4000-8000-000000007001/matchups status=200 duration_ms=83 league_size=16
2026-07-19 17:41:13.500 UTC app/api: INFO request_id=req-001650 method=GET path=/api/league/00000000-0000-4000-8000-000000007001/matchups status=200 duration_ms=84 league_size=10
2026-07-19 17:41:15.000 UTC app/api: INFO request_id=req-001651 method=GET path=/api/league/00000000-0000-4000-8000-000000007001/matchups status=200 duration_ms=85 league_size=10
2026-07-19 17:41:16.500 UTC app/api: INFO request_id=req-001652 method=GET path=/api/league/00000000-0000-4000-8000-000000007001/matchups status=200 duration_ms=86 league_size=10
2026-07-19 17:41:18.000 UTC app/api: INFO request_id=req-001653 method=GET path=/api/league/00000000-0000-4000-8000-000000007001/matchups status=200 duration_ms=87 league_size=16
2026-07-19 17:41:19.500 UTC app/api: INFO request_id=req-001654 method=GET path=/api/league/00000000-0000-4000-8000-000000007001/matchups status=200 duration_ms=88 league_size=10
2026-07-19 17:41:21.000 UTC app/api: INFO request_id=req-001655 method=GET path=/api/league/00000000-0000-4000-8000-000000007001/matchups status=200 duration_ms=89 league_size=10
2026-07-19 17:41:22.500 UTC app/api: INFO request_id=req-001656 method=GET path=/api/league/00000000-0000-4000-8000-000000007001/matchups status=200 duration_ms=90 league_size=10
2026-07-19 17:41:24.000 UTC app/api: INFO request_id=req-001657 method=GET path=/api/league/00000000-0000-4000-8000-000000007001/matchups status=200 duration_ms=91 league_size=16
2026-07-19 17:41:25.500 UTC app/api: INFO request_id=req-001658 method=GET path=/api/league/00000000-0000-4000-8000-000000007001/matchups status=200 duration_ms=92 league_size=10
2026-07-19 17:41:27.000 UTC app/api: INFO request_id=req-001659 method=GET path=/api/league/00000000-0000-4000-8000-000000007001/matchups status=200 duration_ms=93 league_size=10
2026-07-19 17:41:28.500 UTC app/api: INFO request_id=req-001660 method=GET path=/api/league/00000000-0000-4000-8000-000000007001/matchups status=200 duration_ms=94 league_size=10
2026-07-19 17:41:30.000 UTC app/api: INFO request_id=req-001661 method=GET path=/api/league/00000000-0000-4000-8000-000000007001/matchups status=200 duration_ms=95 league_size=16
2026-07-19 17:41:31.500 UTC app/api: INFO request_id=req-001662 method=GET path=/api/league/00000000-0000-4000-8000-000000007001/matchups status=200 duration_ms=96 league_size=10
2026-07-19 17:41:33.000 UTC app/api: INFO request_id=req-001663 method=GET path=/api/league/00000000-0000-4000-8000-000000007001/matchups status=200 duration_ms=97 league_size=10
2026-07-19 17:41:34.500 UTC app/api: INFO request_id=req-001664 method=GET path=/api/league/00000000-0000-4000-8000-000000007001/matchups status=200 duration_ms=98 league_size=10
2026-07-19 17:41:36.000 UTC app/api: INFO request_id=req-001665 method=GET path=/api/league/00000000-0000-4000-8000-000000007001/matchups status=200 duration_ms=99 league_size=16
2026-07-19 17:41:37.500 UTC docker/supavisor[214]: [ERROR] pgbouncer: pool empty pool=primary role=app_user active=200 waiting=24 request_id=req-001666
2026-07-19 17:41:39.000 UTC app/api: INFO request_id=req-001667 method=GET path=/api/league/00000000-0000-4000-8000-000000007001/matchups status=200 duration_ms=101 league_size=10
2026-07-19 17:41:40.500 UTC app/api: INFO request_id=req-001668 method=GET path=/api/league/00000000-0000-4000-8000-000000007001/matchups status=200 duration_ms=102 league_size=10
2026-07-19 17:41:42.000 UTC app/api: INFO request_id=req-001669 method=GET path=/api/league/00000000-0000-4000-8000-000000007001/matchups status=200 duration_ms=103 league_size=16
2026-07-19 17:41:43.500 UTC app/api: INFO request_id=req-001670 method=GET path=/api/league/00000000-0000-4000-8000-000000007001/matchups status=200 duration_ms=104 league_size=10
2026-07-19 17:41:45.000 UTC app/api: INFO request_id=req-001671 method=GET path=/api/league/00000000-0000-4000-8000-000000007001/matchups status=200 duration_ms=105 league_size=10
2026-07-19 17:41:46.500 UTC app/api: INFO request_id=req-001672 method=GET path=/api/league/00000000-0000-4000-8000-000000007001/matchups status=200 duration_ms=106 league_size=10
2026-07-19 17:41:48.000 UTC app/api: INFO request_id=req-001673 method=GET path=/api/league/00000000-0000-4000-8000-000000007001/matchups status=200 duration_ms=107 league_size=16
2026-07-19 17:41:49.500 UTC app/api: INFO request_id=req-001674 method=GET path=/api/league/00000000-0000-4000-8000-000000007001/matchups status=200 duration_ms=108 league_size=10
2026-07-19 17:41:51.000 UTC app/api: INFO request_id=req-001675 method=GET path=/api/league/00000000-0000-4000-8000-000000007001/matchups status=200 duration_ms=109 league_size=10
2026-07-19 17:41:52.500 UTC app/api: INFO request_id=req-001676 method=GET path=/api/league/00000000-0000-4000-8000-000000007001/matchups status=200 duration_ms=110 league_size=10
2026-07-19 17:41:54.000 UTC app/api: INFO request_id=req-001677 method=GET path=/api/league/00000000-0000-4000-8000-000000007001/matchups status=200 duration_ms=111 league_size=16
2026-07-19 17:41:55.500 UTC app/api: INFO request_id=req-001678 method=GET path=/api/league/00000000-0000-4000-8000-000000007001/matchups status=200 duration_ms=112 league_size=10
2026-07-19 17:41:57.000 UTC app/api: INFO request_id=req-001679 method=GET path=/api/league/00000000-0000-4000-8000-000000007001/matchups status=200 duration_ms=113 league_size=10
2026-07-19 17:41:58.500 UTC app/api: INFO request_id=req-001680 method=GET path=/api/league/00000000-0000-4000-8000-000000007001/matchups status=200 duration_ms=114 league_size=10
2026-07-19 17:42:00.000 UTC app/api: INFO request_id=req-001681 method=GET path=/api/league/00000000-0000-4000-8000-000000007001/matchups status=200 duration_ms=115 league_size=16
2026-07-19 17:42:01.500 UTC app/api: INFO request_id=req-001682 method=GET path=/api/league/00000000-0000-4000-8000-000000007001/matchups status=200 duration_ms=116 league_size=10
2026-07-19 17:42:03.000 UTC app/api: INFO request_id=req-001683 method=GET path=/api/league/00000000-0000-4000-8000-000000007001/matchups status=200 duration_ms=117 league_size=10
2026-07-19 17:42:04.500 UTC app/api: INFO request_id=req-001684 method=GET path=/api/league/00000000-0000-4000-8000-000000007001/matchups status=200 duration_ms=118 league_size=10
2026-07-19 17:42:06.000 UTC app/api: INFO request_id=req-001685 method=GET path=/api/league/00000000-0000-4000-8000-000000007001/matchups status=200 duration_ms=119 league_size=16
2026-07-19 17:42:07.500 UTC app/api: INFO request_id=req-001686 method=GET path=/api/league/00000000-0000-4000-8000-000000007001/matchups status=200 duration_ms=120 league_size=10
2026-07-19 17:42:09.000 UTC app/api: INFO request_id=req-001687 method=GET path=/api/league/00000000-0000-4000-8000-000000007001/matchups status=200 duration_ms=121 league_size=10
2026-07-19 17:42:10.500 UTC app/api: INFO request_id=req-001688 method=GET path=/api/league/00000000-0000-4000-8000-000000007001/matchups status=200 duration_ms=122 league_size=10
2026-07-19 17:42:12.000 UTC app/api: INFO request_id=req-001689 method=GET path=/api/league/00000000-0000-4000-8000-000000007001/matchups status=200 duration_ms=123 league_size=16
2026-07-19 17:42:13.500 UTC app/api: INFO request_id=req-001690 method=GET path=/api/league/00000000-0000-4000-8000-000000007001/matchups status=200 duration_ms=124 league_size=10
2026-07-19 17:42:15.000 UTC app/api: INFO request_id=req-001691 method=GET path=/api/league/00000000-0000-4000-8000-000000007001/matchups status=200 duration_ms=125 league_size=10
2026-07-19 17:42:16.500 UTC postgres[991]: LOG duration: 2391.087 ms execute tank01_ingest: INSERT INTO player_weekly_stats(player_id,season,week,stats) VALUES ($1,$2,$3,$4) league_size=10 request_id=req-001692
2026-07-19 17:42:18.000 UTC app/api: INFO request_id=req-001693 method=GET path=/api/league/00000000-0000-4000-8000-000000007001/matchups status=200 duration_ms=127 league_size=16
2026-07-19 17:42:19.500 UTC app/api: INFO request_id=req-001694 method=GET path=/api/league/00000000-0000-4000-8000-000000007001/matchups status=200 duration_ms=128 league_size=10
2026-07-19 17:42:21.000 UTC app/api: INFO request_id=req-001695 method=GET path=/api/league/00000000-0000-4000-8000-000000007001/matchups status=200 duration_ms=129 league_size=10
2026-07-19 17:42:22.500 UTC app/api: INFO request_id=req-001696 method=GET path=/api/league/00000000-0000-4000-8000-000000007001/matchups status=200 duration_ms=130 league_size=10
2026-07-19 17:42:24.000 UTC docker/supavisor[214]: [WARNING] Supavisor: connection queue latency exceeding 2500ms queue_ms=3297 pool=primary request_id=req-001697
2026-07-19 17:42:25.500 UTC app/api: INFO request_id=req-001698 method=GET path=/api/league/00000000-0000-4000-8000-000000007001/matchups status=200 duration_ms=132 league_size=10
2026-07-19 17:42:27.000 UTC app/api: INFO request_id=req-001699 method=GET path=/api/league/00000000-0000-4000-8000-000000007001/matchups status=200 duration_ms=133 league_size=10
2026-07-19 17:42:28.500 UTC app/api: INFO request_id=req-001700 method=GET path=/api/league/00000000-0000-4000-8000-000000007001/matchups status=200 duration_ms=134 league_size=10
2026-07-19 17:42:30.000 UTC app/api: INFO request_id=req-001701 method=GET path=/api/league/00000000-0000-4000-8000-000000007001/matchups status=200 duration_ms=135 league_size=16
2026-07-19 17:42:31.500 UTC app/api: INFO request_id=req-001702 method=GET path=/api/league/00000000-0000-4000-8000-000000007001/matchups status=200 duration_ms=136 league_size=10
2026-07-19 17:42:33.000 UTC docker/supavisor[214]: [ERROR] pgbouncer: pool empty pool=primary role=app_user active=200 waiting=23 request_id=req-001703
2026-07-19 17:42:34.500 UTC realtime/draft: [WebSocket] Connection dropped on channel: league_draft_board:00000000-0000-4000-8000-000000007001 due to server backpressure client=vu-4 propagation_ms=1203 request_id=req-001704
2026-07-19 17:42:36.000 UTC postgres[991]: LOG duration: 2204.421 ms execute monte_carlo: SELECT update_playoff_odds($1,$2,$3) league_size=10 request_id=req-001705
2026-07-19 17:42:37.500 UTC app/api: INFO request_id=req-001706 method=GET path=/api/league/00000000-0000-4000-8000-000000007001/matchups status=200 duration_ms=140 league_size=10
2026-07-19 17:42:39.000 UTC app/api: INFO request_id=req-001707 method=GET path=/api/league/00000000-0000-4000-8000-000000007001/matchups status=200 duration_ms=141 league_size=10
2026-07-19 17:42:40.500 UTC app/api: INFO request_id=req-001708 method=GET path=/api/league/00000000-0000-4000-8000-000000007001/matchups status=200 duration_ms=142 league_size=10
2026-07-19 17:42:42.000 UTC app/api: INFO request_id=req-001709 method=GET path=/api/league/00000000-0000-4000-8000-000000007001/matchups status=200 duration_ms=143 league_size=16
2026-07-19 17:42:43.500 UTC app/api: INFO request_id=req-001710 method=GET path=/api/league/00000000-0000-4000-8000-000000007001/matchups status=200 duration_ms=144 league_size=10
2026-07-19 17:42:45.000 UTC app/api: INFO request_id=req-001711 method=GET path=/api/league/00000000-0000-4000-8000-000000007001/matchups status=200 duration_ms=145 league_size=10
2026-07-19 17:42:46.500 UTC app/api: INFO request_id=req-001712 method=GET path=/api/league/00000000-0000-4000-8000-000000007001/matchups status=200 duration_ms=146 league_size=10
2026-07-19 17:42:48.000 UTC edge/scoring: HTTP/1.1 504 Gateway Timeout method=POST path=/api/scoring/league/00000000-0000-4000-8000-000000007001/correct-week upstream_timeout_ms=6712 request_id=req-001713
2026-07-19 17:42:49.500 UTC app/api: INFO request_id=req-001714 method=GET path=/api/league/00000000-0000-4000-8000-000000007001/matchups status=200 duration_ms=148 league_size=10
2026-07-19 17:42:51.000 UTC app/api: INFO request_id=req-001715 method=GET path=/api/league/00000000-0000-4000-8000-000000007001/matchups status=200 duration_ms=149 league_size=10
2026-07-19 17:42:52.500 UTC app/api: INFO request_id=req-001716 method=GET path=/api/league/00000000-0000-4000-8000-000000007001/matchups status=200 duration_ms=150 league_size=10
2026-07-19 17:42:54.000 UTC app/api: INFO request_id=req-001717 method=GET path=/api/league/00000000-0000-4000-8000-000000007001/matchups status=200 duration_ms=151 league_size=16
2026-07-19 17:42:55.500 UTC app/api: INFO request_id=req-001718 method=GET path=/api/league/00000000-0000-4000-8000-000000007001/matchups status=200 duration_ms=152 league_size=10
2026-07-19 17:42:57.000 UTC app/api: INFO request_id=req-001719 method=GET path=/api/league/00000000-0000-4000-8000-000000007001/matchups status=200 duration_ms=153 league_size=10
2026-07-19 17:42:58.500 UTC app/api: INFO request_id=req-001720 method=GET path=/api/league/00000000-0000-4000-8000-000000007001/matchups status=200 duration_ms=154 league_size=10
2026-07-19 17:43:00.000 UTC app/api: INFO request_id=req-001721 method=GET path=/api/league/00000000-0000-4000-8000-000000007001/matchups status=200 duration_ms=155 league_size=16
2026-07-19 17:43:01.500 UTC app/api: INFO request_id=req-001722 method=GET path=/api/league/00000000-0000-4000-8000-000000007001/matchups status=200 duration_ms=156 league_size=10
2026-07-19 17:43:03.000 UTC app/api: INFO request_id=req-001723 method=GET path=/api/league/00000000-0000-4000-8000-000000007001/matchups status=200 duration_ms=157 league_size=10
2026-07-19 17:43:04.500 UTC app/api: INFO request_id=req-001724 method=GET path=/api/league/00000000-0000-4000-8000-000000007001/matchups status=200 duration_ms=158 league_size=10
2026-07-19 17:43:06.000 UTC app/api: INFO request_id=req-001725 method=GET path=/api/league/00000000-0000-4000-8000-000000007001/matchups status=200 duration_ms=159 league_size=16
2026-07-19 17:43:07.500 UTC app/api: INFO request_id=req-001726 method=GET path=/api/league/00000000-0000-4000-8000-000000007001/matchups status=200 duration_ms=160 league_size=10
2026-07-19 17:43:09.000 UTC app/api: INFO request_id=req-001727 method=GET path=/api/league/00000000-0000-4000-8000-000000007001/matchups status=200 duration_ms=161 league_size=10
2026-07-19 17:43:10.500 UTC app/api: INFO request_id=req-001728 method=GET path=/api/league/00000000-0000-4000-8000-000000007001/matchups status=200 duration_ms=162 league_size=10
2026-07-19 17:43:12.000 UTC app/api: INFO request_id=req-001729 method=GET path=/api/league/00000000-0000-4000-8000-000000007001/matchups status=200 duration_ms=163 league_size=16
2026-07-19 17:43:13.500 UTC app/api: INFO request_id=req-001730 method=GET path=/api/league/00000000-0000-4000-8000-000000007001/matchups status=200 duration_ms=164 league_size=10
2026-07-19 17:43:15.000 UTC app/api: INFO request_id=req-001731 method=GET path=/api/league/00000000-0000-4000-8000-000000007001/matchups status=200 duration_ms=165 league_size=10
2026-07-19 17:43:16.500 UTC app/api: INFO request_id=req-001732 method=GET path=/api/league/00000000-0000-4000-8000-000000007001/matchups status=200 duration_ms=166 league_size=10
2026-07-19 17:43:18.000 UTC app/api: INFO request_id=req-001733 method=GET path=/api/league/00000000-0000-4000-8000-000000007001/matchups status=200 duration_ms=167 league_size=16
2026-07-19 17:43:19.500 UTC app/api: INFO request_id=req-001734 method=GET path=/api/league/00000000-0000-4000-8000-000000007001/matchups status=200 duration_ms=168 league_size=10
2026-07-19 17:43:21.000 UTC app/api: INFO request_id=req-001735 method=GET path=/api/league/00000000-0000-4000-8000-000000007001/matchups status=200 duration_ms=169 league_size=10
2026-07-19 17:43:22.500 UTC app/api: INFO request_id=req-001736 method=GET path=/api/league/00000000-0000-4000-8000-000000007001/matchups status=200 duration_ms=170 league_size=10
2026-07-19 17:43:24.000 UTC app/api: INFO request_id=req-001737 method=GET path=/api/league/00000000-0000-4000-8000-000000007001/matchups status=200 duration_ms=171 league_size=16
2026-07-19 17:43:25.500 UTC app/api: INFO request_id=req-001738 method=GET path=/api/league/00000000-0000-4000-8000-000000007001/matchups status=200 duration_ms=172 league_size=10
2026-07-19 17:43:27.000 UTC app/api: INFO request_id=req-001739 method=GET path=/api/league/00000000-0000-4000-8000-000000007001/matchups status=200 duration_ms=173 league_size=10
2026-07-19 17:43:28.500 UTC docker/supavisor[214]: [ERROR] pgbouncer: pool empty pool=primary role=app_user active=200 waiting=22 request_id=req-001740
2026-07-19 17:43:30.000 UTC app/api: INFO request_id=req-001741 method=GET path=/api/league/00000000-0000-4000-8000-000000007001/matchups status=200 duration_ms=175 league_size=16
2026-07-19 17:43:31.500 UTC app/api: INFO request_id=req-001742 method=GET path=/api/league/00000000-0000-4000-8000-000000007001/matchups status=200 duration_ms=176 league_size=10
2026-07-19 17:43:33.000 UTC app/api: INFO request_id=req-001743 method=GET path=/api/league/00000000-0000-4000-8000-000000007001/matchups status=200 duration_ms=177 league_size=10
2026-07-19 17:43:34.500 UTC app/api: INFO request_id=req-001744 method=GET path=/api/league/00000000-0000-4000-8000-000000007001/matchups status=200 duration_ms=178 league_size=10
2026-07-19 17:43:36.000 UTC app/api: INFO request_id=req-001745 method=GET path=/api/league/00000000-0000-4000-8000-000000007001/matchups status=200 duration_ms=179 league_size=16
2026-07-19 17:43:37.500 UTC app/api: INFO request_id=req-001746 method=GET path=/api/league/00000000-0000-4000-8000-000000007001/matchups status=200 duration_ms=180 league_size=10
2026-07-19 17:43:39.000 UTC app/api: INFO request_id=req-001747 method=GET path=/api/league/00000000-0000-4000-8000-000000007001/matchups status=200 duration_ms=181 league_size=10
2026-07-19 17:43:40.500 UTC app/api: INFO request_id=req-001748 method=GET path=/api/league/00000000-0000-4000-8000-000000007001/matchups status=200 duration_ms=182 league_size=10
2026-07-19 17:43:42.000 UTC app/api: INFO request_id=req-001749 method=GET path=/api/league/00000000-0000-4000-8000-000000007001/matchups status=200 duration_ms=183 league_size=16
2026-07-19 17:43:43.500 UTC docker/supavisor[214]: [WARNING] Supavisor: connection queue latency exceeding 2500ms queue_ms=3350 pool=primary request_id=req-001750
2026-07-19 17:43:45.000 UTC app/api: INFO request_id=req-001751 method=GET path=/api/league/00000000-0000-4000-8000-000000007001/matchups status=200 duration_ms=185 league_size=10
2026-07-19 17:43:46.500 UTC app/api: INFO request_id=req-001752 method=GET path=/api/league/00000000-0000-4000-8000-000000007001/matchups status=200 duration_ms=186 league_size=10
2026-07-19 17:43:48.000 UTC app/api: INFO request_id=req-001753 method=GET path=/api/league/00000000-0000-4000-8000-000000007001/matchups status=200 duration_ms=187 league_size=16
2026-07-19 17:43:49.500 UTC app/api: INFO request_id=req-001754 method=GET path=/api/league/00000000-0000-4000-8000-000000007001/matchups status=200 duration_ms=188 league_size=10
2026-07-19 17:43:51.000 UTC app/api: INFO request_id=req-001755 method=GET path=/api/league/00000000-0000-4000-8000-000000007001/matchups status=200 duration_ms=189 league_size=10
2026-07-19 17:43:52.500 UTC app/api: INFO request_id=req-001756 method=GET path=/api/league/00000000-0000-4000-8000-000000007001/matchups status=200 duration_ms=190 league_size=10
2026-07-19 17:43:54.000 UTC app/api: INFO request_id=req-001757 method=GET path=/api/league/00000000-0000-4000-8000-000000007001/matchups status=200 duration_ms=191 league_size=16
2026-07-19 17:43:55.500 UTC app/api: INFO request_id=req-001758 method=GET path=/api/league/00000000-0000-4000-8000-000000007001/matchups status=200 duration_ms=192 league_size=10
2026-07-19 17:43:57.000 UTC app/api: INFO request_id=req-001759 method=GET path=/api/league/00000000-0000-4000-8000-000000007001/matchups status=200 duration_ms=193 league_size=10
2026-07-19 17:43:58.500 UTC app/api: INFO request_id=req-001760 method=GET path=/api/league/00000000-0000-4000-8000-000000007001/matchups status=200 duration_ms=194 league_size=10
2026-07-19 17:44:00.000 UTC app/api: INFO request_id=req-001761 method=GET path=/api/league/00000000-0000-4000-8000-000000007001/matchups status=200 duration_ms=35 league_size=16
2026-07-19 17:44:01.500 UTC app/api: INFO request_id=req-001762 method=GET path=/api/league/00000000-0000-4000-8000-000000007001/matchups status=200 duration_ms=36 league_size=10
2026-07-19 17:44:03.000 UTC app/api: INFO request_id=req-001763 method=GET path=/api/league/00000000-0000-4000-8000-000000007001/matchups status=200 duration_ms=37 league_size=10
2026-07-19 17:44:04.500 UTC app/api: INFO request_id=req-001764 method=GET path=/api/league/00000000-0000-4000-8000-000000007001/matchups status=200 duration_ms=38 league_size=10
2026-07-19 17:44:06.000 UTC app/api: INFO request_id=req-001765 method=GET path=/api/league/00000000-0000-4000-8000-000000007001/matchups status=200 duration_ms=39 league_size=16
2026-07-19 17:44:07.500 UTC app/api: INFO request_id=req-001766 method=GET path=/api/league/00000000-0000-4000-8000-000000007001/matchups status=200 duration_ms=40 league_size=10
2026-07-19 17:44:09.000 UTC app/api: INFO request_id=req-001767 method=GET path=/api/league/00000000-0000-4000-8000-000000007001/matchups status=200 duration_ms=41 league_size=10
2026-07-19 17:44:10.500 UTC app/api: INFO request_id=req-001768 method=GET path=/api/league/00000000-0000-4000-8000-000000007001/matchups status=200 duration_ms=42 league_size=10
2026-07-19 17:44:12.000 UTC app/api: INFO request_id=req-001769 method=GET path=/api/league/00000000-0000-4000-8000-000000007001/matchups status=200 duration_ms=43 league_size=16
2026-07-19 17:44:13.500 UTC app/api: INFO request_id=req-001770 method=GET path=/api/league/00000000-0000-4000-8000-000000007001/matchups status=200 duration_ms=44 league_size=10
2026-07-19 17:44:15.000 UTC app/api: INFO request_id=req-001771 method=GET path=/api/league/00000000-0000-4000-8000-000000007001/matchups status=200 duration_ms=45 league_size=10
2026-07-19 17:44:16.500 UTC app/api: INFO request_id=req-001772 method=GET path=/api/league/00000000-0000-4000-8000-000000007001/matchups status=200 duration_ms=46 league_size=10
2026-07-19 17:44:18.000 UTC app/api: INFO request_id=req-001773 method=GET path=/api/league/00000000-0000-4000-8000-000000007001/matchups status=200 duration_ms=47 league_size=16
2026-07-19 17:44:19.500 UTC app/api: INFO request_id=req-001774 method=GET path=/api/league/00000000-0000-4000-8000-000000007001/matchups status=200 duration_ms=48 league_size=10
2026-07-19 17:44:21.000 UTC app/api: INFO request_id=req-001775 method=GET path=/api/league/00000000-0000-4000-8000-000000007001/matchups status=200 duration_ms=49 league_size=10
2026-07-19 17:44:22.500 UTC postgres[991]: LOG duration: 2275.421 ms execute monte_carlo: SELECT update_playoff_odds($1,$2,$3) league_size=16 request_id=req-001776
2026-07-19 17:44:24.000 UTC docker/supavisor[214]: [ERROR] pgbouncer: pool empty pool=primary role=app_user active=200 waiting=21 request_id=req-001777
2026-07-19 17:44:25.500 UTC app/api: INFO request_id=req-001778 method=GET path=/api/league/00000000-0000-4000-8000-000000007001/matchups status=200 duration_ms=52 league_size=10
2026-07-19 17:44:27.000 UTC app/api: INFO request_id=req-001779 method=GET path=/api/league/00000000-0000-4000-8000-000000007001/matchups status=200 duration_ms=53 league_size=10
2026-07-19 17:44:28.500 UTC app/api: INFO request_id=req-001780 method=GET path=/api/league/00000000-0000-4000-8000-000000007001/matchups status=200 duration_ms=54 league_size=10
2026-07-19 17:44:30.000 UTC postgres[991]: LOG duration: 2480.087 ms execute tank01_ingest: INSERT INTO player_weekly_stats(player_id,season,week,stats) VALUES ($1,$2,$3,$4) league_size=10 request_id=req-001781
2026-07-19 17:44:31.500 UTC app/api: INFO request_id=req-001782 method=GET path=/api/league/00000000-0000-4000-8000-000000007001/matchups status=200 duration_ms=56 league_size=10
2026-07-19 17:44:33.000 UTC app/api: INFO request_id=req-001783 method=GET path=/api/league/00000000-0000-4000-8000-000000007001/matchups status=200 duration_ms=57 league_size=10
2026-07-19 17:44:34.500 UTC app/api: INFO request_id=req-001784 method=GET path=/api/league/00000000-0000-4000-8000-000000007001/matchups status=200 duration_ms=58 league_size=10
2026-07-19 17:44:36.000 UTC app/api: INFO request_id=req-001785 method=GET path=/api/league/00000000-0000-4000-8000-000000007001/matchups status=200 duration_ms=59 league_size=16
2026-07-19 17:44:37.500 UTC app/api: INFO request_id=req-001786 method=GET path=/api/league/00000000-0000-4000-8000-000000007001/matchups status=200 duration_ms=60 league_size=10
2026-07-19 17:44:39.000 UTC app/api: INFO request_id=req-001787 method=GET path=/api/league/00000000-0000-4000-8000-000000007001/matchups status=200 duration_ms=61 league_size=10
2026-07-19 17:44:40.500 UTC app/api: INFO request_id=req-001788 method=GET path=/api/league/00000000-0000-4000-8000-000000007001/matchups status=200 duration_ms=62 league_size=10
2026-07-19 17:44:42.000 UTC edge/scoring: HTTP/1.1 200 OK method=GET path=/api/matchups/league/00000000-0000-4000-8000-000000007001 duration_ms=188 request_id=req-001789
2026-07-19 17:44:43.500 UTC app/api: INFO request_id=req-001790 method=GET path=/api/league/00000000-0000-4000-8000-000000007001/matchups status=200 duration_ms=64 league_size=10
2026-07-19 17:44:45.000 UTC app/api: INFO request_id=req-001791 method=GET path=/api/league/00000000-0000-4000-8000-000000007001/matchups status=200 duration_ms=65 league_size=10
2026-07-19 17:44:46.500 UTC app/api: INFO request_id=req-001792 method=GET path=/api/league/00000000-0000-4000-8000-000000007001/matchups status=200 duration_ms=66 league_size=10
2026-07-19 17:44:48.000 UTC app/api: INFO request_id=req-001793 method=GET path=/api/league/00000000-0000-4000-8000-000000007001/matchups status=200 duration_ms=67 league_size=16
2026-07-19 17:44:49.500 UTC app/api: INFO request_id=req-001794 method=GET path=/api/league/00000000-0000-4000-8000-000000007001/matchups status=200 duration_ms=68 league_size=10
2026-07-19 17:44:51.000 UTC app/api: INFO request_id=req-001795 method=GET path=/api/league/00000000-0000-4000-8000-000000007001/matchups status=200 duration_ms=69 league_size=10
2026-07-19 17:44:52.500 UTC app/api: INFO request_id=req-001796 method=GET path=/api/league/00000000-0000-4000-8000-000000007001/matchups status=200 duration_ms=70 league_size=10
2026-07-19 17:44:54.000 UTC app/api: INFO request_id=req-001797 method=GET path=/api/league/00000000-0000-4000-8000-000000007001/matchups status=200 duration_ms=71 league_size=16
2026-07-19 17:44:55.500 UTC app/api: INFO request_id=req-001798 method=GET path=/api/league/00000000-0000-4000-8000-000000007001/matchups status=200 duration_ms=72 league_size=10
2026-07-19 17:44:57.000 UTC app/api: INFO request_id=req-001799 method=GET path=/api/league/00000000-0000-4000-8000-000000007001/matchups status=200 duration_ms=73 league_size=10
2026-07-19 17:44:58.500 UTC app/api: INFO request_id=req-001800 method=GET path=/api/league/00000000-0000-4000-8000-000000007001/matchups status=200 duration_ms=74 league_size=10
2026-07-19 17:45:00.000 UTC app/api: INFO request_id=req-001801 method=GET path=/api/league/00000000-0000-4000-8000-000000007001/matchups status=200 duration_ms=75 league_size=16
2026-07-19 17:45:01.500 UTC app/api: INFO request_id=req-001802 method=GET path=/api/league/00000000-0000-4000-8000-000000007001/matchups status=200 duration_ms=76 league_size=10
2026-07-19 17:45:03.000 UTC docker/supavisor[214]: [WARNING] Supavisor: connection queue latency exceeding 2500ms queue_ms=2503 pool=primary request_id=req-001803
2026-07-19 17:45:04.500 UTC app/api: INFO request_id=req-001804 method=GET path=/api/league/00000000-0000-4000-8000-000000007001/matchups status=200 duration_ms=78 league_size=10
2026-07-19 17:45:06.000 UTC app/api: INFO request_id=req-001805 method=GET path=/api/league/00000000-0000-4000-8000-000000007001/matchups status=200 duration_ms=79 league_size=16
2026-07-19 17:45:07.500 UTC app/api: INFO request_id=req-001806 method=GET path=/api/league/00000000-0000-4000-8000-000000007001/matchups status=200 duration_ms=80 league_size=10
2026-07-19 17:45:09.000 UTC app/api: INFO request_id=req-001807 method=GET path=/api/league/00000000-0000-4000-8000-000000007001/matchups status=200 duration_ms=81 league_size=10
2026-07-19 17:45:10.500 UTC app/api: INFO request_id=req-001808 method=GET path=/api/league/00000000-0000-4000-8000-000000007001/matchups status=200 duration_ms=82 league_size=10
2026-07-19 17:45:12.000 UTC app/api: INFO request_id=req-001809 method=GET path=/api/league/00000000-0000-4000-8000-000000007001/matchups status=200 duration_ms=83 league_size=16
2026-07-19 17:45:13.500 UTC app/api: INFO request_id=req-001810 method=GET path=/api/league/00000000-0000-4000-8000-000000007001/matchups status=200 duration_ms=84 league_size=10
2026-07-19 17:45:15.000 UTC app/api: INFO request_id=req-001811 method=GET path=/api/league/00000000-0000-4000-8000-000000007001/matchups status=200 duration_ms=85 league_size=10
2026-07-19 17:45:16.500 UTC app/api: INFO request_id=req-001812 method=GET path=/api/league/00000000-0000-4000-8000-000000007001/matchups status=200 duration_ms=86 league_size=10
2026-07-19 17:45:18.000 UTC app/api: INFO request_id=req-001813 method=GET path=/api/league/00000000-0000-4000-8000-000000007001/matchups status=200 duration_ms=87 league_size=16
2026-07-19 17:45:19.500 UTC docker/supavisor[214]: [ERROR] pgbouncer: pool empty pool=primary role=app_user active=200 waiting=20 request_id=req-001814
2026-07-19 17:45:21.000 UTC app/api: INFO request_id=req-001815 method=GET path=/api/league/00000000-0000-4000-8000-000000007001/matchups status=200 duration_ms=89 league_size=10
2026-07-19 17:45:22.500 UTC app/api: INFO request_id=req-001816 method=GET path=/api/league/00000000-0000-4000-8000-000000007001/matchups status=200 duration_ms=90 league_size=10
2026-07-19 17:45:24.000 UTC app/api: INFO request_id=req-001817 method=GET path=/api/league/00000000-0000-4000-8000-000000007001/matchups status=200 duration_ms=91 league_size=16
2026-07-19 17:45:25.500 UTC app/api: INFO request_id=req-001818 method=GET path=/api/league/00000000-0000-4000-8000-000000007001/matchups status=200 duration_ms=92 league_size=10
2026-07-19 17:45:27.000 UTC app/api: INFO request_id=req-001819 method=GET path=/api/league/00000000-0000-4000-8000-000000007001/matchups status=200 duration_ms=93 league_size=10
2026-07-19 17:45:28.500 UTC edge/scoring: HTTP/1.1 504 Gateway Timeout method=POST path=/api/scoring/league/00000000-0000-4000-8000-000000007001/correct-week upstream_timeout_ms=6819 request_id=req-001820
2026-07-19 17:45:30.000 UTC app/api: INFO request_id=req-001821 method=GET path=/api/league/00000000-0000-4000-8000-000000007001/matchups status=200 duration_ms=95 league_size=16
2026-07-19 17:45:31.500 UTC app/api: INFO request_id=req-001822 method=GET path=/api/league/00000000-0000-4000-8000-000000007001/matchups status=200 duration_ms=96 league_size=10
2026-07-19 17:45:33.000 UTC app/api: INFO request_id=req-001823 method=GET path=/api/league/00000000-0000-4000-8000-000000007001/matchups status=200 duration_ms=97 league_size=10
2026-07-19 17:45:34.500 UTC app/api: INFO request_id=req-001824 method=GET path=/api/league/00000000-0000-4000-8000-000000007001/matchups status=200 duration_ms=98 league_size=10
2026-07-19 17:45:36.000 UTC app/api: INFO request_id=req-001825 method=GET path=/api/league/00000000-0000-4000-8000-000000007001/matchups status=200 duration_ms=99 league_size=16
2026-07-19 17:45:37.500 UTC app/api: INFO request_id=req-001826 method=GET path=/api/league/00000000-0000-4000-8000-000000007001/matchups status=200 duration_ms=100 league_size=10
2026-07-19 17:45:39.000 UTC app/api: INFO request_id=req-001827 method=GET path=/api/league/00000000-0000-4000-8000-000000007001/matchups status=200 duration_ms=101 league_size=10
2026-07-19 17:45:40.500 UTC app/api: INFO request_id=req-001828 method=GET path=/api/league/00000000-0000-4000-8000-000000007001/matchups status=200 duration_ms=102 league_size=10
2026-07-19 17:45:42.000 UTC app/api: INFO request_id=req-001829 method=GET path=/api/league/00000000-0000-4000-8000-000000007001/matchups status=200 duration_ms=103 league_size=16
2026-07-19 17:45:43.500 UTC app/api: INFO request_id=req-001830 method=GET path=/api/league/00000000-0000-4000-8000-000000007001/matchups status=200 duration_ms=104 league_size=10
2026-07-19 17:45:45.000 UTC app/api: INFO request_id=req-001831 method=GET path=/api/league/00000000-0000-4000-8000-000000007001/matchups status=200 duration_ms=105 league_size=10
2026-07-19 17:45:46.500 UTC app/api: INFO request_id=req-001832 method=GET path=/api/league/00000000-0000-4000-8000-000000007001/matchups status=200 duration_ms=106 league_size=10
2026-07-19 17:45:48.000 UTC app/api: INFO request_id=req-001833 method=GET path=/api/league/00000000-0000-4000-8000-000000007001/matchups status=200 duration_ms=107 league_size=16
2026-07-19 17:45:49.500 UTC app/api: INFO request_id=req-001834 method=GET path=/api/league/00000000-0000-4000-8000-000000007001/matchups status=200 duration_ms=108 league_size=10
2026-07-19 17:45:51.000 UTC realtime/draft: [WebSocket] Connection dropped on channel: league_draft_board:00000000-0000-4000-8000-000000007001 due to server backpressure client=vu-35 propagation_ms=1334 request_id=req-001835
2026-07-19 17:45:52.500 UTC app/api: INFO request_id=req-001836 method=GET path=/api/league/00000000-0000-4000-8000-000000007001/matchups status=200 duration_ms=110 league_size=10
2026-07-19 17:45:54.000 UTC app/api: INFO request_id=req-001837 method=GET path=/api/league/00000000-0000-4000-8000-000000007001/matchups status=200 duration_ms=111 league_size=16
2026-07-19 17:45:55.500 UTC app/api: INFO request_id=req-001838 method=GET path=/api/league/00000000-0000-4000-8000-000000007001/matchups status=200 duration_ms=112 league_size=10
2026-07-19 17:45:57.000 UTC app/api: INFO request_id=req-001839 method=GET path=/api/league/00000000-0000-4000-8000-000000007001/matchups status=200 duration_ms=113 league_size=10
2026-07-19 17:45:58.500 UTC app/api: INFO request_id=req-001840 method=GET path=/api/league/00000000-0000-4000-8000-000000007001/matchups status=200 duration_ms=114 league_size=10
2026-07-19 17:46:00.000 UTC app/api: INFO request_id=req-001841 method=GET path=/api/league/00000000-0000-4000-8000-000000007001/matchups status=200 duration_ms=115 league_size=16
2026-07-19 17:46:01.500 UTC app/api: INFO request_id=req-001842 method=GET path=/api/league/00000000-0000-4000-8000-000000007001/matchups status=200 duration_ms=116 league_size=10
2026-07-19 17:46:03.000 UTC app/api: INFO request_id=req-001843 method=GET path=/api/league/00000000-0000-4000-8000-000000007001/matchups status=200 duration_ms=117 league_size=10
2026-07-19 17:46:04.500 UTC app/api: INFO request_id=req-001844 method=GET path=/api/league/00000000-0000-4000-8000-000000007001/matchups status=200 duration_ms=118 league_size=10
2026-07-19 17:46:06.000 UTC app/api: INFO request_id=req-001845 method=GET path=/api/league/00000000-0000-4000-8000-000000007001/matchups status=200 duration_ms=119 league_size=16
2026-07-19 17:46:07.500 UTC app/api: INFO request_id=req-001846 method=GET path=/api/league/00000000-0000-4000-8000-000000007001/matchups status=200 duration_ms=120 league_size=10
2026-07-19 17:46:09.000 UTC postgres[991]: LOG duration: 2346.421 ms execute monte_carlo: SELECT update_playoff_odds($1,$2,$3) league_size=10 request_id=req-001847
2026-07-19 17:46:10.500 UTC app/api: INFO request_id=req-001848 method=GET path=/api/league/00000000-0000-4000-8000-000000007001/matchups status=200 duration_ms=122 league_size=10
2026-07-19 17:46:12.000 UTC app/api: INFO request_id=req-001849 method=GET path=/api/league/00000000-0000-4000-8000-000000007001/matchups status=200 duration_ms=123 league_size=16
2026-07-19 17:46:13.500 UTC app/api: INFO request_id=req-001850 method=GET path=/api/league/00000000-0000-4000-8000-000000007001/matchups status=200 duration_ms=124 league_size=10
2026-07-19 17:46:15.000 UTC docker/supavisor[214]: [ERROR] pgbouncer: pool empty pool=primary role=app_user active=200 waiting=19 request_id=req-001851
2026-07-19 17:46:16.500 UTC app/api: INFO request_id=req-001852 method=GET path=/api/league/00000000-0000-4000-8000-000000007001/matchups status=200 duration_ms=126 league_size=10
2026-07-19 17:46:18.000 UTC app/api: INFO request_id=req-001853 method=GET path=/api/league/00000000-0000-4000-8000-000000007001/matchups status=200 duration_ms=127 league_size=16
2026-07-19 17:46:19.500 UTC app/api: INFO request_id=req-001854 method=GET path=/api/league/00000000-0000-4000-8000-000000007001/matchups status=200 duration_ms=128 league_size=10
2026-07-19 17:46:21.000 UTC app/api: INFO request_id=req-001855 method=GET path=/api/league/00000000-0000-4000-8000-000000007001/matchups status=200 duration_ms=129 league_size=10
2026-07-19 17:46:22.500 UTC docker/supavisor[214]: [WARNING] Supavisor: connection queue latency exceeding 2500ms queue_ms=2556 pool=primary request_id=req-001856
2026-07-19 17:46:24.000 UTC app/api: INFO request_id=req-001857 method=GET path=/api/league/00000000-0000-4000-8000-000000007001/matchups status=200 duration_ms=131 league_size=16
2026-07-19 17:46:25.500 UTC app/api: INFO request_id=req-001858 method=GET path=/api/league/00000000-0000-4000-8000-000000007001/matchups status=200 duration_ms=132 league_size=10
2026-07-19 17:46:27.000 UTC app/api: INFO request_id=req-001859 method=GET path=/api/league/00000000-0000-4000-8000-000000007001/matchups status=200 duration_ms=133 league_size=10
2026-07-19 17:46:28.500 UTC app/api: INFO request_id=req-001860 method=GET path=/api/league/00000000-0000-4000-8000-000000007001/matchups status=200 duration_ms=134 league_size=10
2026-07-19 17:46:30.000 UTC app/api: INFO request_id=req-001861 method=GET path=/api/league/00000000-0000-4000-8000-000000007001/matchups status=200 duration_ms=135 league_size=16
2026-07-19 17:46:31.500 UTC app/api: INFO request_id=req-001862 method=GET path=/api/league/00000000-0000-4000-8000-000000007001/matchups status=200 duration_ms=136 league_size=10
2026-07-19 17:46:33.000 UTC app/api: INFO request_id=req-001863 method=GET path=/api/league/00000000-0000-4000-8000-000000007001/matchups status=200 duration_ms=137 league_size=10
2026-07-19 17:46:34.500 UTC app/api: INFO request_id=req-001864 method=GET path=/api/league/00000000-0000-4000-8000-000000007001/matchups status=200 duration_ms=138 league_size=10
2026-07-19 17:46:36.000 UTC app/api: INFO request_id=req-001865 method=GET path=/api/league/00000000-0000-4000-8000-000000007001/matchups status=200 duration_ms=139 league_size=16
2026-07-19 17:46:37.500 UTC app/api: INFO request_id=req-001866 method=GET path=/api/league/00000000-0000-4000-8000-000000007001/matchups status=200 duration_ms=140 league_size=10
2026-07-19 17:46:39.000 UTC app/api: INFO request_id=req-001867 method=GET path=/api/league/00000000-0000-4000-8000-000000007001/matchups status=200 duration_ms=141 league_size=10
2026-07-19 17:46:40.500 UTC app/api: INFO request_id=req-001868 method=GET path=/api/league/00000000-0000-4000-8000-000000007001/matchups status=200 duration_ms=142 league_size=10
2026-07-19 17:46:42.000 UTC app/api: INFO request_id=req-001869 method=GET path=/api/league/00000000-0000-4000-8000-000000007001/matchups status=200 duration_ms=143 league_size=16
2026-07-19 17:46:43.500 UTC postgres[991]: LOG duration: 2569.087 ms execute tank01_ingest: INSERT INTO player_weekly_stats(player_id,season,week,stats) VALUES ($1,$2,$3,$4) league_size=16 request_id=req-001870
2026-07-19 17:46:45.000 UTC app/api: INFO request_id=req-001871 method=GET path=/api/league/00000000-0000-4000-8000-000000007001/matchups status=200 duration_ms=145 league_size=10
2026-07-19 17:46:46.500 UTC app/api: INFO request_id=req-001872 method=GET path=/api/league/00000000-0000-4000-8000-000000007001/matchups status=200 duration_ms=146 league_size=10
2026-07-19 17:46:48.000 UTC app/api: INFO request_id=req-001873 method=GET path=/api/league/00000000-0000-4000-8000-000000007001/matchups status=200 duration_ms=147 league_size=16
2026-07-19 17:46:49.500 UTC app/api: INFO request_id=req-001874 method=GET path=/api/league/00000000-0000-4000-8000-000000007001/matchups status=200 duration_ms=148 league_size=10
2026-07-19 17:46:51.000 UTC app/api: INFO request_id=req-001875 method=GET path=/api/league/00000000-0000-4000-8000-000000007001/matchups status=200 duration_ms=149 league_size=10
2026-07-19 17:46:52.500 UTC app/api: INFO request_id=req-001876 method=GET path=/api/league/00000000-0000-4000-8000-000000007001/matchups status=200 duration_ms=150 league_size=10
2026-07-19 17:46:54.000 UTC app/api: INFO request_id=req-001877 method=GET path=/api/league/00000000-0000-4000-8000-000000007001/matchups status=200 duration_ms=151 league_size=16
2026-07-19 17:46:55.500 UTC app/api: INFO request_id=req-001878 method=GET path=/api/league/00000000-0000-4000-8000-000000007001/matchups status=200 duration_ms=152 league_size=10
2026-07-19 17:46:57.000 UTC app/api: INFO request_id=req-001879 method=GET path=/api/league/00000000-0000-4000-8000-000000007001/matchups status=200 duration_ms=153 league_size=10
2026-07-19 17:46:58.500 UTC app/api: INFO request_id=req-001880 method=GET path=/api/league/00000000-0000-4000-8000-000000007001/matchups status=200 duration_ms=154 league_size=10
2026-07-19 17:47:00.000 UTC app/api: INFO request_id=req-001881 method=GET path=/api/league/00000000-0000-4000-8000-000000007001/matchups status=200 duration_ms=155 league_size=16
2026-07-19 17:47:01.500 UTC app/api: INFO request_id=req-001882 method=GET path=/api/league/00000000-0000-4000-8000-000000007001/matchups status=200 duration_ms=156 league_size=10
2026-07-19 17:47:03.000 UTC app/api: INFO request_id=req-001883 method=GET path=/api/league/00000000-0000-4000-8000-000000007001/matchups status=200 duration_ms=157 league_size=10
2026-07-19 17:47:04.500 UTC app/api: INFO request_id=req-001884 method=GET path=/api/league/00000000-0000-4000-8000-000000007001/matchups status=200 duration_ms=158 league_size=10
2026-07-19 17:47:06.000 UTC app/api: INFO request_id=req-001885 method=GET path=/api/league/00000000-0000-4000-8000-000000007001/matchups status=200 duration_ms=159 league_size=16
2026-07-19 17:47:07.500 UTC app/api: INFO request_id=req-001886 method=GET path=/api/league/00000000-0000-4000-8000-000000007001/matchups status=200 duration_ms=160 league_size=10
2026-07-19 17:47:09.000 UTC app/api: INFO request_id=req-001887 method=GET path=/api/league/00000000-0000-4000-8000-000000007001/matchups status=200 duration_ms=161 league_size=10
2026-07-19 17:47:10.500 UTC docker/supavisor[214]: [ERROR] pgbouncer: pool empty pool=primary role=app_user active=200 waiting=18 request_id=req-001888
2026-07-19 17:47:12.000 UTC app/api: INFO request_id=req-001889 method=GET path=/api/league/00000000-0000-4000-8000-000000007001/matchups status=200 duration_ms=163 league_size=16
2026-07-19 17:47:13.500 UTC app/api: INFO request_id=req-001890 method=GET path=/api/league/00000000-0000-4000-8000-000000007001/matchups status=200 duration_ms=164 league_size=10
2026-07-19 17:47:15.000 UTC app/api: INFO request_id=req-001891 method=GET path=/api/league/00000000-0000-4000-8000-000000007001/matchups status=200 duration_ms=165 league_size=10
2026-07-19 17:47:16.500 UTC app/api: INFO request_id=req-001892 method=GET path=/api/league/00000000-0000-4000-8000-000000007001/matchups status=200 duration_ms=166 league_size=10
2026-07-19 17:47:18.000 UTC app/api: INFO request_id=req-001893 method=GET path=/api/league/00000000-0000-4000-8000-000000007001/matchups status=200 duration_ms=167 league_size=16
2026-07-19 17:47:19.500 UTC app/api: INFO request_id=req-001894 method=GET path=/api/league/00000000-0000-4000-8000-000000007001/matchups status=200 duration_ms=168 league_size=10
2026-07-19 17:47:21.000 UTC app/api: INFO request_id=req-001895 method=GET path=/api/league/00000000-0000-4000-8000-000000007001/matchups status=200 duration_ms=169 league_size=10
2026-07-19 17:47:22.500 UTC app/api: INFO request_id=req-001896 method=GET path=/api/league/00000000-0000-4000-8000-000000007001/matchups status=200 duration_ms=170 league_size=10
2026-07-19 17:47:24.000 UTC app/api: INFO request_id=req-001897 method=GET path=/api/league/00000000-0000-4000-8000-000000007001/matchups status=200 duration_ms=171 league_size=16
2026-07-19 17:47:25.500 UTC app/api: INFO request_id=req-001898 method=GET path=/api/league/00000000-0000-4000-8000-000000007001/matchups status=200 duration_ms=172 league_size=10
2026-07-19 17:47:27.000 UTC app/api: INFO request_id=req-001899 method=GET path=/api/league/00000000-0000-4000-8000-000000007001/matchups status=200 duration_ms=173 league_size=10
2026-07-19 17:47:28.500 UTC app/api: INFO request_id=req-001900 method=GET path=/api/league/00000000-0000-4000-8000-000000007001/matchups status=200 duration_ms=174 league_size=10
2026-07-19 17:47:30.000 UTC app/api: INFO request_id=req-001901 method=GET path=/api/league/00000000-0000-4000-8000-000000007001/matchups status=200 duration_ms=175 league_size=16
2026-07-19 17:47:31.500 UTC app/api: INFO request_id=req-001902 method=GET path=/api/league/00000000-0000-4000-8000-000000007001/matchups status=200 duration_ms=176 league_size=10
2026-07-19 17:47:33.000 UTC app/api: INFO request_id=req-001903 method=GET path=/api/league/00000000-0000-4000-8000-000000007001/matchups status=200 duration_ms=177 league_size=10
2026-07-19 17:47:34.500 UTC app/api: INFO request_id=req-001904 method=GET path=/api/league/00000000-0000-4000-8000-000000007001/matchups status=200 duration_ms=178 league_size=10
2026-07-19 17:47:36.000 UTC app/api: INFO request_id=req-001905 method=GET path=/api/league/00000000-0000-4000-8000-000000007001/matchups status=200 duration_ms=179 league_size=16
2026-07-19 17:47:37.500 UTC app/api: INFO request_id=req-001906 method=GET path=/api/league/00000000-0000-4000-8000-000000007001/matchups status=200 duration_ms=180 league_size=10
2026-07-19 17:47:39.000 UTC app/api: INFO request_id=req-001907 method=GET path=/api/league/00000000-0000-4000-8000-000000007001/matchups status=200 duration_ms=181 league_size=10
2026-07-19 17:47:40.500 UTC app/api: INFO request_id=req-001908 method=GET path=/api/league/00000000-0000-4000-8000-000000007001/matchups status=200 duration_ms=182 league_size=10
2026-07-19 17:47:42.000 UTC docker/supavisor[214]: [WARNING] Supavisor: connection queue latency exceeding 2500ms queue_ms=2609 pool=primary request_id=req-001909
2026-07-19 17:47:43.500 UTC app/api: INFO request_id=req-001910 method=GET path=/api/league/00000000-0000-4000-8000-000000007001/matchups status=200 duration_ms=184 league_size=10
2026-07-19 17:47:45.000 UTC app/api: INFO request_id=req-001911 method=GET path=/api/league/00000000-0000-4000-8000-000000007001/matchups status=200 duration_ms=185 league_size=10
2026-07-19 17:47:46.500 UTC app/api: INFO request_id=req-001912 method=GET path=/api/league/00000000-0000-4000-8000-000000007001/matchups status=200 duration_ms=186 league_size=10
2026-07-19 17:47:48.000 UTC app/api: INFO request_id=req-001913 method=GET path=/api/league/00000000-0000-4000-8000-000000007001/matchups status=200 duration_ms=187 league_size=16
2026-07-19 17:47:49.500 UTC app/api: INFO request_id=req-001914 method=GET path=/api/league/00000000-0000-4000-8000-000000007001/matchups status=200 duration_ms=188 league_size=10
2026-07-19 17:47:51.000 UTC app/api: INFO request_id=req-001915 method=GET path=/api/league/00000000-0000-4000-8000-000000007001/matchups status=200 duration_ms=189 league_size=10
2026-07-19 17:47:52.500 UTC app/api: INFO request_id=req-001916 method=GET path=/api/league/00000000-0000-4000-8000-000000007001/matchups status=200 duration_ms=190 league_size=10
2026-07-19 17:47:54.000 UTC app/api: INFO request_id=req-001917 method=GET path=/api/league/00000000-0000-4000-8000-000000007001/matchups status=200 duration_ms=191 league_size=16
2026-07-19 17:47:55.500 UTC postgres[991]: LOG duration: 2417.421 ms execute monte_carlo: SELECT update_playoff_odds($1,$2,$3) league_size=16 request_id=req-001918
2026-07-19 17:47:57.000 UTC app/api: INFO request_id=req-001919 method=GET path=/api/league/00000000-0000-4000-8000-000000007001/matchups status=200 duration_ms=193 league_size=10
2026-07-19 17:47:58.500 UTC app/api: INFO request_id=req-001920 method=GET path=/api/league/00000000-0000-4000-8000-000000007001/matchups status=200 duration_ms=194 league_size=10
2026-07-19 17:48:00.000 UTC app/api: INFO request_id=req-001921 method=GET path=/api/league/00000000-0000-4000-8000-000000007001/matchups status=200 duration_ms=35 league_size=16
2026-07-19 17:48:01.500 UTC app/api: INFO request_id=req-001922 method=GET path=/api/league/00000000-0000-4000-8000-000000007001/matchups status=200 duration_ms=36 league_size=10
2026-07-19 17:48:03.000 UTC app/api: INFO request_id=req-001923 method=GET path=/api/league/00000000-0000-4000-8000-000000007001/matchups status=200 duration_ms=37 league_size=10
2026-07-19 17:48:04.500 UTC app/api: INFO request_id=req-001924 method=GET path=/api/league/00000000-0000-4000-8000-000000007001/matchups status=200 duration_ms=38 league_size=10
2026-07-19 17:48:06.000 UTC docker/supavisor[214]: [ERROR] pgbouncer: pool empty pool=primary role=app_user active=200 waiting=17 request_id=req-001925
2026-07-19 17:48:07.500 UTC app/api: INFO request_id=req-001926 method=GET path=/api/league/00000000-0000-4000-8000-000000007001/matchups status=200 duration_ms=40 league_size=10
2026-07-19 17:48:09.000 UTC edge/scoring: HTTP/1.1 504 Gateway Timeout method=POST path=/api/scoring/league/00000000-0000-4000-8000-000000007001/correct-week upstream_timeout_ms=6926 request_id=req-001927
2026-07-19 17:48:10.500 UTC app/api: INFO request_id=req-001928 method=GET path=/api/league/00000000-0000-4000-8000-000000007001/matchups status=200 duration_ms=42 league_size=10
2026-07-19 17:48:12.000 UTC app/api: INFO request_id=req-001929 method=GET path=/api/league/00000000-0000-4000-8000-000000007001/matchups status=200 duration_ms=43 league_size=16
2026-07-19 17:48:13.500 UTC app/api: INFO request_id=req-001930 method=GET path=/api/league/00000000-0000-4000-8000-000000007001/matchups status=200 duration_ms=44 league_size=10
2026-07-19 17:48:15.000 UTC app/api: INFO request_id=req-001931 method=GET path=/api/league/00000000-0000-4000-8000-000000007001/matchups status=200 duration_ms=45 league_size=10
2026-07-19 17:48:16.500 UTC app/api: INFO request_id=req-001932 method=GET path=/api/league/00000000-0000-4000-8000-000000007001/matchups status=200 duration_ms=46 league_size=10
2026-07-19 17:48:18.000 UTC app/api: INFO request_id=req-001933 method=GET path=/api/league/00000000-0000-4000-8000-000000007001/matchups status=200 duration_ms=47 league_size=16
2026-07-19 17:48:19.500 UTC app/api: INFO request_id=req-001934 method=GET path=/api/league/00000000-0000-4000-8000-000000007001/matchups status=200 duration_ms=48 league_size=10
2026-07-19 17:48:21.000 UTC app/api: INFO request_id=req-001935 method=GET path=/api/league/00000000-0000-4000-8000-000000007001/matchups status=200 duration_ms=49 league_size=10
2026-07-19 17:48:22.500 UTC app/api: INFO request_id=req-001936 method=GET path=/api/league/00000000-0000-4000-8000-000000007001/matchups status=200 duration_ms=50 league_size=10
2026-07-19 17:48:24.000 UTC app/api: INFO request_id=req-001937 method=GET path=/api/league/00000000-0000-4000-8000-000000007001/matchups status=200 duration_ms=51 league_size=16
2026-07-19 17:48:25.500 UTC edge/scoring: HTTP/1.1 200 OK method=GET path=/api/matchups/league/00000000-0000-4000-8000-000000007001 duration_ms=197 request_id=req-001938
2026-07-19 17:48:27.000 UTC app/api: INFO request_id=req-001939 method=GET path=/api/league/00000000-0000-4000-8000-000000007001/matchups status=200 duration_ms=53 league_size=10
2026-07-19 17:48:28.500 UTC app/api: INFO request_id=req-001940 method=GET path=/api/league/00000000-0000-4000-8000-000000007001/matchups status=200 duration_ms=54 league_size=10
2026-07-19 17:48:30.000 UTC app/api: INFO request_id=req-001941 method=GET path=/api/league/00000000-0000-4000-8000-000000007001/matchups status=200 duration_ms=55 league_size=16
2026-07-19 17:48:31.500 UTC app/api: INFO request_id=req-001942 method=GET path=/api/league/00000000-0000-4000-8000-000000007001/matchups status=200 duration_ms=56 league_size=10
2026-07-19 17:48:33.000 UTC app/api: INFO request_id=req-001943 method=GET path=/api/league/00000000-0000-4000-8000-000000007001/matchups status=200 duration_ms=57 league_size=10
2026-07-19 17:48:34.500 UTC app/api: INFO request_id=req-001944 method=GET path=/api/league/00000000-0000-4000-8000-000000007001/matchups status=200 duration_ms=58 league_size=10
2026-07-19 17:48:36.000 UTC app/api: INFO request_id=req-001945 method=GET path=/api/league/00000000-0000-4000-8000-000000007001/matchups status=200 duration_ms=59 league_size=16
2026-07-19 17:48:37.500 UTC app/api: INFO request_id=req-001946 method=GET path=/api/league/00000000-0000-4000-8000-000000007001/matchups status=200 duration_ms=60 league_size=10
2026-07-19 17:48:39.000 UTC app/api: INFO request_id=req-001947 method=GET path=/api/league/00000000-0000-4000-8000-000000007001/matchups status=200 duration_ms=61 league_size=10
2026-07-19 17:48:40.500 UTC app/api: INFO request_id=req-001948 method=GET path=/api/league/00000000-0000-4000-8000-000000007001/matchups status=200 duration_ms=62 league_size=10
2026-07-19 17:48:42.000 UTC app/api: INFO request_id=req-001949 method=GET path=/api/league/00000000-0000-4000-8000-000000007001/matchups status=200 duration_ms=63 league_size=16
2026-07-19 17:48:43.500 UTC app/api: INFO request_id=req-001950 method=GET path=/api/league/00000000-0000-4000-8000-000000007001/matchups status=200 duration_ms=64 league_size=10
2026-07-19 17:48:45.000 UTC app/api: INFO request_id=req-001951 method=GET path=/api/league/00000000-0000-4000-8000-000000007001/matchups status=200 duration_ms=65 league_size=10
2026-07-19 17:48:46.500 UTC app/api: INFO request_id=req-001952 method=GET path=/api/league/00000000-0000-4000-8000-000000007001/matchups status=200 duration_ms=66 league_size=10
2026-07-19 17:48:48.000 UTC app/api: INFO request_id=req-001953 method=GET path=/api/league/00000000-0000-4000-8000-000000007001/matchups status=200 duration_ms=67 league_size=16
2026-07-19 17:48:49.500 UTC app/api: INFO request_id=req-001954 method=GET path=/api/league/00000000-0000-4000-8000-000000007001/matchups status=200 duration_ms=68 league_size=10
2026-07-19 17:48:51.000 UTC app/api: INFO request_id=req-001955 method=GET path=/api/league/00000000-0000-4000-8000-000000007001/matchups status=200 duration_ms=69 league_size=10
2026-07-19 17:48:52.500 UTC app/api: INFO request_id=req-001956 method=GET path=/api/league/00000000-0000-4000-8000-000000007001/matchups status=200 duration_ms=70 league_size=10
2026-07-19 17:48:54.000 UTC app/api: INFO request_id=req-001957 method=GET path=/api/league/00000000-0000-4000-8000-000000007001/matchups status=200 duration_ms=71 league_size=16
2026-07-19 17:48:55.500 UTC app/api: INFO request_id=req-001958 method=GET path=/api/league/00000000-0000-4000-8000-000000007001/matchups status=200 duration_ms=72 league_size=10
2026-07-19 17:48:57.000 UTC postgres[991]: LOG duration: 2658.087 ms execute tank01_ingest: INSERT INTO player_weekly_stats(player_id,season,week,stats) VALUES ($1,$2,$3,$4) league_size=10 request_id=req-001959
2026-07-19 17:48:58.500 UTC app/api: INFO request_id=req-001960 method=GET path=/api/league/00000000-0000-4000-8000-000000007001/matchups status=200 duration_ms=74 league_size=10
2026-07-19 17:49:00.000 UTC app/api: INFO request_id=req-001961 method=GET path=/api/league/00000000-0000-4000-8000-000000007001/matchups status=200 duration_ms=75 league_size=16
2026-07-19 17:49:01.500 UTC docker/supavisor[214]: [ERROR] pgbouncer: pool empty pool=primary role=app_user active=200 waiting=16 request_id=req-001962
2026-07-19 17:49:03.000 UTC app/api: INFO request_id=req-001963 method=GET path=/api/league/00000000-0000-4000-8000-000000007001/matchups status=200 duration_ms=77 league_size=10
2026-07-19 17:49:04.500 UTC app/api: INFO request_id=req-001964 method=GET path=/api/league/00000000-0000-4000-8000-000000007001/matchups status=200 duration_ms=78 league_size=10
2026-07-19 17:49:06.000 UTC app/api: INFO request_id=req-001965 method=GET path=/api/league/00000000-0000-4000-8000-000000007001/matchups status=200 duration_ms=79 league_size=16
2026-07-19 17:49:07.500 UTC realtime/draft: [WebSocket] Connection dropped on channel: league_draft_board:00000000-0000-4000-8000-000000007001 due to server backpressure client=vu-66 propagation_ms=1465 request_id=req-001966
2026-07-19 17:49:09.000 UTC app/api: INFO request_id=req-001967 method=GET path=/api/league/00000000-0000-4000-8000-000000007001/matchups status=200 duration_ms=81 league_size=10
2026-07-19 17:49:10.500 UTC app/api: INFO request_id=req-001968 method=GET path=/api/league/00000000-0000-4000-8000-000000007001/matchups status=200 duration_ms=82 league_size=10
2026-07-19 17:49:12.000 UTC app/api: INFO request_id=req-001969 method=GET path=/api/league/00000000-0000-4000-8000-000000007001/matchups status=200 duration_ms=83 league_size=16
2026-07-19 17:49:13.500 UTC app/api: INFO request_id=req-001970 method=GET path=/api/league/00000000-0000-4000-8000-000000007001/matchups status=200 duration_ms=84 league_size=10
2026-07-19 17:49:15.000 UTC app/api: INFO request_id=req-001971 method=GET path=/api/league/00000000-0000-4000-8000-000000007001/matchups status=200 duration_ms=85 league_size=10
2026-07-19 17:49:16.500 UTC app/api: INFO request_id=req-001972 method=GET path=/api/league/00000000-0000-4000-8000-000000007001/matchups status=200 duration_ms=86 league_size=10
2026-07-19 17:49:18.000 UTC app/api: INFO request_id=req-001973 method=GET path=/api/league/00000000-0000-4000-8000-000000007001/matchups status=200 duration_ms=87 league_size=16
2026-07-19 17:49:19.500 UTC app/api: INFO request_id=req-001974 method=GET path=/api/league/00000000-0000-4000-8000-000000007001/matchups status=200 duration_ms=88 league_size=10
2026-07-19 17:49:21.000 UTC app/api: INFO request_id=req-001975 method=GET path=/api/league/00000000-0000-4000-8000-000000007001/matchups status=200 duration_ms=89 league_size=10
2026-07-19 17:49:22.500 UTC app/api: INFO request_id=req-001976 method=GET path=/api/league/00000000-0000-4000-8000-000000007001/matchups status=200 duration_ms=90 league_size=10
2026-07-19 17:49:24.000 UTC app/api: INFO request_id=req-001977 method=GET path=/api/league/00000000-0000-4000-8000-000000007001/matchups status=200 duration_ms=91 league_size=16
2026-07-19 17:49:25.500 UTC app/api: INFO request_id=req-001978 method=GET path=/api/league/00000000-0000-4000-8000-000000007001/matchups status=200 duration_ms=92 league_size=10
2026-07-19 17:49:27.000 UTC app/api: INFO request_id=req-001979 method=GET path=/api/league/00000000-0000-4000-8000-000000007001/matchups status=200 duration_ms=93 league_size=10
2026-07-19 17:49:28.500 UTC app/api: INFO request_id=req-001980 method=GET path=/api/league/00000000-0000-4000-8000-000000007001/matchups status=200 duration_ms=94 league_size=10
2026-07-19 17:49:30.000 UTC app/api: INFO request_id=req-001981 method=GET path=/api/league/00000000-0000-4000-8000-000000007001/matchups status=200 duration_ms=95 league_size=16
2026-07-19 17:49:31.500 UTC app/api: INFO request_id=req-001982 method=GET path=/api/league/00000000-0000-4000-8000-000000007001/matchups status=200 duration_ms=96 league_size=10
2026-07-19 17:49:33.000 UTC app/api: INFO request_id=req-001983 method=GET path=/api/league/00000000-0000-4000-8000-000000007001/matchups status=200 duration_ms=97 league_size=10
2026-07-19 17:49:34.500 UTC app/api: INFO request_id=req-001984 method=GET path=/api/league/00000000-0000-4000-8000-000000007001/matchups status=200 duration_ms=98 league_size=10
2026-07-19 17:49:36.000 UTC app/api: INFO request_id=req-001985 method=GET path=/api/league/00000000-0000-4000-8000-000000007001/matchups status=200 duration_ms=99 league_size=16
2026-07-19 17:49:37.500 UTC app/api: INFO request_id=req-001986 method=GET path=/api/league/00000000-0000-4000-8000-000000007001/matchups status=200 duration_ms=100 league_size=10
2026-07-19 17:49:39.000 UTC app/api: INFO request_id=req-001987 method=GET path=/api/league/00000000-0000-4000-8000-000000007001/matchups status=200 duration_ms=101 league_size=10
2026-07-19 17:49:40.500 UTC app/api: INFO request_id=req-001988 method=GET path=/api/league/00000000-0000-4000-8000-000000007001/matchups status=200 duration_ms=102 league_size=10
2026-07-19 17:49:42.000 UTC postgres[991]: LOG duration: 2488.421 ms execute monte_carlo: SELECT update_playoff_odds($1,$2,$3) league_size=10 request_id=req-001989
2026-07-19 17:49:43.500 UTC app/api: INFO request_id=req-001990 method=GET path=/api/league/00000000-0000-4000-8000-000000007001/matchups status=200 duration_ms=104 league_size=10
2026-07-19 17:49:45.000 UTC app/api: INFO request_id=req-001991 method=GET path=/api/league/00000000-0000-4000-8000-000000007001/matchups status=200 duration_ms=105 league_size=10
2026-07-19 17:49:46.500 UTC app/api: INFO request_id=req-001992 method=GET path=/api/league/00000000-0000-4000-8000-000000007001/matchups status=200 duration_ms=106 league_size=10
2026-07-19 17:49:48.000 UTC app/api: INFO request_id=req-001993 method=GET path=/api/league/00000000-0000-4000-8000-000000007001/matchups status=200 duration_ms=107 league_size=16
2026-07-19 17:49:49.500 UTC app/api: INFO request_id=req-001994 method=GET path=/api/league/00000000-0000-4000-8000-000000007001/matchups status=200 duration_ms=108 league_size=10
2026-07-19 17:49:51.000 UTC app/api: INFO request_id=req-001995 method=GET path=/api/league/00000000-0000-4000-8000-000000007001/matchups status=200 duration_ms=109 league_size=10
2026-07-19 17:49:52.500 UTC app/api: INFO request_id=req-001996 method=GET path=/api/league/00000000-0000-4000-8000-000000007001/matchups status=200 duration_ms=110 league_size=10
2026-07-19 17:49:54.000 UTC app/api: INFO request_id=req-001997 method=GET path=/api/league/00000000-0000-4000-8000-000000007001/matchups status=200 duration_ms=111 league_size=16
2026-07-19 17:49:55.500 UTC app/api: INFO request_id=req-001998 method=GET path=/api/league/00000000-0000-4000-8000-000000007001/matchups status=200 duration_ms=112 league_size=10
2026-07-19 17:49:57.000 UTC docker/supavisor[214]: [ERROR] pgbouncer: pool empty pool=primary role=app_user active=200 waiting=15 request_id=req-001999
2026-07-19 17:49:58.500 UTC app/api: INFO request_id=req-002000 method=GET path=/api/league/00000000-0000-4000-8000-000000007001/matchups status=200 duration_ms=114 league_size=10
2026-07-19 17:50:00.000 UTC app/api: INFO request_id=req-002001 method=GET path=/api/league/00000000-0000-4000-8000-000000007001/matchups status=200 duration_ms=115 league_size=16
2026-07-19 17:50:01.500 UTC app/api: INFO request_id=req-002002 method=GET path=/api/league/00000000-0000-4000-8000-000000007001/matchups status=200 duration_ms=116 league_size=10
2026-07-19 17:50:03.000 UTC app/api: INFO request_id=req-002003 method=GET path=/api/league/00000000-0000-4000-8000-000000007001/matchups status=200 duration_ms=117 league_size=10
2026-07-19 17:50:04.500 UTC app/api: INFO request_id=req-002004 method=GET path=/api/league/00000000-0000-4000-8000-000000007001/matchups status=200 duration_ms=118 league_size=10
2026-07-19 17:50:06.000 UTC app/api: INFO request_id=req-002005 method=GET path=/api/league/00000000-0000-4000-8000-000000007001/matchups status=200 duration_ms=119 league_size=16
2026-07-19 17:50:07.500 UTC app/api: INFO request_id=req-002006 method=GET path=/api/league/00000000-0000-4000-8000-000000007001/matchups status=200 duration_ms=120 league_size=10
2026-07-19 17:50:09.000 UTC app/api: INFO request_id=req-002007 method=GET path=/api/league/00000000-0000-4000-8000-000000007001/matchups status=200 duration_ms=121 league_size=10
2026-07-19 17:50:10.500 UTC app/api: INFO request_id=req-002008 method=GET path=/api/league/00000000-0000-4000-8000-000000007001/matchups status=200 duration_ms=122 league_size=10
2026-07-19 17:50:12.000 UTC app/api: INFO request_id=req-002009 method=GET path=/api/league/00000000-0000-4000-8000-000000007001/matchups status=200 duration_ms=123 league_size=16
2026-07-19 17:50:13.500 UTC app/api: INFO request_id=req-002010 method=GET path=/api/league/00000000-0000-4000-8000-000000007001/matchups status=200 duration_ms=124 league_size=10
2026-07-19 17:50:15.000 UTC app/api: INFO request_id=req-002011 method=GET path=/api/league/00000000-0000-4000-8000-000000007001/matchups status=200 duration_ms=125 league_size=10
2026-07-19 17:50:16.500 UTC app/api: INFO request_id=req-002012 method=GET path=/api/league/00000000-0000-4000-8000-000000007001/matchups status=200 duration_ms=126 league_size=10
2026-07-19 17:50:18.000 UTC app/api: INFO request_id=req-002013 method=GET path=/api/league/00000000-0000-4000-8000-000000007001/matchups status=200 duration_ms=127 league_size=16
2026-07-19 17:50:19.500 UTC app/api: INFO request_id=req-002014 method=GET path=/api/league/00000000-0000-4000-8000-000000007001/matchups status=200 duration_ms=128 league_size=10
2026-07-19 17:50:21.000 UTC docker/supavisor[214]: [WARNING] Supavisor: connection queue latency exceeding 2500ms queue_ms=2715 pool=primary request_id=req-002015
2026-07-19 17:50:22.500 UTC app/api: INFO request_id=req-002016 method=GET path=/api/league/00000000-0000-4000-8000-000000007001/matchups status=200 duration_ms=130 league_size=10
2026-07-19 17:50:24.000 UTC app/api: INFO request_id=req-002017 method=GET path=/api/league/00000000-0000-4000-8000-000000007001/matchups status=200 duration_ms=131 league_size=16
2026-07-19 17:50:25.500 UTC app/api: INFO request_id=req-002018 method=GET path=/api/league/00000000-0000-4000-8000-000000007001/matchups status=200 duration_ms=132 league_size=10
2026-07-19 17:50:27.000 UTC app/api: INFO request_id=req-002019 method=GET path=/api/league/00000000-0000-4000-8000-000000007001/matchups status=200 duration_ms=133 league_size=10
2026-07-19 17:50:28.500 UTC app/api: INFO request_id=req-002020 method=GET path=/api/league/00000000-0000-4000-8000-000000007001/matchups status=200 duration_ms=134 league_size=10
2026-07-19 17:50:30.000 UTC app/api: INFO request_id=req-002021 method=GET path=/api/league/00000000-0000-4000-8000-000000007001/matchups status=200 duration_ms=135 league_size=16
2026-07-19 17:50:31.500 UTC app/api: INFO request_id=req-002022 method=GET path=/api/league/00000000-0000-4000-8000-000000007001/matchups status=200 duration_ms=136 league_size=10
2026-07-19 17:50:33.000 UTC app/api: INFO request_id=req-002023 method=GET path=/api/league/00000000-0000-4000-8000-000000007001/matchups status=200 duration_ms=137 league_size=10
2026-07-19 17:50:34.500 UTC app/api: INFO request_id=req-002024 method=GET path=/api/league/00000000-0000-4000-8000-000000007001/matchups status=200 duration_ms=138 league_size=10
2026-07-19 17:50:36.000 UTC app/api: INFO request_id=req-002025 method=GET path=/api/league/00000000-0000-4000-8000-000000007001/matchups status=200 duration_ms=139 league_size=16
2026-07-19 17:50:37.500 UTC app/api: INFO request_id=req-002026 method=GET path=/api/league/00000000-0000-4000-8000-000000007001/matchups status=200 duration_ms=140 league_size=10
2026-07-19 17:50:39.000 UTC app/api: INFO request_id=req-002027 method=GET path=/api/league/00000000-0000-4000-8000-000000007001/matchups status=200 duration_ms=141 league_size=10
2026-07-19 17:50:40.500 UTC app/api: INFO request_id=req-002028 method=GET path=/api/league/00000000-0000-4000-8000-000000007001/matchups status=200 duration_ms=142 league_size=10
2026-07-19 17:50:42.000 UTC app/api: INFO request_id=req-002029 method=GET path=/api/league/00000000-0000-4000-8000-000000007001/matchups status=200 duration_ms=143 league_size=16
2026-07-19 17:50:43.500 UTC app/api: INFO request_id=req-002030 method=GET path=/api/league/00000000-0000-4000-8000-000000007001/matchups status=200 duration_ms=144 league_size=10
2026-07-19 17:50:45.000 UTC app/api: INFO request_id=req-002031 method=GET path=/api/league/00000000-0000-4000-8000-000000007001/matchups status=200 duration_ms=145 league_size=10
2026-07-19 17:50:46.500 UTC app/api: INFO request_id=req-002032 method=GET path=/api/league/00000000-0000-4000-8000-000000007001/matchups status=200 duration_ms=146 league_size=10
2026-07-19 17:50:48.000 UTC app/api: INFO request_id=req-002033 method=GET path=/api/league/00000000-0000-4000-8000-000000007001/matchups status=200 duration_ms=147 league_size=16
2026-07-19 17:50:49.500 UTC edge/scoring: HTTP/1.1 504 Gateway Timeout method=POST path=/api/scoring/league/00000000-0000-4000-8000-000000007001/correct-week upstream_timeout_ms=7033 request_id=req-002034
2026-07-19 17:50:51.000 UTC app/api: INFO request_id=req-002035 method=GET path=/api/league/00000000-0000-4000-8000-000000007001/matchups status=200 duration_ms=149 league_size=10
2026-07-19 17:50:52.500 UTC docker/supavisor[214]: [ERROR] pgbouncer: pool empty pool=primary role=app_user active=200 waiting=14 request_id=req-002036
2026-07-19 17:50:54.000 UTC app/api: INFO request_id=req-002037 method=GET path=/api/league/00000000-0000-4000-8000-000000007001/matchups status=200 duration_ms=151 league_size=16
2026-07-19 17:50:55.500 UTC app/api: INFO request_id=req-002038 method=GET path=/api/league/00000000-0000-4000-8000-000000007001/matchups status=200 duration_ms=152 league_size=10
2026-07-19 17:50:57.000 UTC app/api: INFO request_id=req-002039 method=GET path=/api/league/00000000-0000-4000-8000-000000007001/matchups status=200 duration_ms=153 league_size=10
2026-07-19 17:50:58.500 UTC app/api: INFO request_id=req-002040 method=GET path=/api/league/00000000-0000-4000-8000-000000007001/matchups status=200 duration_ms=154 league_size=10
2026-07-19 17:51:00.000 UTC app/api: INFO request_id=req-002041 method=GET path=/api/league/00000000-0000-4000-8000-000000007001/matchups status=200 duration_ms=155 league_size=16
2026-07-19 17:51:01.500 UTC app/api: INFO request_id=req-002042 method=GET path=/api/league/00000000-0000-4000-8000-000000007001/matchups status=200 duration_ms=156 league_size=10
2026-07-19 17:51:03.000 UTC app/api: INFO request_id=req-002043 method=GET path=/api/league/00000000-0000-4000-8000-000000007001/matchups status=200 duration_ms=157 league_size=10
2026-07-19 17:51:04.500 UTC app/api: INFO request_id=req-002044 method=GET path=/api/league/00000000-0000-4000-8000-000000007001/matchups status=200 duration_ms=158 league_size=10
2026-07-19 17:51:06.000 UTC app/api: INFO request_id=req-002045 method=GET path=/api/league/00000000-0000-4000-8000-000000007001/matchups status=200 duration_ms=159 league_size=16
2026-07-19 17:51:07.500 UTC app/api: INFO request_id=req-002046 method=GET path=/api/league/00000000-0000-4000-8000-000000007001/matchups status=200 duration_ms=160 league_size=10
2026-07-19 17:51:09.000 UTC app/api: INFO request_id=req-002047 method=GET path=/api/league/00000000-0000-4000-8000-000000007001/matchups status=200 duration_ms=161 league_size=10
2026-07-19 17:51:10.500 UTC postgres[991]: LOG duration: 2747.087 ms execute tank01_ingest: INSERT INTO player_weekly_stats(player_id,season,week,stats) VALUES ($1,$2,$3,$4) league_size=10 request_id=req-002048
2026-07-19 17:51:12.000 UTC app/api: INFO request_id=req-002049 method=GET path=/api/league/00000000-0000-4000-8000-000000007001/matchups status=200 duration_ms=163 league_size=16
2026-07-19 17:51:13.500 UTC app/api: INFO request_id=req-002050 method=GET path=/api/league/00000000-0000-4000-8000-000000007001/matchups status=200 duration_ms=164 league_size=10
2026-07-19 17:51:15.000 UTC app/api: INFO request_id=req-002051 method=GET path=/api/league/00000000-0000-4000-8000-000000007001/matchups status=200 duration_ms=165 league_size=10
2026-07-19 17:51:16.500 UTC app/api: INFO request_id=req-002052 method=GET path=/api/league/00000000-0000-4000-8000-000000007001/matchups status=200 duration_ms=166 league_size=10
2026-07-19 17:51:18.000 UTC app/api: INFO request_id=req-002053 method=GET path=/api/league/00000000-0000-4000-8000-000000007001/matchups status=200 duration_ms=167 league_size=16
2026-07-19 17:51:19.500 UTC app/api: INFO request_id=req-002054 method=GET path=/api/league/00000000-0000-4000-8000-000000007001/matchups status=200 duration_ms=168 league_size=10
2026-07-19 17:51:21.000 UTC app/api: INFO request_id=req-002055 method=GET path=/api/league/00000000-0000-4000-8000-000000007001/matchups status=200 duration_ms=169 league_size=10
2026-07-19 17:51:22.500 UTC app/api: INFO request_id=req-002056 method=GET path=/api/league/00000000-0000-4000-8000-000000007001/matchups status=200 duration_ms=170 league_size=10
2026-07-19 17:51:24.000 UTC app/api: INFO request_id=req-002057 method=GET path=/api/league/00000000-0000-4000-8000-000000007001/matchups status=200 duration_ms=171 league_size=16
2026-07-19 17:51:25.500 UTC app/api: INFO request_id=req-002058 method=GET path=/api/league/00000000-0000-4000-8000-000000007001/matchups status=200 duration_ms=172 league_size=10
2026-07-19 17:51:27.000 UTC app/api: INFO request_id=req-002059 method=GET path=/api/league/00000000-0000-4000-8000-000000007001/matchups status=200 duration_ms=173 league_size=10
2026-07-19 17:51:28.500 UTC postgres[991]: LOG duration: 2559.421 ms execute monte_carlo: SELECT update_playoff_odds($1,$2,$3) league_size=16 request_id=req-002060
2026-07-19 17:51:30.000 UTC app/api: INFO request_id=req-002061 method=GET path=/api/league/00000000-0000-4000-8000-000000007001/matchups status=200 duration_ms=175 league_size=16
2026-07-19 17:51:31.500 UTC app/api: INFO request_id=req-002062 method=GET path=/api/league/00000000-0000-4000-8000-000000007001/matchups status=200 duration_ms=176 league_size=10
2026-07-19 17:51:33.000 UTC app/api: INFO request_id=req-002063 method=GET path=/api/league/00000000-0000-4000-8000-000000007001/matchups status=200 duration_ms=177 league_size=10
2026-07-19 17:51:34.500 UTC app/api: INFO request_id=req-002064 method=GET path=/api/league/00000000-0000-4000-8000-000000007001/matchups status=200 duration_ms=178 league_size=10
2026-07-19 17:51:36.000 UTC app/api: INFO request_id=req-002065 method=GET path=/api/league/00000000-0000-4000-8000-000000007001/matchups status=200 duration_ms=179 league_size=16
2026-07-19 17:51:37.500 UTC app/api: INFO request_id=req-002066 method=GET path=/api/league/00000000-0000-4000-8000-000000007001/matchups status=200 duration_ms=180 league_size=10
2026-07-19 17:51:39.000 UTC app/api: INFO request_id=req-002067 method=GET path=/api/league/00000000-0000-4000-8000-000000007001/matchups status=200 duration_ms=181 league_size=10
2026-07-19 17:51:40.500 UTC docker/supavisor[214]: [WARNING] Supavisor: connection queue latency exceeding 2500ms queue_ms=2768 pool=primary request_id=req-002068
2026-07-19 17:51:42.000 UTC app/api: INFO request_id=req-002069 method=GET path=/api/league/00000000-0000-4000-8000-000000007001/matchups status=200 duration_ms=183 league_size=16
2026-07-19 17:51:43.500 UTC app/api: INFO request_id=req-002070 method=GET path=/api/league/00000000-0000-4000-8000-000000007001/matchups status=200 duration_ms=184 league_size=10
2026-07-19 17:51:45.000 UTC app/api: INFO request_id=req-002071 method=GET path=/api/league/00000000-0000-4000-8000-000000007001/matchups status=200 duration_ms=185 league_size=10
2026-07-19 17:51:46.500 UTC app/api: INFO request_id=req-002072 method=GET path=/api/league/00000000-0000-4000-8000-000000007001/matchups status=200 duration_ms=186 league_size=10
2026-07-19 17:51:48.000 UTC docker/supavisor[214]: [ERROR] pgbouncer: pool empty pool=primary role=app_user active=200 waiting=13 request_id=req-002073
2026-07-19 17:51:49.500 UTC app/api: INFO request_id=req-002074 method=GET path=/api/league/00000000-0000-4000-8000-000000007001/matchups status=200 duration_ms=188 league_size=10
2026-07-19 17:51:51.000 UTC app/api: INFO request_id=req-002075 method=GET path=/api/league/00000000-0000-4000-8000-000000007001/matchups status=200 duration_ms=189 league_size=10
2026-07-19 17:51:52.500 UTC app/api: INFO request_id=req-002076 method=GET path=/api/league/00000000-0000-4000-8000-000000007001/matchups status=200 duration_ms=190 league_size=10
2026-07-19 17:51:54.000 UTC app/api: INFO request_id=req-002077 method=GET path=/api/league/00000000-0000-4000-8000-000000007001/matchups status=200 duration_ms=191 league_size=16
2026-07-19 17:51:55.500 UTC app/api: INFO request_id=req-002078 method=GET path=/api/league/00000000-0000-4000-8000-000000007001/matchups status=200 duration_ms=192 league_size=10
2026-07-19 17:51:57.000 UTC app/api: INFO request_id=req-002079 method=GET path=/api/league/00000000-0000-4000-8000-000000007001/matchups status=200 duration_ms=193 league_size=10
2026-07-19 17:51:58.500 UTC app/api: INFO request_id=req-002080 method=GET path=/api/league/00000000-0000-4000-8000-000000007001/matchups status=200 duration_ms=194 league_size=10
2026-07-19 17:52:00.000 UTC app/api: INFO request_id=req-002081 method=GET path=/api/league/00000000-0000-4000-8000-000000007001/matchups status=200 duration_ms=35 league_size=16
2026-07-19 17:52:01.500 UTC app/api: INFO request_id=req-002082 method=GET path=/api/league/00000000-0000-4000-8000-000000007001/matchups status=200 duration_ms=36 league_size=10
2026-07-19 17:52:03.000 UTC app/api: INFO request_id=req-002083 method=GET path=/api/league/00000000-0000-4000-8000-000000007001/matchups status=200 duration_ms=37 league_size=10
2026-07-19 17:52:04.500 UTC app/api: INFO request_id=req-002084 method=GET path=/api/league/00000000-0000-4000-8000-000000007001/matchups status=200 duration_ms=38 league_size=10
2026-07-19 17:52:06.000 UTC app/api: INFO request_id=req-002085 method=GET path=/api/league/00000000-0000-4000-8000-000000007001/matchups status=200 duration_ms=39 league_size=16
2026-07-19 17:52:07.500 UTC app/api: INFO request_id=req-002086 method=GET path=/api/league/00000000-0000-4000-8000-000000007001/matchups status=200 duration_ms=40 league_size=10
2026-07-19 17:52:09.000 UTC edge/scoring: HTTP/1.1 200 OK method=GET path=/api/matchups/league/00000000-0000-4000-8000-000000007001 duration_ms=206 request_id=req-002087
2026-07-19 17:52:10.500 UTC app/api: INFO request_id=req-002088 method=GET path=/api/league/00000000-0000-4000-8000-000000007001/matchups status=200 duration_ms=42 league_size=10
2026-07-19 17:52:12.000 UTC app/api: INFO request_id=req-002089 method=GET path=/api/league/00000000-0000-4000-8000-000000007001/matchups status=200 duration_ms=43 league_size=16
2026-07-19 17:52:13.500 UTC app/api: INFO request_id=req-002090 method=GET path=/api/league/00000000-0000-4000-8000-000000007001/matchups status=200 duration_ms=44 league_size=10
2026-07-19 17:52:15.000 UTC app/api: INFO request_id=req-002091 method=GET path=/api/league/00000000-0000-4000-8000-000000007001/matchups status=200 duration_ms=45 league_size=10
2026-07-19 17:52:16.500 UTC app/api: INFO request_id=req-002092 method=GET path=/api/league/00000000-0000-4000-8000-000000007001/matchups status=200 duration_ms=46 league_size=10
2026-07-19 17:52:18.000 UTC app/api: INFO request_id=req-002093 method=GET path=/api/league/00000000-0000-4000-8000-000000007001/matchups status=200 duration_ms=47 league_size=16
2026-07-19 17:52:19.500 UTC app/api: INFO request_id=req-002094 method=GET path=/api/league/00000000-0000-4000-8000-000000007001/matchups status=200 duration_ms=48 league_size=10
2026-07-19 17:52:21.000 UTC app/api: INFO request_id=req-002095 method=GET path=/api/league/00000000-0000-4000-8000-000000007001/matchups status=200 duration_ms=49 league_size=10
2026-07-19 17:52:22.500 UTC app/api: INFO request_id=req-002096 method=GET path=/api/league/00000000-0000-4000-8000-000000007001/matchups status=200 duration_ms=50 league_size=10
2026-07-19 17:52:24.000 UTC realtime/draft: [WebSocket] Connection dropped on channel: league_draft_board:00000000-0000-4000-8000-000000007001 due to server backpressure client=vu-97 propagation_ms=1596 request_id=req-002097
2026-07-19 17:52:25.500 UTC app/api: INFO request_id=req-002098 method=GET path=/api/league/00000000-0000-4000-8000-000000007001/matchups status=200 duration_ms=52 league_size=10
2026-07-19 17:52:27.000 UTC app/api: INFO request_id=req-002099 method=GET path=/api/league/00000000-0000-4000-8000-000000007001/matchups status=200 duration_ms=53 league_size=10
2026-07-19 17:52:28.500 UTC app/api: INFO request_id=req-002100 method=GET path=/api/league/00000000-0000-4000-8000-000000007001/matchups status=200 duration_ms=54 league_size=10
2026-07-19 17:52:30.000 UTC app/api: INFO request_id=req-002101 method=GET path=/api/league/00000000-0000-4000-8000-000000007001/matchups status=200 duration_ms=55 league_size=16
2026-07-19 17:52:31.500 UTC app/api: INFO request_id=req-002102 method=GET path=/api/league/00000000-0000-4000-8000-000000007001/matchups status=200 duration_ms=56 league_size=10
2026-07-19 17:52:33.000 UTC app/api: INFO request_id=req-002103 method=GET path=/api/league/00000000-0000-4000-8000-000000007001/matchups status=200 duration_ms=57 league_size=10
2026-07-19 17:52:34.500 UTC app/api: INFO request_id=req-002104 method=GET path=/api/league/00000000-0000-4000-8000-000000007001/matchups status=200 duration_ms=58 league_size=10
2026-07-19 17:52:36.000 UTC app/api: INFO request_id=req-002105 method=GET path=/api/league/00000000-0000-4000-8000-000000007001/matchups status=200 duration_ms=59 league_size=16
2026-07-19 17:52:37.500 UTC app/api: INFO request_id=req-002106 method=GET path=/api/league/00000000-0000-4000-8000-000000007001/matchups status=200 duration_ms=60 league_size=10
2026-07-19 17:52:39.000 UTC app/api: INFO request_id=req-002107 method=GET path=/api/league/00000000-0000-4000-8000-000000007001/matchups status=200 duration_ms=61 league_size=10
2026-07-19 17:52:40.500 UTC app/api: INFO request_id=req-002108 method=GET path=/api/league/00000000-0000-4000-8000-000000007001/matchups status=200 duration_ms=62 league_size=10
2026-07-19 17:52:42.000 UTC app/api: INFO request_id=req-002109 method=GET path=/api/league/00000000-0000-4000-8000-000000007001/matchups status=200 duration_ms=63 league_size=16
2026-07-19 17:52:43.500 UTC docker/supavisor[214]: [ERROR] pgbouncer: pool empty pool=primary role=app_user active=200 waiting=12 request_id=req-002110
2026-07-19 17:52:45.000 UTC app/api: INFO request_id=req-002111 method=GET path=/api/league/00000000-0000-4000-8000-000000007001/matchups status=200 duration_ms=65 league_size=10
2026-07-19 17:52:46.500 UTC app/api: INFO request_id=req-002112 method=GET path=/api/league/00000000-0000-4000-8000-000000007001/matchups status=200 duration_ms=66 league_size=10
2026-07-19 17:52:48.000 UTC app/api: INFO request_id=req-002113 method=GET path=/api/league/00000000-0000-4000-8000-000000007001/matchups status=200 duration_ms=67 league_size=16
2026-07-19 17:52:49.500 UTC app/api: INFO request_id=req-002114 method=GET path=/api/league/00000000-0000-4000-8000-000000007001/matchups status=200 duration_ms=68 league_size=10
2026-07-19 17:52:51.000 UTC app/api: INFO request_id=req-002115 method=GET path=/api/league/00000000-0000-4000-8000-000000007001/matchups status=200 duration_ms=69 league_size=10
2026-07-19 17:52:52.500 UTC app/api: INFO request_id=req-002116 method=GET path=/api/league/00000000-0000-4000-8000-000000007001/matchups status=200 duration_ms=70 league_size=10
2026-07-19 17:52:54.000 UTC app/api: INFO request_id=req-002117 method=GET path=/api/league/00000000-0000-4000-8000-000000007001/matchups status=200 duration_ms=71 league_size=16
2026-07-19 17:52:55.500 UTC app/api: INFO request_id=req-002118 method=GET path=/api/league/00000000-0000-4000-8000-000000007001/matchups status=200 duration_ms=72 league_size=10
2026-07-19 17:52:57.000 UTC app/api: INFO request_id=req-002119 method=GET path=/api/league/00000000-0000-4000-8000-000000007001/matchups status=200 duration_ms=73 league_size=10
2026-07-19 17:52:58.500 UTC app/api: INFO request_id=req-002120 method=GET path=/api/league/00000000-0000-4000-8000-000000007001/matchups status=200 duration_ms=74 league_size=10
2026-07-19 17:53:00.000 UTC docker/supavisor[214]: [WARNING] Supavisor: connection queue latency exceeding 2500ms queue_ms=2821 pool=primary request_id=req-002121
2026-07-19 17:53:01.500 UTC app/api: INFO request_id=req-002122 method=GET path=/api/league/00000000-0000-4000-8000-000000007001/matchups status=200 duration_ms=76 league_size=10
2026-07-19 17:53:03.000 UTC app/api: INFO request_id=req-002123 method=GET path=/api/league/00000000-0000-4000-8000-000000007001/matchups status=200 duration_ms=77 league_size=10
2026-07-19 17:53:04.500 UTC app/api: INFO request_id=req-002124 method=GET path=/api/league/00000000-0000-4000-8000-000000007001/matchups status=200 duration_ms=78 league_size=10
2026-07-19 17:53:06.000 UTC app/api: INFO request_id=req-002125 method=GET path=/api/league/00000000-0000-4000-8000-000000007001/matchups status=200 duration_ms=79 league_size=16
2026-07-19 17:53:07.500 UTC app/api: INFO request_id=req-002126 method=GET path=/api/league/00000000-0000-4000-8000-000000007001/matchups status=200 duration_ms=80 league_size=10
2026-07-19 17:53:09.000 UTC app/api: INFO request_id=req-002127 method=GET path=/api/league/00000000-0000-4000-8000-000000007001/matchups status=200 duration_ms=81 league_size=10
2026-07-19 17:53:10.500 UTC app/api: INFO request_id=req-002128 method=GET path=/api/league/00000000-0000-4000-8000-000000007001/matchups status=200 duration_ms=82 league_size=10
2026-07-19 17:53:12.000 UTC app/api: INFO request_id=req-002129 method=GET path=/api/league/00000000-0000-4000-8000-000000007001/matchups status=200 duration_ms=83 league_size=16
2026-07-19 17:53:13.500 UTC app/api: INFO request_id=req-002130 method=GET path=/api/league/00000000-0000-4000-8000-000000007001/matchups status=200 duration_ms=84 league_size=10
2026-07-19 17:53:15.000 UTC postgres[991]: LOG duration: 2630.421 ms execute monte_carlo: SELECT update_playoff_odds($1,$2,$3) league_size=10 request_id=req-002131
2026-07-19 17:53:16.500 UTC app/api: INFO request_id=req-002132 method=GET path=/api/league/00000000-0000-4000-8000-000000007001/matchups status=200 duration_ms=86 league_size=10
2026-07-19 17:53:18.000 UTC app/api: INFO request_id=req-002133 method=GET path=/api/league/00000000-0000-4000-8000-000000007001/matchups status=200 duration_ms=87 league_size=16
2026-07-19 17:53:19.500 UTC app/api: INFO request_id=req-002134 method=GET path=/api/league/00000000-0000-4000-8000-000000007001/matchups status=200 duration_ms=88 league_size=10
2026-07-19 17:53:21.000 UTC app/api: INFO request_id=req-002135 method=GET path=/api/league/00000000-0000-4000-8000-000000007001/matchups status=200 duration_ms=89 league_size=10
2026-07-19 17:53:22.500 UTC app/api: INFO request_id=req-002136 method=GET path=/api/league/00000000-0000-4000-8000-000000007001/matchups status=200 duration_ms=90 league_size=10
2026-07-19 17:53:24.000 UTC postgres[991]: LOG duration: 2836.087 ms execute tank01_ingest: INSERT INTO player_weekly_stats(player_id,season,week,stats) VALUES ($1,$2,$3,$4) league_size=16 request_id=req-002137
2026-07-19 17:53:25.500 UTC app/api: INFO request_id=req-002138 method=GET path=/api/league/00000000-0000-4000-8000-000000007001/matchups status=200 duration_ms=92 league_size=10
2026-07-19 17:53:27.000 UTC app/api: INFO request_id=req-002139 method=GET path=/api/league/00000000-0000-4000-8000-000000007001/matchups status=200 duration_ms=93 league_size=10
2026-07-19 17:53:28.500 UTC app/api: INFO request_id=req-002140 method=GET path=/api/league/00000000-0000-4000-8000-000000007001/matchups status=200 duration_ms=94 league_size=10
2026-07-19 17:53:30.000 UTC edge/scoring: HTTP/1.1 504 Gateway Timeout method=POST path=/api/scoring/league/00000000-0000-4000-8000-000000007001/correct-week upstream_timeout_ms=7140 request_id=req-002141
2026-07-19 17:53:31.500 UTC app/api: INFO request_id=req-002142 method=GET path=/api/league/00000000-0000-4000-8000-000000007001/matchups status=200 duration_ms=96 league_size=10
2026-07-19 17:53:33.000 UTC app/api: INFO request_id=req-002143 method=GET path=/api/league/00000000-0000-4000-8000-000000007001/matchups status=200 duration_ms=97 league_size=10
2026-07-19 17:53:34.500 UTC app/api: INFO request_id=req-002144 method=GET path=/api/league/00000000-0000-4000-8000-000000007001/matchups status=200 duration_ms=98 league_size=10
2026-07-19 17:53:36.000 UTC app/api: INFO request_id=req-002145 method=GET path=/api/league/00000000-0000-4000-8000-000000007001/matchups status=200 duration_ms=99 league_size=16
2026-07-19 17:53:37.500 UTC app/api: INFO request_id=req-002146 method=GET path=/api/league/00000000-0000-4000-8000-000000007001/matchups status=200 duration_ms=100 league_size=10
2026-07-19 17:53:39.000 UTC docker/supavisor[214]: [ERROR] pgbouncer: pool empty pool=primary role=app_user active=200 waiting=30 request_id=req-002147
2026-07-19 17:53:40.500 UTC app/api: INFO request_id=req-002148 method=GET path=/api/league/00000000-0000-4000-8000-000000007001/matchups status=200 duration_ms=102 league_size=10
2026-07-19 17:53:42.000 UTC app/api: INFO request_id=req-002149 method=GET path=/api/league/00000000-0000-4000-8000-000000007001/matchups status=200 duration_ms=103 league_size=16
2026-07-19 17:53:43.500 UTC app/api: INFO request_id=req-002150 method=GET path=/api/league/00000000-0000-4000-8000-000000007001/matchups status=200 duration_ms=104 league_size=10
2026-07-19 17:53:45.000 UTC app/api: INFO request_id=req-002151 method=GET path=/api/league/00000000-0000-4000-8000-000000007001/matchups status=200 duration_ms=105 league_size=10
2026-07-19 17:53:46.500 UTC app/api: INFO request_id=req-002152 method=GET path=/api/league/00000000-0000-4000-8000-000000007001/matchups status=200 duration_ms=106 league_size=10
2026-07-19 17:53:48.000 UTC app/api: INFO request_id=req-002153 method=GET path=/api/league/00000000-0000-4000-8000-000000007001/matchups status=200 duration_ms=107 league_size=16
2026-07-19 17:53:49.500 UTC app/api: INFO request_id=req-002154 method=GET path=/api/league/00000000-0000-4000-8000-000000007001/matchups status=200 duration_ms=108 league_size=10
2026-07-19 17:53:51.000 UTC app/api: INFO request_id=req-002155 method=GET path=/api/league/00000000-0000-4000-8000-000000007001/matchups status=200 duration_ms=109 league_size=10
2026-07-19 17:53:52.500 UTC app/api: INFO request_id=req-002156 method=GET path=/api/league/00000000-0000-4000-8000-000000007001/matchups status=200 duration_ms=110 league_size=10
2026-07-19 17:53:54.000 UTC app/api: INFO request_id=req-002157 method=GET path=/api/league/00000000-0000-4000-8000-000000007001/matchups status=200 duration_ms=111 league_size=16
2026-07-19 17:53:55.500 UTC app/api: INFO request_id=req-002158 method=GET path=/api/league/00000000-0000-4000-8000-000000007001/matchups status=200 duration_ms=112 league_size=10
2026-07-19 17:53:57.000 UTC app/api: INFO request_id=req-002159 method=GET path=/api/league/00000000-0000-4000-8000-000000007001/matchups status=200 duration_ms=113 league_size=10
2026-07-19 17:53:58.500 UTC app/api: INFO request_id=req-002160 method=GET path=/api/league/00000000-0000-4000-8000-000000007001/matchups status=200 duration_ms=114 league_size=10
2026-07-19 17:54:00.000 UTC app/api: INFO request_id=req-002161 method=GET path=/api/league/00000000-0000-4000-8000-000000007001/matchups status=200 duration_ms=115 league_size=16
2026-07-19 17:54:01.500 UTC app/api: INFO request_id=req-002162 method=GET path=/api/league/00000000-0000-4000-8000-000000007001/matchups status=200 duration_ms=116 league_size=10
2026-07-19 17:54:03.000 UTC app/api: INFO request_id=req-002163 method=GET path=/api/league/00000000-0000-4000-8000-000000007001/matchups status=200 duration_ms=117 league_size=10
2026-07-19 17:54:04.500 UTC app/api: INFO request_id=req-002164 method=GET path=/api/league/00000000-0000-4000-8000-000000007001/matchups status=200 duration_ms=118 league_size=10
2026-07-19 17:54:06.000 UTC app/api: INFO request_id=req-002165 method=GET path=/api/league/00000000-0000-4000-8000-000000007001/matchups status=200 duration_ms=119 league_size=16
2026-07-19 17:54:07.500 UTC app/api: INFO request_id=req-002166 method=GET path=/api/league/00000000-0000-4000-8000-000000007001/matchups status=200 duration_ms=120 league_size=10
2026-07-19 17:54:09.000 UTC app/api: INFO request_id=req-002167 method=GET path=/api/league/00000000-0000-4000-8000-000000007001/matchups status=200 duration_ms=121 league_size=10
2026-07-19 17:54:10.500 UTC app/api: INFO request_id=req-002168 method=GET path=/api/league/00000000-0000-4000-8000-000000007001/matchups status=200 duration_ms=122 league_size=10
2026-07-19 17:54:12.000 UTC app/api: INFO request_id=req-002169 method=GET path=/api/league/00000000-0000-4000-8000-000000007001/matchups status=200 duration_ms=123 league_size=16
2026-07-19 17:54:13.500 UTC app/api: INFO request_id=req-002170 method=GET path=/api/league/00000000-0000-4000-8000-000000007001/matchups status=200 duration_ms=124 league_size=10
2026-07-19 17:54:15.000 UTC app/api: INFO request_id=req-002171 method=GET path=/api/league/00000000-0000-4000-8000-000000007001/matchups status=200 duration_ms=125 league_size=10
2026-07-19 17:54:16.500 UTC app/api: INFO request_id=req-002172 method=GET path=/api/league/00000000-0000-4000-8000-000000007001/matchups status=200 duration_ms=126 league_size=10
2026-07-19 17:54:18.000 UTC app/api: INFO request_id=req-002173 method=GET path=/api/league/00000000-0000-4000-8000-000000007001/matchups status=200 duration_ms=127 league_size=16
2026-07-19 17:54:19.500 UTC docker/supavisor[214]: [WARNING] Supavisor: connection queue latency exceeding 2500ms queue_ms=2874 pool=primary request_id=req-002174
2026-07-19 17:54:21.000 UTC app/api: INFO request_id=req-002175 method=GET path=/api/league/00000000-0000-4000-8000-000000007001/matchups status=200 duration_ms=129 league_size=10
2026-07-19 17:54:22.500 UTC app/api: INFO request_id=req-002176 method=GET path=/api/league/00000000-0000-4000-8000-000000007001/matchups status=200 duration_ms=130 league_size=10
2026-07-19 17:54:24.000 UTC app/api: INFO request_id=req-002177 method=GET path=/api/league/00000000-0000-4000-8000-000000007001/matchups status=200 duration_ms=131 league_size=16
2026-07-19 17:54:25.500 UTC app/api: INFO request_id=req-002178 method=GET path=/api/league/00000000-0000-4000-8000-000000007001/matchups status=200 duration_ms=132 league_size=10
2026-07-19 17:54:27.000 UTC app/api: INFO request_id=req-002179 method=GET path=/api/league/00000000-0000-4000-8000-000000007001/matchups status=200 duration_ms=133 league_size=10
2026-07-19 17:54:28.500 UTC app/api: INFO request_id=req-002180 method=GET path=/api/league/00000000-0000-4000-8000-000000007001/matchups status=200 duration_ms=134 league_size=10
2026-07-19 17:54:30.000 UTC app/api: INFO request_id=req-002181 method=GET path=/api/league/00000000-0000-4000-8000-000000007001/matchups status=200 duration_ms=135 league_size=16
2026-07-19 17:54:31.500 UTC app/api: INFO request_id=req-002182 method=GET path=/api/league/00000000-0000-4000-8000-000000007001/matchups status=200 duration_ms=136 league_size=10
2026-07-19 17:54:33.000 UTC app/api: INFO request_id=req-002183 method=GET path=/api/league/00000000-0000-4000-8000-000000007001/matchups status=200 duration_ms=137 league_size=10
2026-07-19 17:54:34.500 UTC docker/supavisor[214]: [ERROR] pgbouncer: pool empty pool=primary role=app_user active=200 waiting=29 request_id=req-002184
2026-07-19 17:54:36.000 UTC app/api: INFO request_id=req-002185 method=GET path=/api/league/00000000-0000-4000-8000-000000007001/matchups status=200 duration_ms=139 league_size=16
2026-07-19 17:54:37.500 UTC app/api: INFO request_id=req-002186 method=GET path=/api/league/00000000-0000-4000-8000-000000007001/matchups status=200 duration_ms=140 league_size=10
2026-07-19 17:54:39.000 UTC app/api: INFO request_id=req-002187 method=GET path=/api/league/00000000-0000-4000-8000-000000007001/matchups status=200 duration_ms=141 league_size=10
2026-07-19 17:54:40.500 UTC app/api: INFO request_id=req-002188 method=GET path=/api/league/00000000-0000-4000-8000-000000007001/matchups status=200 duration_ms=142 league_size=10
2026-07-19 17:54:42.000 UTC app/api: INFO request_id=req-002189 method=GET path=/api/league/00000000-0000-4000-8000-000000007001/matchups status=200 duration_ms=143 league_size=16
2026-07-19 17:54:43.500 UTC app/api: INFO request_id=req-002190 method=GET path=/api/league/00000000-0000-4000-8000-000000007001/matchups status=200 duration_ms=144 league_size=10
2026-07-19 17:54:45.000 UTC app/api: INFO request_id=req-002191 method=GET path=/api/league/00000000-0000-4000-8000-000000007001/matchups status=200 duration_ms=145 league_size=10
2026-07-19 17:54:46.500 UTC app/api: INFO request_id=req-002192 method=GET path=/api/league/00000000-0000-4000-8000-000000007001/matchups status=200 duration_ms=146 league_size=10
2026-07-19 17:54:48.000 UTC app/api: INFO request_id=req-002193 method=GET path=/api/league/00000000-0000-4000-8000-000000007001/matchups status=200 duration_ms=147 league_size=16
2026-07-19 17:54:49.500 UTC app/api: INFO request_id=req-002194 method=GET path=/api/league/00000000-0000-4000-8000-000000007001/matchups status=200 duration_ms=148 league_size=10
2026-07-19 17:54:51.000 UTC app/api: INFO request_id=req-002195 method=GET path=/api/league/00000000-0000-4000-8000-000000007001/matchups status=200 duration_ms=149 league_size=10
2026-07-19 17:54:52.500 UTC app/api: INFO request_id=req-002196 method=GET path=/api/league/00000000-0000-4000-8000-000000007001/matchups status=200 duration_ms=150 league_size=10
2026-07-19 17:54:54.000 UTC app/api: INFO request_id=req-002197 method=GET path=/api/league/00000000-0000-4000-8000-000000007001/matchups status=200 duration_ms=151 league_size=16
2026-07-19 17:54:55.500 UTC app/api: INFO request_id=req-002198 method=GET path=/api/league/00000000-0000-4000-8000-000000007001/matchups status=200 duration_ms=152 league_size=10
2026-07-19 17:54:57.000 UTC app/api: INFO request_id=req-002199 method=GET path=/api/league/00000000-0000-4000-8000-000000007001/matchups status=200 duration_ms=153 league_size=10
2026-07-19 17:54:58.500 UTC app/api: INFO request_id=req-002200 method=GET path=/api/league/00000000-0000-4000-8000-000000007001/matchups status=200 duration_ms=154 league_size=10
2026-07-19 17:55:00.000 UTC app/api: INFO request_id=req-002201 method=GET path=/api/league/00000000-0000-4000-8000-000000007001/matchups status=200 duration_ms=155 league_size=16
2026-07-19 17:55:01.500 UTC postgres[991]: LOG duration: 2701.421 ms execute monte_carlo: SELECT update_playoff_odds($1,$2,$3) league_size=16 request_id=req-002202
2026-07-19 17:55:03.000 UTC app/api: INFO request_id=req-002203 method=GET path=/api/league/00000000-0000-4000-8000-000000007001/matchups status=200 duration_ms=157 league_size=10
2026-07-19 17:55:04.500 UTC app/api: INFO request_id=req-002204 method=GET path=/api/league/00000000-0000-4000-8000-000000007001/matchups status=200 duration_ms=158 league_size=10
2026-07-19 17:55:06.000 UTC app/api: INFO request_id=req-002205 method=GET path=/api/league/00000000-0000-4000-8000-000000007001/matchups status=200 duration_ms=159 league_size=16
2026-07-19 17:55:07.500 UTC app/api: INFO request_id=req-002206 method=GET path=/api/league/00000000-0000-4000-8000-000000007001/matchups status=200 duration_ms=160 league_size=10
2026-07-19 17:55:09.000 UTC app/api: INFO request_id=req-002207 method=GET path=/api/league/00000000-0000-4000-8000-000000007001/matchups status=200 duration_ms=161 league_size=10
2026-07-19 17:55:10.500 UTC app/api: INFO request_id=req-002208 method=GET path=/api/league/00000000-0000-4000-8000-000000007001/matchups status=200 duration_ms=162 league_size=10
2026-07-19 17:55:12.000 UTC app/api: INFO request_id=req-002209 method=GET path=/api/league/00000000-0000-4000-8000-000000007001/matchups status=200 duration_ms=163 league_size=16
2026-07-19 17:55:13.500 UTC app/api: INFO request_id=req-002210 method=GET path=/api/league/00000000-0000-4000-8000-000000007001/matchups status=200 duration_ms=164 league_size=10
2026-07-19 17:55:15.000 UTC app/api: INFO request_id=req-002211 method=GET path=/api/league/00000000-0000-4000-8000-000000007001/matchups status=200 duration_ms=165 league_size=10
2026-07-19 17:55:16.500 UTC app/api: INFO request_id=req-002212 method=GET path=/api/league/00000000-0000-4000-8000-000000007001/matchups status=200 duration_ms=166 league_size=10
2026-07-19 17:55:18.000 UTC app/api: INFO request_id=req-002213 method=GET path=/api/league/00000000-0000-4000-8000-000000007001/matchups status=200 duration_ms=167 league_size=16
2026-07-19 17:55:19.500 UTC app/api: INFO request_id=req-002214 method=GET path=/api/league/00000000-0000-4000-8000-000000007001/matchups status=200 duration_ms=168 league_size=10
2026-07-19 17:55:21.000 UTC app/api: INFO request_id=req-002215 method=GET path=/api/league/00000000-0000-4000-8000-000000007001/matchups status=200 duration_ms=169 league_size=10
2026-07-19 17:55:22.500 UTC app/api: INFO request_id=req-002216 method=GET path=/api/league/00000000-0000-4000-8000-000000007001/matchups status=200 duration_ms=170 league_size=10
2026-07-19 17:55:24.000 UTC app/api: INFO request_id=req-002217 method=GET path=/api/league/00000000-0000-4000-8000-000000007001/matchups status=200 duration_ms=171 league_size=16
2026-07-19 17:55:25.500 UTC app/api: INFO request_id=req-002218 method=GET path=/api/league/00000000-0000-4000-8000-000000007001/matchups status=200 duration_ms=172 league_size=10
2026-07-19 17:55:27.000 UTC app/api: INFO request_id=req-002219 method=GET path=/api/league/00000000-0000-4000-8000-000000007001/matchups status=200 duration_ms=173 league_size=10
2026-07-19 17:55:28.500 UTC app/api: INFO request_id=req-002220 method=GET path=/api/league/00000000-0000-4000-8000-000000007001/matchups status=200 duration_ms=174 league_size=10
2026-07-19 17:55:30.000 UTC docker/supavisor[214]: [ERROR] pgbouncer: pool empty pool=primary role=app_user active=200 waiting=28 request_id=req-002221
2026-07-19 17:55:31.500 UTC app/api: INFO request_id=req-002222 method=GET path=/api/league/00000000-0000-4000-8000-000000007001/matchups status=200 duration_ms=176 league_size=10
2026-07-19 17:55:33.000 UTC app/api: INFO request_id=req-002223 method=GET path=/api/league/00000000-0000-4000-8000-000000007001/matchups status=200 duration_ms=177 league_size=10
2026-07-19 17:55:34.500 UTC app/api: INFO request_id=req-002224 method=GET path=/api/league/00000000-0000-4000-8000-000000007001/matchups status=200 duration_ms=178 league_size=10
2026-07-19 17:55:36.000 UTC app/api: INFO request_id=req-002225 method=GET path=/api/league/00000000-0000-4000-8000-000000007001/matchups status=200 duration_ms=179 league_size=16
2026-07-19 17:55:37.500 UTC postgres[991]: LOG duration: 2925.087 ms execute tank01_ingest: INSERT INTO player_weekly_stats(player_id,season,week,stats) VALUES ($1,$2,$3,$4) league_size=10 request_id=req-002226
2026-07-19 17:55:39.000 UTC docker/supavisor[214]: [WARNING] Supavisor: connection queue latency exceeding 2500ms queue_ms=2927 pool=primary request_id=req-002227
2026-07-19 17:55:40.500 UTC realtime/draft: [WebSocket] Connection dropped on channel: league_draft_board:00000000-0000-4000-8000-000000007001 due to server backpressure client=vu-28 propagation_ms=1727 request_id=req-002228
2026-07-19 17:55:42.000 UTC app/api: INFO request_id=req-002229 method=GET path=/api/league/00000000-0000-4000-8000-000000007001/matchups status=200 duration_ms=183 league_size=16
2026-07-19 17:55:43.500 UTC app/api: INFO request_id=req-002230 method=GET path=/api/league/00000000-0000-4000-8000-000000007001/matchups status=200 duration_ms=184 league_size=10
2026-07-19 17:55:45.000 UTC app/api: INFO request_id=req-002231 method=GET path=/api/league/00000000-0000-4000-8000-000000007001/matchups status=200 duration_ms=185 league_size=10
2026-07-19 17:55:46.500 UTC app/api: INFO request_id=req-002232 method=GET path=/api/league/00000000-0000-4000-8000-000000007001/matchups status=200 duration_ms=186 league_size=10
2026-07-19 17:55:48.000 UTC app/api: INFO request_id=req-002233 method=GET path=/api/league/00000000-0000-4000-8000-000000007001/matchups status=200 duration_ms=187 league_size=16
2026-07-19 17:55:49.500 UTC app/api: INFO request_id=req-002234 method=GET path=/api/league/00000000-0000-4000-8000-000000007001/matchups status=200 duration_ms=188 league_size=10
2026-07-19 17:55:51.000 UTC app/api: INFO request_id=req-002235 method=GET path=/api/league/00000000-0000-4000-8000-000000007001/matchups status=200 duration_ms=189 league_size=10
2026-07-19 17:55:52.500 UTC edge/scoring: HTTP/1.1 200 OK method=GET path=/api/matchups/league/00000000-0000-4000-8000-000000007001 duration_ms=215 request_id=req-002236
2026-07-19 17:55:54.000 UTC app/api: INFO request_id=req-002237 method=GET path=/api/league/00000000-0000-4000-8000-000000007001/matchups status=200 duration_ms=191 league_size=16
2026-07-19 17:55:55.500 UTC app/api: INFO request_id=req-002238 method=GET path=/api/league/00000000-0000-4000-8000-000000007001/matchups status=200 duration_ms=192 league_size=10
2026-07-19 17:55:57.000 UTC app/api: INFO request_id=req-002239 method=GET path=/api/league/00000000-0000-4000-8000-000000007001/matchups status=200 duration_ms=193 league_size=10
2026-07-19 17:55:58.500 UTC app/api: INFO request_id=req-002240 method=GET path=/api/league/00000000-0000-4000-8000-000000007001/matchups status=200 duration_ms=194 league_size=10
2026-07-19 17:56:00.000 UTC app/api: INFO request_id=req-002241 method=GET path=/api/league/00000000-0000-4000-8000-000000007001/matchups status=200 duration_ms=35 league_size=16
2026-07-19 17:56:01.500 UTC app/api: INFO request_id=req-002242 method=GET path=/api/league/00000000-0000-4000-8000-000000007001/matchups status=200 duration_ms=36 league_size=10
2026-07-19 17:56:03.000 UTC app/api: INFO request_id=req-002243 method=GET path=/api/league/00000000-0000-4000-8000-000000007001/matchups status=200 duration_ms=37 league_size=10
2026-07-19 17:56:04.500 UTC app/api: INFO request_id=req-002244 method=GET path=/api/league/00000000-0000-4000-8000-000000007001/matchups status=200 duration_ms=38 league_size=10
2026-07-19 17:56:06.000 UTC app/api: INFO request_id=req-002245 method=GET path=/api/league/00000000-0000-4000-8000-000000007001/matchups status=200 duration_ms=39 league_size=16
2026-07-19 17:56:07.500 UTC app/api: INFO request_id=req-002246 method=GET path=/api/league/00000000-0000-4000-8000-000000007001/matchups status=200 duration_ms=40 league_size=10
2026-07-19 17:56:09.000 UTC app/api: INFO request_id=req-002247 method=GET path=/api/league/00000000-0000-4000-8000-000000007001/matchups status=200 duration_ms=41 league_size=10
2026-07-19 17:56:10.500 UTC edge/scoring: HTTP/1.1 504 Gateway Timeout method=POST path=/api/scoring/league/00000000-0000-4000-8000-000000007001/correct-week upstream_timeout_ms=7247 request_id=req-002248
2026-07-19 17:56:12.000 UTC app/api: INFO request_id=req-002249 method=GET path=/api/league/00000000-0000-4000-8000-000000007001/matchups status=200 duration_ms=43 league_size=16
2026-07-19 17:56:13.500 UTC app/api: INFO request_id=req-002250 method=GET path=/api/league/00000000-0000-4000-8000-000000007001/matchups status=200 duration_ms=44 league_size=10
2026-07-19 17:56:15.000 UTC app/api: INFO request_id=req-002251 method=GET path=/api/league/00000000-0000-4000-8000-000000007001/matchups status=200 duration_ms=45 league_size=10
2026-07-19 17:56:16.500 UTC app/api: INFO request_id=req-002252 method=GET path=/api/league/00000000-0000-4000-8000-000000007001/matchups status=200 duration_ms=46 league_size=10
2026-07-19 17:56:18.000 UTC app/api: INFO request_id=req-002253 method=GET path=/api/league/00000000-0000-4000-8000-000000007001/matchups status=200 duration_ms=47 league_size=16
2026-07-19 17:56:19.500 UTC app/api: INFO request_id=req-002254 method=GET path=/api/league/00000000-0000-4000-8000-000000007001/matchups status=200 duration_ms=48 league_size=10
2026-07-19 17:56:21.000 UTC app/api: INFO request_id=req-002255 method=GET path=/api/league/00000000-0000-4000-8000-000000007001/matchups status=200 duration_ms=49 league_size=10
2026-07-19 17:56:22.500 UTC app/api: INFO request_id=req-002256 method=GET path=/api/league/00000000-0000-4000-8000-000000007001/matchups status=200 duration_ms=50 league_size=10
2026-07-19 17:56:24.000 UTC app/api: INFO request_id=req-002257 method=GET path=/api/league/00000000-0000-4000-8000-000000007001/matchups status=200 duration_ms=51 league_size=16
2026-07-19 17:56:25.500 UTC docker/supavisor[214]: [ERROR] pgbouncer: pool empty pool=primary role=app_user active=200 waiting=27 request_id=req-002258
2026-07-19 17:56:27.000 UTC app/api: INFO request_id=req-002259 method=GET path=/api/league/00000000-0000-4000-8000-000000007001/matchups status=200 duration_ms=53 league_size=10
2026-07-19 17:56:28.500 UTC app/api: INFO request_id=req-002260 method=GET path=/api/league/00000000-0000-4000-8000-000000007001/matchups status=200 duration_ms=54 league_size=10
2026-07-19 17:56:30.000 UTC app/api: INFO request_id=req-002261 method=GET path=/api/league/00000000-0000-4000-8000-000000007001/matchups status=200 duration_ms=55 league_size=16
2026-07-19 17:56:31.500 UTC app/api: INFO request_id=req-002262 method=GET path=/api/league/00000000-0000-4000-8000-000000007001/matchups status=200 duration_ms=56 league_size=10
2026-07-19 17:56:33.000 UTC app/api: INFO request_id=req-002263 method=GET path=/api/league/00000000-0000-4000-8000-000000007001/matchups status=200 duration_ms=57 league_size=10
2026-07-19 17:56:34.500 UTC app/api: INFO request_id=req-002264 method=GET path=/api/league/00000000-0000-4000-8000-000000007001/matchups status=200 duration_ms=58 league_size=10
2026-07-19 17:56:36.000 UTC app/api: INFO request_id=req-002265 method=GET path=/api/league/00000000-0000-4000-8000-000000007001/matchups status=200 duration_ms=59 league_size=16
2026-07-19 17:56:37.500 UTC app/api: INFO request_id=req-002266 method=GET path=/api/league/00000000-0000-4000-8000-000000007001/matchups status=200 duration_ms=60 league_size=10
2026-07-19 17:56:39.000 UTC app/api: INFO request_id=req-002267 method=GET path=/api/league/00000000-0000-4000-8000-000000007001/matchups status=200 duration_ms=61 league_size=10
2026-07-19 17:56:40.500 UTC app/api: INFO request_id=req-002268 method=GET path=/api/league/00000000-0000-4000-8000-000000007001/matchups status=200 duration_ms=62 league_size=10
2026-07-19 17:56:42.000 UTC app/api: INFO request_id=req-002269 method=GET path=/api/league/00000000-0000-4000-8000-000000007001/matchups status=200 duration_ms=63 league_size=16
2026-07-19 17:56:43.500 UTC app/api: INFO request_id=req-002270 method=GET path=/api/league/00000000-0000-4000-8000-000000007001/matchups status=200 duration_ms=64 league_size=10
2026-07-19 17:56:45.000 UTC app/api: INFO request_id=req-002271 method=GET path=/api/league/00000000-0000-4000-8000-000000007001/matchups status=200 duration_ms=65 league_size=10
2026-07-19 17:56:46.500 UTC app/api: INFO request_id=req-002272 method=GET path=/api/league/00000000-0000-4000-8000-000000007001/matchups status=200 duration_ms=66 league_size=10
2026-07-19 17:56:48.000 UTC postgres[991]: LOG duration: 2772.421 ms execute monte_carlo: SELECT update_playoff_odds($1,$2,$3) league_size=10 request_id=req-002273
2026-07-19 17:56:49.500 UTC app/api: INFO request_id=req-002274 method=GET path=/api/league/00000000-0000-4000-8000-000000007001/matchups status=200 duration_ms=68 league_size=10
2026-07-19 17:56:51.000 UTC app/api: INFO request_id=req-002275 method=GET path=/api/league/00000000-0000-4000-8000-000000007001/matchups status=200 duration_ms=69 league_size=10
2026-07-19 17:56:52.500 UTC app/api: INFO request_id=req-002276 method=GET path=/api/league/00000000-0000-4000-8000-000000007001/matchups status=200 duration_ms=70 league_size=10
2026-07-19 17:56:54.000 UTC app/api: INFO request_id=req-002277 method=GET path=/api/league/00000000-0000-4000-8000-000000007001/matchups status=200 duration_ms=71 league_size=16
2026-07-19 17:56:55.500 UTC app/api: INFO request_id=req-002278 method=GET path=/api/league/00000000-0000-4000-8000-000000007001/matchups status=200 duration_ms=72 league_size=10
2026-07-19 17:56:57.000 UTC app/api: INFO request_id=req-002279 method=GET path=/api/league/00000000-0000-4000-8000-000000007001/matchups status=200 duration_ms=73 league_size=10
2026-07-19 17:56:58.500 UTC docker/supavisor[214]: [WARNING] Supavisor: connection queue latency exceeding 2500ms queue_ms=2980 pool=primary request_id=req-002280
2026-07-19 17:57:00.000 UTC app/api: INFO request_id=req-002281 method=GET path=/api/league/00000000-0000-4000-8000-000000007001/matchups status=200 duration_ms=75 league_size=16
2026-07-19 17:57:01.500 UTC app/api: INFO request_id=req-002282 method=GET path=/api/league/00000000-0000-4000-8000-000000007001/matchups status=200 duration_ms=76 league_size=10
2026-07-19 17:57:03.000 UTC app/api: INFO request_id=req-002283 method=GET path=/api/league/00000000-0000-4000-8000-000000007001/matchups status=200 duration_ms=77 league_size=10
2026-07-19 17:57:04.500 UTC app/api: INFO request_id=req-002284 method=GET path=/api/league/00000000-0000-4000-8000-000000007001/matchups status=200 duration_ms=78 league_size=10
2026-07-19 17:57:06.000 UTC app/api: INFO request_id=req-002285 method=GET path=/api/league/00000000-0000-4000-8000-000000007001/matchups status=200 duration_ms=79 league_size=16
2026-07-19 17:57:07.500 UTC app/api: INFO request_id=req-002286 method=GET path=/api/league/00000000-0000-4000-8000-000000007001/matchups status=200 duration_ms=80 league_size=10
2026-07-19 17:57:09.000 UTC app/api: INFO request_id=req-002287 method=GET path=/api/league/00000000-0000-4000-8000-000000007001/matchups status=200 duration_ms=81 league_size=10
2026-07-19 17:57:10.500 UTC app/api: INFO request_id=req-002288 method=GET path=/api/league/00000000-0000-4000-8000-000000007001/matchups status=200 duration_ms=82 league_size=10
2026-07-19 17:57:12.000 UTC app/api: INFO request_id=req-002289 method=GET path=/api/league/00000000-0000-4000-8000-000000007001/matchups status=200 duration_ms=83 league_size=16
2026-07-19 17:57:13.500 UTC app/api: INFO request_id=req-002290 method=GET path=/api/league/00000000-0000-4000-8000-000000007001/matchups status=200 duration_ms=84 league_size=10
2026-07-19 17:57:15.000 UTC app/api: INFO request_id=req-002291 method=GET path=/api/league/00000000-0000-4000-8000-000000007001/matchups status=200 duration_ms=85 league_size=10
2026-07-19 17:57:16.500 UTC app/api: INFO request_id=req-002292 method=GET path=/api/league/00000000-0000-4000-8000-000000007001/matchups status=200 duration_ms=86 league_size=10
2026-07-19 17:57:18.000 UTC app/api: INFO request_id=req-002293 method=GET path=/api/league/00000000-0000-4000-8000-000000007001/matchups status=200 duration_ms=87 league_size=16
2026-07-19 17:57:19.500 UTC app/api: INFO request_id=req-002294 method=GET path=/api/league/00000000-0000-4000-8000-000000007001/matchups status=200 duration_ms=88 league_size=10
2026-07-19 17:57:21.000 UTC docker/supavisor[214]: [ERROR] pgbouncer: pool empty pool=primary role=app_user active=200 waiting=26 request_id=req-002295
2026-07-19 17:57:22.500 UTC app/api: INFO request_id=req-002296 method=GET path=/api/league/00000000-0000-4000-8000-000000007001/matchups status=200 duration_ms=90 league_size=10
2026-07-19 17:57:24.000 UTC app/api: INFO request_id=req-002297 method=GET path=/api/league/00000000-0000-4000-8000-000000007001/matchups status=200 duration_ms=91 league_size=16
2026-07-19 17:57:25.500 UTC app/api: INFO request_id=req-002298 method=GET path=/api/league/00000000-0000-4000-8000-000000007001/matchups status=200 duration_ms=92 league_size=10
2026-07-19 17:57:27.000 UTC app/api: INFO request_id=req-002299 method=GET path=/api/league/00000000-0000-4000-8000-000000007001/matchups status=200 duration_ms=93 league_size=10
2026-07-19 17:57:28.500 UTC app/api: INFO request_id=req-002300 method=GET path=/api/league/00000000-0000-4000-8000-000000007001/matchups status=200 duration_ms=94 league_size=10
2026-07-19 17:57:30.000 UTC app/api: INFO request_id=req-002301 method=GET path=/api/league/00000000-0000-4000-8000-000000007001/matchups status=200 duration_ms=95 league_size=16
2026-07-19 17:57:31.500 UTC app/api: INFO request_id=req-002302 method=GET path=/api/league/00000000-0000-4000-8000-000000007001/matchups status=200 duration_ms=96 league_size=10
2026-07-19 17:57:33.000 UTC app/api: INFO request_id=req-002303 method=GET path=/api/league/00000000-0000-4000-8000-000000007001/matchups status=200 duration_ms=97 league_size=10
2026-07-19 17:57:34.500 UTC app/api: INFO request_id=req-002304 method=GET path=/api/league/00000000-0000-4000-8000-000000007001/matchups status=200 duration_ms=98 league_size=10
2026-07-19 17:57:36.000 UTC app/api: INFO request_id=req-002305 method=GET path=/api/league/00000000-0000-4000-8000-000000007001/matchups status=200 duration_ms=99 league_size=16
2026-07-19 17:57:37.500 UTC app/api: INFO request_id=req-002306 method=GET path=/api/league/00000000-0000-4000-8000-000000007001/matchups status=200 duration_ms=100 league_size=10
2026-07-19 17:57:39.000 UTC app/api: INFO request_id=req-002307 method=GET path=/api/league/00000000-0000-4000-8000-000000007001/matchups status=200 duration_ms=101 league_size=10
2026-07-19 17:57:40.500 UTC app/api: INFO request_id=req-002308 method=GET path=/api/league/00000000-0000-4000-8000-000000007001/matchups status=200 duration_ms=102 league_size=10
2026-07-19 17:57:42.000 UTC app/api: INFO request_id=req-002309 method=GET path=/api/league/00000000-0000-4000-8000-000000007001/matchups status=200 duration_ms=103 league_size=16
2026-07-19 17:57:43.500 UTC app/api: INFO request_id=req-002310 method=GET path=/api/league/00000000-0000-4000-8000-000000007001/matchups status=200 duration_ms=104 league_size=10
2026-07-19 17:57:45.000 UTC app/api: INFO request_id=req-002311 method=GET path=/api/league/00000000-0000-4000-8000-000000007001/matchups status=200 duration_ms=105 league_size=10
2026-07-19 17:57:46.500 UTC app/api: INFO request_id=req-002312 method=GET path=/api/league/00000000-0000-4000-8000-000000007001/matchups status=200 duration_ms=106 league_size=10
2026-07-19 17:57:48.000 UTC app/api: INFO request_id=req-002313 method=GET path=/api/league/00000000-0000-4000-8000-000000007001/matchups status=200 duration_ms=107 league_size=16
2026-07-19 17:57:49.500 UTC app/api: INFO request_id=req-002314 method=GET path=/api/league/00000000-0000-4000-8000-000000007001/matchups status=200 duration_ms=108 league_size=10
2026-07-19 17:57:51.000 UTC postgres[991]: LOG duration: 3014.087 ms execute tank01_ingest: INSERT INTO player_weekly_stats(player_id,season,week,stats) VALUES ($1,$2,$3,$4) league_size=10 request_id=req-002315
2026-07-19 17:57:52.500 UTC app/api: INFO request_id=req-002316 method=GET path=/api/league/00000000-0000-4000-8000-000000007001/matchups status=200 duration_ms=110 league_size=10
2026-07-19 17:57:54.000 UTC app/api: INFO request_id=req-002317 method=GET path=/api/league/00000000-0000-4000-8000-000000007001/matchups status=200 duration_ms=111 league_size=16
2026-07-19 17:57:55.500 UTC app/api: INFO request_id=req-002318 method=GET path=/api/league/00000000-0000-4000-8000-000000007001/matchups status=200 duration_ms=112 league_size=10
2026-07-19 17:57:57.000 UTC app/api: INFO request_id=req-002319 method=GET path=/api/league/00000000-0000-4000-8000-000000007001/matchups status=200 duration_ms=113 league_size=10
2026-07-19 17:57:58.500 UTC app/api: INFO request_id=req-002320 method=GET path=/api/league/00000000-0000-4000-8000-000000007001/matchups status=200 duration_ms=114 league_size=10
2026-07-19 17:58:00.000 UTC app/api: INFO request_id=req-002321 method=GET path=/api/league/00000000-0000-4000-8000-000000007001/matchups status=200 duration_ms=115 league_size=16
2026-07-19 17:58:01.500 UTC app/api: INFO request_id=req-002322 method=GET path=/api/league/00000000-0000-4000-8000-000000007001/matchups status=200 duration_ms=116 league_size=10
2026-07-19 17:58:03.000 UTC app/api: INFO request_id=req-002323 method=GET path=/api/league/00000000-0000-4000-8000-000000007001/matchups status=200 duration_ms=117 league_size=10
2026-07-19 17:58:04.500 UTC app/api: INFO request_id=req-002324 method=GET path=/api/league/00000000-0000-4000-8000-000000007001/matchups status=200 duration_ms=118 league_size=10
2026-07-19 17:58:06.000 UTC app/api: INFO request_id=req-002325 method=GET path=/api/league/00000000-0000-4000-8000-000000007001/matchups status=200 duration_ms=119 league_size=16
2026-07-19 17:58:07.500 UTC app/api: INFO request_id=req-002326 method=GET path=/api/league/00000000-0000-4000-8000-000000007001/matchups status=200 duration_ms=120 league_size=10
2026-07-19 17:58:09.000 UTC app/api: INFO request_id=req-002327 method=GET path=/api/league/00000000-0000-4000-8000-000000007001/matchups status=200 duration_ms=121 league_size=10
2026-07-19 17:58:10.500 UTC app/api: INFO request_id=req-002328 method=GET path=/api/league/00000000-0000-4000-8000-000000007001/matchups status=200 duration_ms=122 league_size=10
2026-07-19 17:58:12.000 UTC app/api: INFO request_id=req-002329 method=GET path=/api/league/00000000-0000-4000-8000-000000007001/matchups status=200 duration_ms=123 league_size=16
2026-07-19 17:58:13.500 UTC app/api: INFO request_id=req-002330 method=GET path=/api/league/00000000-0000-4000-8000-000000007001/matchups status=200 duration_ms=124 league_size=10
2026-07-19 17:58:15.000 UTC app/api: INFO request_id=req-002331 method=GET path=/api/league/00000000-0000-4000-8000-000000007001/matchups status=200 duration_ms=125 league_size=10
2026-07-19 17:58:16.500 UTC docker/supavisor[214]: [ERROR] pgbouncer: pool empty pool=primary role=app_user active=200 waiting=25 request_id=req-002332
2026-07-19 17:58:18.000 UTC docker/supavisor[214]: [WARNING] Supavisor: connection queue latency exceeding 2500ms queue_ms=3033 pool=primary request_id=req-002333
2026-07-19 17:58:19.500 UTC app/api: INFO request_id=req-002334 method=GET path=/api/league/00000000-0000-4000-8000-000000007001/matchups status=200 duration_ms=128 league_size=10
2026-07-19 17:58:21.000 UTC app/api: INFO request_id=req-002335 method=GET path=/api/league/00000000-0000-4000-8000-000000007001/matchups status=200 duration_ms=129 league_size=10
2026-07-19 17:58:22.500 UTC app/api: INFO request_id=req-002336 method=GET path=/api/league/00000000-0000-4000-8000-000000007001/matchups status=200 duration_ms=130 league_size=10
2026-07-19 17:58:24.000 UTC app/api: INFO request_id=req-002337 method=GET path=/api/league/00000000-0000-4000-8000-000000007001/matchups status=200 duration_ms=131 league_size=16
2026-07-19 17:58:25.500 UTC app/api: INFO request_id=req-002338 method=GET path=/api/league/00000000-0000-4000-8000-000000007001/matchups status=200 duration_ms=132 league_size=10
2026-07-19 17:58:27.000 UTC app/api: INFO request_id=req-002339 method=GET path=/api/league/00000000-0000-4000-8000-000000007001/matchups status=200 duration_ms=133 league_size=10
2026-07-19 17:58:28.500 UTC app/api: INFO request_id=req-002340 method=GET path=/api/league/00000000-0000-4000-8000-000000007001/matchups status=200 duration_ms=134 league_size=10
2026-07-19 17:58:30.000 UTC app/api: INFO request_id=req-002341 method=GET path=/api/league/00000000-0000-4000-8000-000000007001/matchups status=200 duration_ms=135 league_size=16
2026-07-19 17:58:31.500 UTC app/api: INFO request_id=req-002342 method=GET path=/api/league/00000000-0000-4000-8000-000000007001/matchups status=200 duration_ms=136 league_size=10
2026-07-19 17:58:33.000 UTC app/api: INFO request_id=req-002343 method=GET path=/api/league/00000000-0000-4000-8000-000000007001/matchups status=200 duration_ms=137 league_size=10
2026-07-19 17:58:34.500 UTC postgres[991]: LOG duration: 2843.421 ms execute monte_carlo: SELECT update_playoff_odds($1,$2,$3) league_size=16 request_id=req-002344
2026-07-19 17:58:36.000 UTC app/api: INFO request_id=req-002345 method=GET path=/api/league/00000000-0000-4000-8000-000000007001/matchups status=200 duration_ms=139 league_size=16
2026-07-19 17:58:37.500 UTC app/api: INFO request_id=req-002346 method=GET path=/api/league/00000000-0000-4000-8000-000000007001/matchups status=200 duration_ms=140 league_size=10
2026-07-19 17:58:39.000 UTC app/api: INFO request_id=req-002347 method=GET path=/api/league/00000000-0000-4000-8000-000000007001/matchups status=200 duration_ms=141 league_size=10
2026-07-19 17:58:40.500 UTC app/api: INFO request_id=req-002348 method=GET path=/api/league/00000000-0000-4000-8000-000000007001/matchups status=200 duration_ms=142 league_size=10
2026-07-19 17:58:42.000 UTC app/api: INFO request_id=req-002349 method=GET path=/api/league/00000000-0000-4000-8000-000000007001/matchups status=200 duration_ms=143 league_size=16
2026-07-19 17:58:43.500 UTC app/api: INFO request_id=req-002350 method=GET path=/api/league/00000000-0000-4000-8000-000000007001/matchups status=200 duration_ms=144 league_size=10
2026-07-19 17:58:45.000 UTC app/api: INFO request_id=req-002351 method=GET path=/api/league/00000000-0000-4000-8000-000000007001/matchups status=200 duration_ms=145 league_size=10
2026-07-19 17:58:46.500 UTC app/api: INFO request_id=req-002352 method=GET path=/api/league/00000000-0000-4000-8000-000000007001/matchups status=200 duration_ms=146 league_size=10
2026-07-19 17:58:48.000 UTC app/api: INFO request_id=req-002353 method=GET path=/api/league/00000000-0000-4000-8000-000000007001/matchups status=200 duration_ms=147 league_size=16
2026-07-19 17:58:49.500 UTC app/api: INFO request_id=req-002354 method=GET path=/api/league/00000000-0000-4000-8000-000000007001/matchups status=200 duration_ms=148 league_size=10
2026-07-19 17:58:51.000 UTC edge/scoring: HTTP/1.1 504 Gateway Timeout method=POST path=/api/scoring/league/00000000-0000-4000-8000-000000007001/correct-week upstream_timeout_ms=7354 request_id=req-002355
2026-07-19 17:58:52.500 UTC app/api: INFO request_id=req-002356 method=GET path=/api/league/00000000-0000-4000-8000-000000007001/matchups status=200 duration_ms=150 league_size=10
2026-07-19 17:58:54.000 UTC app/api: INFO request_id=req-002357 method=GET path=/api/league/00000000-0000-4000-8000-000000007001/matchups status=200 duration_ms=151 league_size=16
2026-07-19 17:58:55.500 UTC app/api: INFO request_id=req-002358 method=GET path=/api/league/00000000-0000-4000-8000-000000007001/matchups status=200 duration_ms=152 league_size=10
2026-07-19 17:58:57.000 UTC realtime/draft: [WebSocket] Connection dropped on channel: league_draft_board:00000000-0000-4000-8000-000000007001 due to server backpressure client=vu-59 propagation_ms=1858 request_id=req-002359
2026-07-19 17:58:58.500 UTC app/api: INFO request_id=req-002360 method=GET path=/api/league/00000000-0000-4000-8000-000000007001/matchups status=200 duration_ms=154 league_size=10
2026-07-19 17:59:00.000 UTC app/api: INFO request_id=req-002361 method=GET path=/api/league/00000000-0000-4000-8000-000000007001/matchups status=200 duration_ms=155 league_size=16
2026-07-19 17:59:01.500 UTC app/api: INFO request_id=req-002362 method=GET path=/api/league/00000000-0000-4000-8000-000000007001/matchups status=200 duration_ms=156 league_size=10
2026-07-19 17:59:03.000 UTC app/api: INFO request_id=req-002363 method=GET path=/api/league/00000000-0000-4000-8000-000000007001/matchups status=200 duration_ms=157 league_size=10
2026-07-19 17:59:04.500 UTC app/api: INFO request_id=req-002364 method=GET path=/api/league/00000000-0000-4000-8000-000000007001/matchups status=200 duration_ms=158 league_size=10
2026-07-19 17:59:06.000 UTC app/api: INFO request_id=req-002365 method=GET path=/api/league/00000000-0000-4000-8000-000000007001/matchups status=200 duration_ms=159 league_size=16
2026-07-19 17:59:07.500 UTC app/api: INFO request_id=req-002366 method=GET path=/api/league/00000000-0000-4000-8000-000000007001/matchups status=200 duration_ms=160 league_size=10
2026-07-19 17:59:09.000 UTC app/api: INFO request_id=req-002367 method=GET path=/api/league/00000000-0000-4000-8000-000000007001/matchups status=200 duration_ms=161 league_size=10
2026-07-19 17:59:10.500 UTC app/api: INFO request_id=req-002368 method=GET path=/api/league/00000000-0000-4000-8000-000000007001/matchups status=200 duration_ms=162 league_size=10
2026-07-19 17:59:12.000 UTC docker/supavisor[214]: [ERROR] pgbouncer: pool empty pool=primary role=app_user active=200 waiting=24 request_id=req-002369
2026-07-19 17:59:13.500 UTC app/api: INFO request_id=req-002370 method=GET path=/api/league/00000000-0000-4000-8000-000000007001/matchups status=200 duration_ms=164 league_size=10
2026-07-19 17:59:15.000 UTC app/api: INFO request_id=req-002371 method=GET path=/api/league/00000000-0000-4000-8000-000000007001/matchups status=200 duration_ms=165 league_size=10
2026-07-19 17:59:16.500 UTC app/api: INFO request_id=req-002372 method=GET path=/api/league/00000000-0000-4000-8000-000000007001/matchups status=200 duration_ms=166 league_size=10
2026-07-19 17:59:18.000 UTC app/api: INFO request_id=req-002373 method=GET path=/api/league/00000000-0000-4000-8000-000000007001/matchups status=200 duration_ms=167 league_size=16
2026-07-19 17:59:19.500 UTC app/api: INFO request_id=req-002374 method=GET path=/api/league/00000000-0000-4000-8000-000000007001/matchups status=200 duration_ms=168 league_size=10
2026-07-19 17:59:21.000 UTC app/api: INFO request_id=req-002375 method=GET path=/api/league/00000000-0000-4000-8000-000000007001/matchups status=200 duration_ms=169 league_size=10
2026-07-19 17:59:22.500 UTC app/api: INFO request_id=req-002376 method=GET path=/api/league/00000000-0000-4000-8000-000000007001/matchups status=200 duration_ms=170 league_size=10
2026-07-19 17:59:24.000 UTC app/api: INFO request_id=req-002377 method=GET path=/api/league/00000000-0000-4000-8000-000000007001/matchups status=200 duration_ms=171 league_size=16
2026-07-19 17:59:25.500 UTC app/api: INFO request_id=req-002378 method=GET path=/api/league/00000000-0000-4000-8000-000000007001/matchups status=200 duration_ms=172 league_size=10
2026-07-19 17:59:27.000 UTC app/api: INFO request_id=req-002379 method=GET path=/api/league/00000000-0000-4000-8000-000000007001/matchups status=200 duration_ms=173 league_size=10
2026-07-19 17:59:28.500 UTC app/api: INFO request_id=req-002380 method=GET path=/api/league/00000000-0000-4000-8000-000000007001/matchups status=200 duration_ms=174 league_size=10
2026-07-19 17:59:30.000 UTC app/api: INFO request_id=req-002381 method=GET path=/api/league/00000000-0000-4000-8000-000000007001/matchups status=200 duration_ms=175 league_size=16
2026-07-19 17:59:31.500 UTC app/api: INFO request_id=req-002382 method=GET path=/api/league/00000000-0000-4000-8000-000000007001/matchups status=200 duration_ms=176 league_size=10
2026-07-19 17:59:33.000 UTC app/api: INFO request_id=req-002383 method=GET path=/api/league/00000000-0000-4000-8000-000000007001/matchups status=200 duration_ms=177 league_size=10
2026-07-19 17:59:34.500 UTC app/api: INFO request_id=req-002384 method=GET path=/api/league/00000000-0000-4000-8000-000000007001/matchups status=200 duration_ms=178 league_size=10
2026-07-19 17:59:36.000 UTC edge/scoring: HTTP/1.1 200 OK method=GET path=/api/matchups/league/00000000-0000-4000-8000-000000007001 duration_ms=84 request_id=req-002385
2026-07-19 17:59:37.500 UTC docker/supavisor[214]: [WARNING] Supavisor: connection queue latency exceeding 2500ms queue_ms=3086 pool=primary request_id=req-002386
2026-07-19 17:59:39.000 UTC app/api: INFO request_id=req-002387 method=GET path=/api/league/00000000-0000-4000-8000-000000007001/matchups status=200 duration_ms=181 league_size=10
2026-07-19 17:59:40.500 UTC app/api: INFO request_id=req-002388 method=GET path=/api/league/00000000-0000-4000-8000-000000007001/matchups status=200 duration_ms=182 league_size=10
2026-07-19 17:59:42.000 UTC app/api: INFO request_id=req-002389 method=GET path=/api/league/00000000-0000-4000-8000-000000007001/matchups status=200 duration_ms=183 league_size=16
2026-07-19 17:59:43.500 UTC app/api: INFO request_id=req-002390 method=GET path=/api/league/00000000-0000-4000-8000-000000007001/matchups status=200 duration_ms=184 league_size=10
2026-07-19 17:59:45.000 UTC app/api: INFO request_id=req-002391 method=GET path=/api/league/00000000-0000-4000-8000-000000007001/matchups status=200 duration_ms=185 league_size=10
2026-07-19 17:59:46.500 UTC app/api: INFO request_id=req-002392 method=GET path=/api/league/00000000-0000-4000-8000-000000007001/matchups status=200 duration_ms=186 league_size=10
2026-07-19 17:59:48.000 UTC app/api: INFO request_id=req-002393 method=GET path=/api/league/00000000-0000-4000-8000-000000007001/matchups status=200 duration_ms=187 league_size=16
2026-07-19 17:59:49.500 UTC app/api: INFO request_id=req-002394 method=GET path=/api/league/00000000-0000-4000-8000-000000007001/matchups status=200 duration_ms=188 league_size=10
2026-07-19 17:59:51.000 UTC app/api: INFO request_id=req-002395 method=GET path=/api/league/00000000-0000-4000-8000-000000007001/matchups status=200 duration_ms=189 league_size=10
2026-07-19 17:59:52.500 UTC app/api: INFO request_id=req-002396 method=GET path=/api/league/00000000-0000-4000-8000-000000007001/matchups status=200 duration_ms=190 league_size=10
2026-07-19 17:59:54.000 UTC app/api: INFO request_id=req-002397 method=GET path=/api/league/00000000-0000-4000-8000-000000007001/matchups status=200 duration_ms=191 league_size=16
2026-07-19 17:59:55.500 UTC app/api: INFO request_id=req-002398 method=GET path=/api/league/00000000-0000-4000-8000-000000007001/matchups status=200 duration_ms=192 league_size=10
2026-07-19 17:59:57.000 UTC app/api: INFO request_id=req-002399 method=GET path=/api/league/00000000-0000-4000-8000-000000007001/matchups status=200 duration_ms=193 league_size=10
2026-07-19 17:59:58.500 UTC app/api: INFO request_id=req-002400 method=GET path=/api/league/00000000-0000-4000-8000-000000007001/matchups status=200 duration_ms=194 league_size=10
